software (3.12)	Ten cross-phase integration scenarios	﻿2026-10-08T18:44:41.2791337Z ##[group]Run python -m experiments.phase123_integration --seed 42 --output "$RUNNER_TEMP/smart-agriculture/phase123"
software (3.12)	Ten cross-phase integration scenarios	2026-10-08T18:44:41.2791976Z ^[[36;1mpython -m experiments.phase123_integration --seed 42 --output "$RUNNER_TEMP/smart-agriculture/phase123"^[[0m
software (3.12)	Ten cross-phase integration scenarios	2026-10-08T18:44:41.2848367Z shell: /usr/bin/bash -e {0}
software (3.12)	Ten cross-phase integration scenarios	2026-10-08T18:44:41.2848591Z env:
software (3.12)	Ten cross-phase integration scenarios	2026-10-08T18:44:41.2848807Z   pythonLocation: /opt/hostedtoolcache/Python/3.12.15/x64
software (3.12)	Ten cross-phase integration scenarios	2026-10-08T18:44:41.2849145Z   PKG_CONFIG_PATH: /opt/hostedtoolcache/Python/3.12.15/x64/lib/pkgconfig
software (3.12)	Ten cross-phase integration scenarios	2026-10-08T18:44:41.2849472Z   Python_ROOT_DIR: /opt/hostedtoolcache/Python/3.12.15/x64
software (3.12)	Ten cross-phase integration scenarios	2026-10-08T18:44:41.2849770Z   Python2_ROOT_DIR: /opt/hostedtoolcache/Python/3.12.15/x64
software (3.12)	Ten cross-phase integration scenarios	2026-10-08T18:44:41.2850068Z   Python3_ROOT_DIR: /opt/hostedtoolcache/Python/3.12.15/x64
software (3.12)	Ten cross-phase integration scenarios	2026-10-08T18:44:41.2850356Z   LD_LIBRARY_PATH: /opt/hostedtoolcache/Python/3.12.15/x64/lib
software (3.12)	Ten cross-phase integration scenarios	2026-10-08T18:44:41.2850607Z ##[endgroup]
software (3.12)	Ten cross-phase integration scenarios	2026-10-08T18:44:42.5610291Z stable-sleep PASS
software (3.12)	Ten cross-phase integration scenarios	2026-10-08T18:44:42.7636682Z 18:44:42 [SERVER] listening on 127.0.0.1:0 (sqlite: /home/runner/work/_temp/smart-agriculture/phase123/event-loss-ack/server.db)
software (3.12)	Ten cross-phase integration scenarios	2026-10-08T18:44:42.7676759Z 18:44:42 [A1] gateway started on 127.0.0.1:0 (sensor=B1, controller=C1, peer=A2, generation=1, role=ACTIVE)
software (3.12)	Ten cross-phase integration scenarios	2026-10-08T18:44:42.9124579Z 18:44:42 [A1] connected to server 127.0.0.1:37045
software (3.12)	Ten cross-phase integration scenarios	2026-10-08T18:44:42.9125100Z 18:44:42 [A1] offline queue empty
software (3.12)	Ten cross-phase integration scenarios	2026-10-08T18:44:42.9127816Z 18:44:42 [A1] B1 registered (owner=A1, generation=1)
software (3.12)	Ten cross-phase integration scenarios	2026-10-08T18:44:43.0148711Z 18:44:43 [A1] received SENSOR_DATA from B1
software (3.12)	Ten cross-phase integration scenarios	2026-10-08T18:44:43.1383992Z 18:44:43 [A1] edge decision = VENTILATION (temperature 32.5 > 32.0)
software (3.12)	Ten cross-phase integration scenarios	2026-10-08T18:44:43.2422720Z 18:44:43 [A1] awaiting server durable receipt, CONTROL_RESULT queued locally (depth=2)
software (3.12)	Ten cross-phase integration scenarios	2026-10-08T18:44:43.2526404Z 18:44:43 [SERVER] gateway A1 connected
software (3.12)	Ten cross-phase integration scenarios	2026-10-08T18:44:43.2528056Z 18:44:43 [SERVER] sensor data stored (B1 soil=None% temp=32.5C)
software (3.12)	Ten cross-phase integration scenarios	2026-10-08T18:44:43.2548041Z 18:44:43 [SERVER] control result stored (VENTILATION -> NOT_DISPATCHED, reason=CONTROLLER_UNAVAILABLE)
software (3.12)	Ten cross-phase integration scenarios	2026-10-08T18:44:43.2555744Z 18:44:43 [A1] offline queue empty
software (3.12)	Ten cross-phase integration scenarios	2026-10-08T18:44:43.2634741Z 18:44:43 [SERVER] gateway A1 disconnected
software (3.12)	Ten cross-phase integration scenarios	2026-10-08T18:44:43.2659852Z event-loss-ack PASS
software (3.12)	Ten cross-phase integration scenarios	2026-10-08T18:44:43.3931322Z 18:44:43 [SERVER] listening on 127.0.0.1:0 (sqlite: /home/runner/work/_temp/smart-agriculture/phase123/high-sleep-retry/server.db)
software (3.12)	Ten cross-phase integration scenarios	2026-10-08T18:44:43.3960902Z 18:44:43 [A1] gateway started on 127.0.0.1:0 (sensor=B1, controller=C1, peer=A2, generation=1, role=ACTIVE)
software (3.12)	Ten cross-phase integration scenarios	2026-10-08T18:44:43.4007901Z 18:44:43 [A1] connected to server 127.0.0.1:46563
software (3.12)	Ten cross-phase integration scenarios	2026-10-08T18:44:43.4008347Z 18:44:43 [A1] offline queue empty
software (3.12)	Ten cross-phase integration scenarios	2026-10-08T18:44:43.4008934Z 18:44:43 [A1] B1 registered (owner=A1, generation=1)
software (3.12)	Ten cross-phase integration scenarios	2026-10-08T18:44:43.4017035Z 18:44:43 [A1] received SENSOR_DATA from B1
software (3.12)	Ten cross-phase integration scenarios	2026-10-08T18:44:43.4031520Z 18:44:43 [A1] edge decision = VENTILATION (temperature 32.5 > 32.0)
software (3.12)	Ten cross-phase integration scenarios	2026-10-08T18:44:43.4044327Z 18:44:43 [A1] awaiting server durable receipt, CONTROL_RESULT queued locally (depth=2)
software (3.12)	Ten cross-phase integration scenarios	2026-10-08T18:44:43.4045066Z 18:44:43 [SERVER] gateway A1 connected
software (3.12)	Ten cross-phase integration scenarios	2026-10-08T18:44:43.4047168Z 18:44:43 [SERVER] sensor data stored (B1 soil=None% temp=32.5C)
software (3.12)	Ten cross-phase integration scenarios	2026-10-08T18:44:43.4059274Z 18:44:43 [SERVER] control result stored (VENTILATION -> NOT_DISPATCHED, reason=CONTROLLER_UNAVAILABLE)
software (3.12)	Ten cross-phase integration scenarios	2026-10-08T18:44:43.4065942Z 18:44:43 [A1] offline queue empty
software (3.12)	Ten cross-phase integration scenarios	2026-10-08T18:44:43.5123498Z 18:44:43 [A1] B1 registered (owner=A1, generation=1)
software (3.12)	Ten cross-phase integration scenarios	2026-10-08T18:44:43.5132144Z 18:44:43 [A1] received SENSOR_DATA from B1
software (3.12)	Ten cross-phase integration scenarios	2026-10-08T18:44:43.5135652Z 18:44:43 [A1] offline queue empty
software (3.12)	Ten cross-phase integration scenarios	2026-10-08T18:44:43.5252427Z 18:44:43 [SERVER] gateway A1 disconnected
software (3.12)	Ten cross-phase integration scenarios	2026-10-08T18:44:43.5981281Z high-sleep-retry PASS
software (3.12)	Ten cross-phase integration scenarios	2026-10-08T18:44:43.7229249Z 18:44:43 [SERVER] listening on 127.0.0.1:57957 (sqlite: /home/runner/work/_temp/smart-agriculture/phase123/failover-freshness/server.db)
software (3.12)	Ten cross-phase integration scenarios	2026-10-08T18:44:43.7257420Z 18:44:43 [A1] gateway started on 127.0.0.1:51775 (sensor=B1, controller=C1, peer=A2, generation=1, role=ACTIVE)
software (3.12)	Ten cross-phase integration scenarios	2026-10-08T18:44:43.7322138Z 18:44:43 [A2] gateway started on 127.0.0.1:58887 (sensor=B2, controller=C2, peer=A1, generation=1, role=ACTIVE)
software (3.12)	Ten cross-phase integration scenarios	2026-10-08T18:44:43.7326463Z 18:44:43 [A1] connected to server 127.0.0.1:57957
software (3.12)	Ten cross-phase integration scenarios	2026-10-08T18:44:43.7327058Z 18:44:43 [A1] offline queue empty
software (3.12)	Ten cross-phase integration scenarios	2026-10-08T18:44:43.9058851Z 18:44:43 [A2] connected to server 127.0.0.1:57957
software (3.12)	Ten cross-phase integration scenarios	2026-10-08T18:44:43.9063329Z 18:44:43 [A2] offline queue empty
software (3.12)	Ten cross-phase integration scenarios	2026-10-08T18:44:43.9077620Z 18:44:43 [A2] peer link established with A1
software (3.12)	Ten cross-phase integration scenarios	2026-10-08T18:44:43.9083100Z 18:44:43 [A2] heartbeat -> A1
software (3.12)	Ten cross-phase integration scenarios	2026-10-08T18:44:43.9098999Z 18:44:43 [SERVER] gateway A2 connected
software (3.12)	Ten cross-phase integration scenarios	2026-10-08T18:44:43.9106357Z 18:44:43 [A1] peer link established with A2
software (3.12)	Ten cross-phase integration scenarios	2026-10-08T18:44:43.9106757Z 18:44:43 [A1] A2 is online
software (3.12)	Ten cross-phase integration scenarios	2026-10-08T18:44:43.9111642Z 18:44:43 [A1] heartbeat -> A2
software (3.12)	Ten cross-phase integration scenarios	2026-10-08T18:44:43.9129462Z 18:44:43 [SERVER] gateway A1 connected
software (3.12)	Ten cross-phase integration scenarios	2026-10-08T18:44:43.9175046Z 18:44:43 [A2] A1 is online
software (3.12)	Ten cross-phase integration scenarios	2026-10-08T18:44:43.9197440Z 18:44:43 [C1] connected to gateway A1 (127.0.0.1)
software (3.12)	Ten cross-phase integration scenarios	2026-10-08T18:44:43.9199846Z 18:44:43 [C1] NODE_REGISTER sent to A1 (attempt 1)
software (3.12)	Ten cross-phase integration scenarios	2026-10-08T18:44:43.9200313Z 18:44:43 [C2] connected to gateway A2 (127.0.0.1)
software (3.12)	Ten cross-phase integration scenarios	2026-10-08T18:44:43.9202159Z 18:44:43 [C2] NODE_REGISTER sent to A2 (attempt 1)
software (3.12)	Ten cross-phase integration scenarios	2026-10-08T18:44:43.9202697Z 18:44:43 [B1] connected to gateway A1 (127.0.0.1)
software (3.12)	Ten cross-phase integration scenarios	2026-10-08T18:44:43.9203951Z 18:44:43 [B1] NODE_REGISTER sent to A1 (attempt 1)
software (3.12)	Ten cross-phase integration scenarios	2026-10-08T18:44:43.9204321Z 18:44:43 [B2] connected to gateway A2 (127.0.0.1)
software (3.12)	Ten cross-phase integration scenarios	2026-10-08T18:44:43.9206265Z 18:44:43 [B2] NODE_REGISTER sent to A2 (attempt 1)
software (3.12)	Ten cross-phase integration scenarios	2026-10-08T18:44:43.9207536Z 18:44:43 [A1] C1 registered (owner=A1, generation=1)
software (3.12)	Ten cross-phase integration scenarios	2026-10-08T18:44:43.9210267Z 18:44:43 [A2] C2 registered (owner=A2, generation=1)
software (3.12)	Ten cross-phase integration scenarios	2026-10-08T18:44:43.9212694Z 18:44:43 [A1] B1 registered (owner=A1, generation=1)
software (3.12)	Ten cross-phase integration scenarios	2026-10-08T18:44:43.9215091Z 18:44:43 [A2] B2 registered (owner=A2, generation=1)
software (3.12)	Ten cross-phase integration scenarios	2026-10-08T18:44:43.9218195Z 18:44:43 [C1] registered with A1 (generation=1)
software (3.12)	Ten cross-phase integration scenarios	2026-10-08T18:44:43.9218785Z 18:44:43 [C2] registered with A2 (generation=1)
software (3.12)	Ten cross-phase integration scenarios	2026-10-08T18:44:43.9219602Z 18:44:43 [B1] registered with A1 (generation=1)
software (3.12)	Ten cross-phase integration scenarios	2026-10-08T18:44:43.9220185Z 18:44:43 [B2] registered with A2 (generation=1)
software (3.12)	Ten cross-phase integration scenarios	2026-10-08T18:44:43.9221311Z 18:44:43 [B1] sample #1 soil moisture = 9.9% (temp=25.2C, hum=56.2%, light=733.6)
software (3.12)	Ten cross-phase integration scenarios	2026-10-08T18:44:43.9230618Z 18:44:43 [B1] next sampling interval = 0.2s
software (3.12)	Ten cross-phase integration scenarios	2026-10-08T18:44:43.9231181Z 18:44:43 [B2] sample #1 soil moisture = 49.9% (temp=35.4C, hum=61.6%, light=791.0)
software (3.12)	Ten cross-phase integration scenarios	2026-10-08T18:44:43.9236479Z 18:44:43 [B2] next sampling interval = 0.2s
software (3.12)	Ten cross-phase integration scenarios	2026-10-08T18:44:43.9239111Z 18:44:43 [A1] received SENSOR_DATA from B1
software (3.12)	Ten cross-phase integration scenarios	2026-10-08T18:44:43.9239618Z 18:44:43 [A1] edge decision = IRRIGATION (soil_moisture 9.9 < 25.0)
software (3.12)	Ten cross-phase integration scenarios	2026-10-08T18:44:43.9240110Z 18:44:43 [A2] received SENSOR_DATA from B2
software (3.12)	Ten cross-phase integration scenarios	2026-10-08T18:44:43.9240897Z 18:44:43 [A2] edge decision = VENTILATION (temperature 35.4 > 32.0)
software (3.12)	Ten cross-phase integration scenarios	2026-10-08T18:44:44.0572306Z 18:44:44 [A1] awaiting server durable receipt, SENSOR_DATA queued locally (depth=1)
software (3.12)	Ten cross-phase integration scenarios	2026-10-08T18:44:44.0576734Z 18:44:44 [A1] command sent to C1 (IRRIGATION 10s, command_id=358550731360, generation=1)
software (3.12)	Ten cross-phase integration scenarios	2026-10-08T18:44:44.0582802Z 18:44:44 [A2] awaiting server durable receipt, SENSOR_DATA queued locally (depth=1)
software (3.12)	Ten cross-phase integration scenarios	2026-10-08T18:44:44.0585717Z 18:44:44 [A2] command sent to C2 (VENTILATION 5s, command_id=489831dd4000, generation=1)
software (3.12)	Ten cross-phase integration scenarios	2026-10-08T18:44:44.0595942Z 18:44:44 [A1] awaiting server durable receipt, CONTROL_COMMAND queued locally (depth=2)
software (3.12)	Ten cross-phase integration scenarios	2026-10-08T18:44:44.0614570Z 18:44:44 [A2] awaiting server durable receipt, CONTROL_COMMAND queued locally (depth=2)
software (3.12)	Ten cross-phase integration scenarios	2026-10-08T18:44:44.0615670Z 18:44:44 [C1] IRRIGATION command received (command_id=358550731360, duration=10s, generation=1)
software (3.12)	Ten cross-phase integration scenarios	2026-10-08T18:44:44.0617997Z 18:44:44 [C1] ACK sent (command_id=358550731360)
software (3.12)	Ten cross-phase integration scenarios	2026-10-08T18:44:44.0618595Z 18:44:44 [C1] safety check passed
software (3.12)	Ten cross-phase integration scenarios	2026-10-08T18:44:44.0619354Z 18:44:44 [C2] VENTILATION command received (command_id=489831dd4000, duration=5s, generation=1)
software (3.12)	Ten cross-phase integration scenarios	2026-10-08T18:44:44.0621086Z 18:44:44 [C2] ACK sent (command_id=489831dd4000)
software (3.12)	Ten cross-phase integration scenarios	2026-10-08T18:44:44.0621457Z 18:44:44 [C2] safety check passed
software (3.12)	Ten cross-phase integration scenarios	2026-10-08T18:44:44.0626752Z 18:44:44 [A2] heartbeat -> A1
software (3.12)	Ten cross-phase integration scenarios	2026-10-08T18:44:44.0632107Z 18:44:44 [A1] heartbeat -> A2
software (3.12)	Ten cross-phase integration scenarios	2026-10-08T18:44:44.0639570Z 18:44:44 [SERVER] sensor data stored (B1 soil=9.9% temp=25.2C)
software (3.12)	Ten cross-phase integration scenarios	2026-10-08T18:44:44.0645242Z 18:44:44 [SERVER] sensor data stored (B2 soil=49.9% temp=35.4C)
software (3.12)	Ten cross-phase integration scenarios	2026-10-08T18:44:44.0664290Z 18:44:44 [A1] ACK received (message_id=358550731360)
software (3.12)	Ten cross-phase integration scenarios	2026-10-08T18:44:44.0664743Z 18:44:44 [A2] ACK received (message_id=489831dd4000)
software (3.12)	Ten cross-phase integration scenarios	2026-10-08T18:44:44.1239041Z 18:44:44 [C1] irrigation executed
software (3.12)	Ten cross-phase integration scenarios	2026-10-08T18:44:44.1241897Z 18:44:44 [C1] CONTROL_RESULT sent to A1
software (3.12)	Ten cross-phase integration scenarios	2026-10-08T18:44:44.1242245Z 18:44:44 [C2] ventilation executed
software (3.12)	Ten cross-phase integration scenarios	2026-10-08T18:44:44.1245750Z 18:44:44 [C2] CONTROL_RESULT sent to A2
software (3.12)	Ten cross-phase integration scenarios	2026-10-08T18:44:44.1253823Z 18:44:44 [B1] sample #2 soil moisture = 10.1% (temp=25.5C, hum=57.6%, light=634.4)
software (3.12)	Ten cross-phase integration scenarios	2026-10-08T18:44:44.1260653Z 18:44:44 [B1] next sampling interval = 0.1s
software (3.12)	Ten cross-phase integration scenarios	2026-10-08T18:44:44.1261209Z 18:44:44 [B2] sample #2 soil moisture = 49.9% (temp=35.7C, hum=63.9%, light=790.6)
software (3.12)	Ten cross-phase integration scenarios	2026-10-08T18:44:44.1266786Z 18:44:44 [B2] next sampling interval = 0.1s
software (3.12)	Ten cross-phase integration scenarios	2026-10-08T18:44:44.1282312Z 18:44:44 [A1] awaiting server durable receipt, CONTROL_RESULT queued locally (depth=2)
software (3.12)	Ten cross-phase integration scenarios	2026-10-08T18:44:44.1286019Z 18:44:44 [A2] awaiting server durable receipt, CONTROL_RESULT queued locally (depth=2)
software (3.12)	Ten cross-phase integration scenarios	2026-10-08T18:44:44.1288349Z 18:44:44 [A1] received SENSOR_DATA from B1
software (3.12)	Ten cross-phase integration scenarios	2026-10-08T18:44:44.1288988Z 18:44:44 [A1] edge decision = IRRIGATION (soil_moisture 10.1 < 25.0)
software (3.12)	Ten cross-phase integration scenarios	2026-10-08T18:44:44.1289500Z 18:44:44 [A2] received SENSOR_DATA from B2
software (3.12)	Ten cross-phase integration scenarios	2026-10-08T18:44:44.1289952Z 18:44:44 [A2] edge decision = VENTILATION (temperature 35.7 > 32.0)
software (3.12)	Ten cross-phase integration scenarios	2026-10-08T18:44:44.1295676Z 18:44:44 [A1] awaiting server durable receipt, SENSOR_DATA queued locally (depth=3)
software (3.12)	Ten cross-phase integration scenarios	2026-10-08T18:44:44.1298757Z 18:44:44 [A1] command sent to C1 (IRRIGATION 10s, command_id=050387bb444c, generation=1)
software (3.12)	Ten cross-phase integration scenarios	2026-10-08T18:44:44.1302741Z 18:44:44 [A2] awaiting server durable receipt, SENSOR_DATA queued locally (depth=3)
software (3.12)	Ten cross-phase integration scenarios	2026-10-08T18:44:44.1305575Z 18:44:44 [A2] command sent to C2 (VENTILATION 5s, command_id=e0a0b2a2437c, generation=1)
software (3.12)	Ten cross-phase integration scenarios	2026-10-08T18:44:44.1310210Z 18:44:44 [A1] awaiting server durable receipt, CONTROL_COMMAND queued locally (depth=4)
software (3.12)	Ten cross-phase integration scenarios	2026-10-08T18:44:44.1313770Z 18:44:44 [A2] awaiting server durable receipt, CONTROL_COMMAND queued locally (depth=4)
software (3.12)	Ten cross-phase integration scenarios	2026-10-08T18:44:44.2418559Z 18:44:44 [C1] IRRIGATION command received (command_id=050387bb444c, duration=10s, generation=1)
software (3.12)	Ten cross-phase integration scenarios	2026-10-08T18:44:44.2419636Z 18:44:44 [C1] ACK sent (command_id=050387bb444c)
software (3.12)	Ten cross-phase integration scenarios	2026-10-08T18:44:44.2420392Z 18:44:44 [C1] safety check passed
software (3.12)	Ten cross-phase integration scenarios	2026-10-08T18:44:44.2421248Z 18:44:44 [C2] VENTILATION command received (command_id=e0a0b2a2437c, duration=5s, generation=1)
software (3.12)	Ten cross-phase integration scenarios	2026-10-08T18:44:44.2434261Z 18:44:44 [C2] ACK sent (command_id=e0a0b2a2437c)
software (3.12)	Ten cross-phase integration scenarios	2026-10-08T18:44:44.2434603Z 18:44:44 [C2] safety check passed
software (3.12)	Ten cross-phase integration scenarios	2026-10-08T18:44:44.2440211Z 18:44:44 [A2] heartbeat -> A1
software (3.12)	Ten cross-phase integration scenarios	2026-10-08T18:44:44.2445525Z 18:44:44 [A1] heartbeat -> A2
software (3.12)	Ten cross-phase integration scenarios	2026-10-08T18:44:44.2449961Z 18:44:44 [B1] sample #3 soil moisture = 10.0% (temp=25.4C, hum=53.9%, light=635.7)
software (3.12)	Ten cross-phase integration scenarios	2026-10-08T18:44:44.2455659Z 18:44:44 [B1] next sampling interval = 0.1s
software (3.12)	Ten cross-phase integration scenarios	2026-10-08T18:44:44.2456209Z 18:44:44 [B2] sample #3 soil moisture = 49.8% (temp=35.1C, hum=63.4%, light=875.1)
software (3.12)	Ten cross-phase integration scenarios	2026-10-08T18:44:44.2457039Z 18:44:44 [B2] next sampling interval = 0.1s
software (3.12)	Ten cross-phase integration scenarios	2026-10-08T18:44:44.2460863Z 18:44:44 [SERVER] control result stored (IRRIGATION -> EXECUTED)
software (3.12)	Ten cross-phase integration scenarios	2026-10-08T18:44:44.2466145Z 18:44:44 [SERVER] control result stored (VENTILATION -> EXECUTED)
software (3.12)	Ten cross-phase integration scenarios	2026-10-08T18:44:44.3605032Z 18:44:44 [A1] ACK received (message_id=050387bb444c)
software (3.12)	Ten cross-phase integration scenarios	2026-10-08T18:44:44.3605529Z 18:44:44 [A2] ACK received (message_id=e0a0b2a2437c)
software (3.12)	Ten cross-phase integration scenarios	2026-10-08T18:44:44.3614330Z 18:44:44 [A1] received SENSOR_DATA from B1
software (3.12)	Ten cross-phase integration scenarios	2026-10-08T18:44:44.3614755Z 18:44:44 [A1] edge decision = IRRIGATION (soil_moisture 10.0 < 25.0)
software (3.12)	Ten cross-phase integration scenarios	2026-10-08T18:44:44.3682330Z 18:44:44 [C1] irrigation executed
software (3.12)	Ten cross-phase integration scenarios	2026-10-08T18:44:44.3691376Z 18:44:44 [C1] CONTROL_RESULT sent to A1
software (3.12)	Ten cross-phase integration scenarios	2026-10-08T18:44:44.3692292Z 18:44:44 [C2] ventilation executed
software (3.12)	Ten cross-phase integration scenarios	2026-10-08T18:44:44.3692621Z 18:44:44 [C2] CONTROL_RESULT sent to A2
software (3.12)	Ten cross-phase integration scenarios	2026-10-08T18:44:44.3693228Z 18:44:44 [A2] heartbeat -> A1
software (3.12)	Ten cross-phase integration scenarios	2026-10-08T18:44:44.3698592Z 18:44:44 [A1] heartbeat -> A2
software (3.12)	Ten cross-phase integration scenarios	2026-10-08T18:44:44.3702348Z 18:44:44 [B1] sample #4 soil moisture = 10.0% (temp=24.8C, hum=51.4%, light=646.5)
software (3.12)	Ten cross-phase integration scenarios	2026-10-08T18:44:44.3703980Z 18:44:44 [B1] next sampling interval = 0.1s
software (3.12)	Ten cross-phase integration scenarios	2026-10-08T18:44:44.3704449Z 18:44:44 [B2] sample #4 soil moisture = 49.8% (temp=35.1C, hum=65.4%, light=797.4)
software (3.12)	Ten cross-phase integration scenarios	2026-10-08T18:44:44.3705422Z 18:44:44 [B2] next sampling interval = 0.1s
software (3.12)	Ten cross-phase integration scenarios	2026-10-08T18:44:44.3713379Z 18:44:44 [A1] awaiting server durable receipt, SENSOR_DATA queued locally (depth=4)
software (3.12)	Ten cross-phase integration scenarios	2026-10-08T18:44:44.3716520Z 18:44:44 [A1] command sent to C1 (IRRIGATION 10s, command_id=84a5d20fb59a, generation=1)
software (3.12)	Ten cross-phase integration scenarios	2026-10-08T18:44:44.3724133Z 18:44:44 [A1] awaiting server durable receipt, CONTROL_COMMAND queued locally (depth=5)
software (3.12)	Ten cross-phase integration scenarios	2026-10-08T18:44:44.3752700Z 18:44:44 [C1] IRRIGATION command received (command_id=84a5d20fb59a, duration=10s, generation=1)
software (3.12)	Ten cross-phase integration scenarios	2026-10-08T18:44:44.3754282Z 18:44:44 [C1] ACK sent (command_id=84a5d20fb59a)
software (3.12)	Ten cross-phase integration scenarios	2026-10-08T18:44:44.3754848Z 18:44:44 [C1] safety check passed
software (3.12)	Ten cross-phase integration scenarios	2026-10-08T18:44:44.3763281Z 18:44:44 [A1] awaiting server durable receipt, CONTROL_RESULT queued locally (depth=5)
software (3.12)	Ten cross-phase integration scenarios	2026-10-08T18:44:44.3766684Z 18:44:44 [A2] awaiting server durable receipt, CONTROL_RESULT queued locally (depth=3)
software (3.12)	Ten cross-phase integration scenarios	2026-10-08T18:44:44.3769162Z 18:44:44 [SERVER] sensor data stored (B1 soil=10.1% temp=25.5C)
software (3.12)	Ten cross-phase integration scenarios	2026-10-08T18:44:44.3774859Z 18:44:44 [SERVER] sensor data stored (B2 soil=49.9% temp=35.7C)
software (3.12)	Ten cross-phase integration scenarios	2026-10-08T18:44:44.3779162Z 18:44:44 [A1] ACK received (message_id=84a5d20fb59a)
software (3.12)	Ten cross-phase integration scenarios	2026-10-08T18:44:44.3823277Z 18:44:44 [SERVER] sensor data stored (B1 soil=10.0% temp=25.4C)
software (3.12)	Ten cross-phase integration scenarios	2026-10-08T18:44:44.3828319Z 18:44:44 [SERVER] control result stored (VENTILATION -> EXECUTED)
software (3.12)	Ten cross-phase integration scenarios	2026-10-08T18:44:44.6144404Z 18:44:44 [C1] irrigation executed
software (3.12)	Ten cross-phase integration scenarios	2026-10-08T18:44:44.6146911Z 18:44:44 [C1] CONTROL_RESULT sent to A1
software (3.12)	Ten cross-phase integration scenarios	2026-10-08T18:44:44.6154005Z 18:44:44 [A2] heartbeat -> A1
software (3.12)	Ten cross-phase integration scenarios	2026-10-08T18:44:44.6159220Z 18:44:44 [A1] heartbeat -> A2
software (3.12)	Ten cross-phase integration scenarios	2026-10-08T18:44:44.6163001Z 18:44:44 [B1] sample #5 soil moisture = 10.1% (temp=24.5C, hum=52.2%, light=528.1)
software (3.12)	Ten cross-phase integration scenarios	2026-10-08T18:44:44.6164782Z 18:44:44 [B1] next sampling interval = 0.1s
software (3.12)	Ten cross-phase integration scenarios	2026-10-08T18:44:44.6165242Z 18:44:44 [B2] sample #5 soil moisture = 49.8% (temp=35.6C, hum=68.0%, light=700.4)
software (3.12)	Ten cross-phase integration scenarios	2026-10-08T18:44:44.6170669Z 18:44:44 [B2] next sampling interval = 0.1s
software (3.12)	Ten cross-phase integration scenarios	2026-10-08T18:44:44.6191368Z 18:44:44 [A2] offline queue empty
software (3.12)	Ten cross-phase integration scenarios	2026-10-08T18:44:44.6192026Z 18:44:44 [A2] received SENSOR_DATA from B2
software (3.12)	Ten cross-phase integration scenarios	2026-10-08T18:44:44.6192651Z 18:44:44 [A2] edge decision = VENTILATION (temperature 35.6 > 32.0)
software (3.12)	Ten cross-phase integration scenarios	2026-10-08T18:44:44.6219776Z 18:44:44 [A1] awaiting server durable receipt, CONTROL_RESULT queued locally (depth=3)
software (3.12)	Ten cross-phase integration scenarios	2026-10-08T18:44:44.6223525Z 18:44:44 [A2] awaiting server durable receipt, SENSOR_DATA queued locally (depth=1)
software (3.12)	Ten cross-phase integration scenarios	2026-10-08T18:44:44.6226276Z 18:44:44 [A2] command sent to C2 (VENTILATION 5s, command_id=d77fa2cd0ed7, generation=1)
software (3.12)	Ten cross-phase integration scenarios	2026-10-08T18:44:44.6234257Z 18:44:44 [A2] awaiting server durable receipt, CONTROL_COMMAND queued locally (depth=2)
software (3.12)	Ten cross-phase integration scenarios	2026-10-08T18:44:44.6239607Z 18:44:44 [C2] VENTILATION command received (command_id=d77fa2cd0ed7, duration=5s, generation=1)
software (3.12)	Ten cross-phase integration scenarios	2026-10-08T18:44:44.6241001Z 18:44:44 [C2] ACK sent (command_id=d77fa2cd0ed7)
software (3.12)	Ten cross-phase integration scenarios	2026-10-08T18:44:44.6241651Z 18:44:44 [C2] safety check passed
software (3.12)	Ten cross-phase integration scenarios	2026-10-08T18:44:44.6244266Z 18:44:44 [SERVER] sensor data stored (B2 soil=49.8% temp=35.6C)
software (3.12)	Ten cross-phase integration scenarios	2026-10-08T18:44:44.6248892Z 18:44:44 [A2] ACK received (message_id=d77fa2cd0ed7)
software (3.12)	Ten cross-phase integration scenarios	2026-10-08T18:44:44.6264108Z 18:44:44 [SERVER] control result stored (IRRIGATION -> EXECUTED)
software (3.12)	Ten cross-phase integration scenarios	2026-10-08T18:44:44.6283698Z 18:44:44 [A2] offline queue empty
software (3.12)	Ten cross-phase integration scenarios	2026-10-08T18:44:44.6284695Z 18:44:44 [SERVER] control result stored (IRRIGATION -> EXECUTED)
software (3.12)	Ten cross-phase integration scenarios	2026-10-08T18:44:44.6292275Z 18:44:44 [A1] offline queue empty
software (3.12)	Ten cross-phase integration scenarios	2026-10-08T18:44:44.6745749Z 18:44:44 [C2] ventilation executed
software (3.12)	Ten cross-phase integration scenarios	2026-10-08T18:44:44.6753769Z 18:44:44 [C2] CONTROL_RESULT sent to A2
software (3.12)	Ten cross-phase integration scenarios	2026-10-08T18:44:44.6765929Z 18:44:44 [A2] awaiting server durable receipt, CONTROL_RESULT queued locally (depth=1)
software (3.12)	Ten cross-phase integration scenarios	2026-10-08T18:44:44.6781215Z 18:44:44 [SERVER] control result stored (VENTILATION -> EXECUTED)
software (3.12)	Ten cross-phase integration scenarios	2026-10-08T18:44:44.6793356Z 18:44:44 [A2] offline queue empty
software (3.12)	Ten cross-phase integration scenarios	2026-10-08T18:44:44.7172591Z 18:44:44 [A2] heartbeat -> A1
software (3.12)	Ten cross-phase integration scenarios	2026-10-08T18:44:44.7177484Z 18:44:44 [A1] heartbeat -> A2
software (3.12)	Ten cross-phase integration scenarios	2026-10-08T18:44:44.7182366Z 18:44:44 [B1] sample #6 soil moisture = 10.1% (temp=24.8C, hum=53.7%, light=445.4)
software (3.12)	Ten cross-phase integration scenarios	2026-10-08T18:44:44.7184030Z 18:44:44 [B1] next sampling interval = 0.1s
software (3.12)	Ten cross-phase integration scenarios	2026-10-08T18:44:44.7192776Z 18:44:44 [B2] sample #6 soil moisture = 49.9% (temp=35.6C, hum=67.9%, light=723.7)
software (3.12)	Ten cross-phase integration scenarios	2026-10-08T18:44:44.7193994Z 18:44:44 [B2] next sampling interval = 0.1s
software (3.12)	Ten cross-phase integration scenarios	2026-10-08T18:44:44.7208068Z 18:44:44 [SERVER] gateway A1 disconnected
software (3.12)	Ten cross-phase integration scenarios	2026-10-08T18:44:44.7229293Z 18:44:44 [C1] connected to gateway A2 (127.0.0.1)
software (3.12)	Ten cross-phase integration scenarios	2026-10-08T18:44:44.7231164Z 18:44:44 [C1] NODE_REGISTER sent to A2 (attempt 1)
software (3.12)	Ten cross-phase integration scenarios	2026-10-08T18:44:44.7232640Z 18:44:44 [B1] connected to gateway A2 (127.0.0.1)
software (3.12)	Ten cross-phase integration scenarios	2026-10-08T18:44:44.7234598Z 18:44:44 [B1] NODE_REGISTER sent to A2 (attempt 1)
software (3.12)	Ten cross-phase integration scenarios	2026-10-08T18:44:44.7263205Z 18:44:44 [SERVER] SERVER_POLICY v1 pushed to A2
software (3.12)	Ten cross-phase integration scenarios	2026-10-08T18:44:44.7274024Z 18:44:44 [A2] SERVER_POLICY v1 applied (soil<25.0 -> 10s, temp>32.0 -> 5s)
software (3.12)	Ten cross-phase integration scenarios	2026-10-08T18:44:44.7274594Z 18:44:44 [A2] edge autonomy intact: policy is advisory, control stays local
software (3.12)	Ten cross-phase integration scenarios	2026-10-08T18:44:44.8182854Z 18:44:44 [A2] heartbeat -> A1
software (3.12)	Ten cross-phase integration scenarios	2026-10-08T18:44:44.8262430Z 18:44:44 [B2] sample #7 soil moisture = 49.8% (temp=35.6C, hum=68.5%, light=615.5)
software (3.12)	Ten cross-phase integration scenarios	2026-10-08T18:44:44.8264120Z 18:44:44 [B2] next sampling interval = 0.1s
software (3.12)	Ten cross-phase integration scenarios	2026-10-08T18:44:44.9197689Z 18:44:44 [A2] heartbeat to A1 failed, reconnecting
software (3.12)	Ten cross-phase integration scenarios	2026-10-08T18:44:45.1591971Z 18:44:45 [B2] sample #8 soil moisture = 49.9% (temp=35.0C, hum=72.1%, light=566.6)
software (3.12)	Ten cross-phase integration scenarios	2026-10-08T18:44:45.1598754Z 18:44:45 [B2] next sampling interval = 0.1s
software (3.12)	Ten cross-phase integration scenarios	2026-10-08T18:44:45.1609055Z 18:44:45 [A2] received SENSOR_DATA from B2
software (3.12)	Ten cross-phase integration scenarios	2026-10-08T18:44:45.1609515Z 18:44:45 [A2] edge decision = VENTILATION (temperature 35.0 > 32.0)
software (3.12)	Ten cross-phase integration scenarios	2026-10-08T18:44:45.1615042Z 18:44:45 [A2] awaiting server durable receipt, SENSOR_DATA queued locally (depth=1)
software (3.12)	Ten cross-phase integration scenarios	2026-10-08T18:44:45.1618445Z 18:44:45 [A2] command sent to C2 (VENTILATION 5s, command_id=8faaa6aff699, generation=1)
software (3.12)	Ten cross-phase integration scenarios	2026-10-08T18:44:45.1628274Z 18:44:45 [A2] awaiting server durable receipt, CONTROL_COMMAND queued locally (depth=2)
software (3.12)	Ten cross-phase integration scenarios	2026-10-08T18:44:45.1635771Z 18:44:45 [SERVER] sensor data stored (B2 soil=49.9% temp=35.0C)
software (3.12)	Ten cross-phase integration scenarios	2026-10-08T18:44:45.1640176Z 18:44:45 [C1] connected to gateway A2 (127.0.0.1)
software (3.12)	Ten cross-phase integration scenarios	2026-10-08T18:44:45.1642012Z 18:44:45 [C1] NODE_REGISTER sent to A2 (attempt 1)
software (3.12)	Ten cross-phase integration scenarios	2026-10-08T18:44:45.1642395Z 18:44:45 [B1] connected to gateway A2 (127.0.0.1)
software (3.12)	Ten cross-phase integration scenarios	2026-10-08T18:44:45.1643992Z 18:44:45 [B1] NODE_REGISTER sent to A2 (attempt 1)
software (3.12)	Ten cross-phase integration scenarios	2026-10-08T18:44:45.1644619Z 18:44:45 [C2] VENTILATION command received (command_id=8faaa6aff699, duration=5s, generation=1)
software (3.12)	Ten cross-phase integration scenarios	2026-10-08T18:44:45.1645970Z 18:44:45 [C2] ACK sent (command_id=8faaa6aff699)
software (3.12)	Ten cross-phase integration scenarios	2026-10-08T18:44:45.1646713Z 18:44:45 [C2] safety check passed
software (3.12)	Ten cross-phase integration scenarios	2026-10-08T18:44:45.1651828Z 18:44:45 [A2] ACK received (message_id=8faaa6aff699)
software (3.12)	Ten cross-phase integration scenarios	2026-10-08T18:44:45.1670737Z 18:44:45 [A2] offline queue empty
software (3.12)	Ten cross-phase integration scenarios	2026-10-08T18:44:45.2158408Z 18:44:45 [C2] ventilation executed
software (3.12)	Ten cross-phase integration scenarios	2026-10-08T18:44:45.2162069Z 18:44:45 [C2] CONTROL_RESULT sent to A2
software (3.12)	Ten cross-phase integration scenarios	2026-10-08T18:44:45.2168595Z 18:44:45 [A2] awaiting server durable receipt, CONTROL_RESULT queued locally (depth=1)
software (3.12)	Ten cross-phase integration scenarios	2026-10-08T18:44:45.2174382Z 18:44:45 [SERVER] control result stored (VENTILATION -> EXECUTED)
software (3.12)	Ten cross-phase integration scenarios	2026-10-08T18:44:45.2182583Z 18:44:45 [A2] offline queue empty
software (3.12)	Ten cross-phase integration scenarios	2026-10-08T18:44:45.2265437Z 18:44:45 [SERVER] SERVER_POLICY v1 pushed to A2
software (3.12)	Ten cross-phase integration scenarios	2026-10-08T18:44:45.2267021Z 18:44:45 [A2] SERVER_POLICY v1 ignored (already at v1)
software (3.12)	Ten cross-phase integration scenarios	2026-10-08T18:44:45.2604475Z 18:44:45 [B2] sample #9 soil moisture = 49.8% (temp=35.5C, hum=72.3%, light=651.9)
software (3.12)	Ten cross-phase integration scenarios	2026-10-08T18:44:45.2605607Z 18:44:45 [B2] next sampling interval = 0.1s
software (3.12)	Ten cross-phase integration scenarios	2026-10-08T18:44:45.3615740Z 18:44:45 [B2] sample #10 soil moisture = 49.9% (temp=35.6C, hum=75.7%, light=554.5)
software (3.12)	Ten cross-phase integration scenarios	2026-10-08T18:44:45.3616793Z 18:44:45 [B2] next sampling interval = 0.1s
software (3.12)	Ten cross-phase integration scenarios	2026-10-08T18:44:45.3623488Z 18:44:45 [A2] FAILOVER A1 -> OFFLINE
software (3.12)	Ten cross-phase integration scenarios	2026-10-08T18:44:45.3623808Z 18:44:45 [A2] taking ownership of B1
software (3.12)	Ten cross-phase integration scenarios	2026-10-08T18:44:45.3624125Z 18:44:45 [A2] taking ownership of C1
software (3.12)	Ten cross-phase integration scenarios	2026-10-08T18:44:45.3624458Z 18:44:45 [A2] ownership generation = 1 -> 2
software (3.12)	Ten cross-phase integration scenarios	2026-10-08T18:44:45.6345451Z 18:44:45 [A2] awaiting server durable receipt, ALERT queued locally (depth=1)
software (3.12)	Ten cross-phase integration scenarios	2026-10-08T18:44:45.6363643Z 18:44:45 [SERVER] alert stored (GATEWAY_FAILOVER: takeover from A1)
software (3.12)	Ten cross-phase integration scenarios	2026-10-08T18:44:45.6367761Z 18:44:45 [C2] owner_gateway = A2 (generation=2)
software (3.12)	Ten cross-phase integration scenarios	2026-10-08T18:44:45.6368145Z 18:44:45 [B2] owner_gateway=A2 generation=2
software (3.12)	Ten cross-phase integration scenarios	2026-10-08T18:44:45.6371493Z 18:44:45 [B2] sample #11 soil moisture = 50.0% (temp=35.8C, hum=78.0%, light=514.0)
software (3.12)	Ten cross-phase integration scenarios	2026-10-08T18:44:45.6377994Z 18:44:45 [B2] next sampling interval = 0.1s
software (3.12)	Ten cross-phase integration scenarios	2026-10-08T18:44:45.6386307Z 18:44:45 [A2] received SENSOR_DATA from B2
software (3.12)	Ten cross-phase integration scenarios	2026-10-08T18:44:45.6386774Z 18:44:45 [A2] edge decision = VENTILATION (temperature 35.8 > 32.0)
software (3.12)	Ten cross-phase integration scenarios	2026-10-08T18:44:45.6392167Z 18:44:45 [A2] awaiting server durable receipt, SENSOR_DATA queued locally (depth=2)
software (3.12)	Ten cross-phase integration scenarios	2026-10-08T18:44:45.6399065Z 18:44:45 [A2] command sent to C2 (VENTILATION 5s, command_id=db3faa83ef87, generation=2)
software (3.12)	Ten cross-phase integration scenarios	2026-10-08T18:44:45.6408501Z 18:44:45 [A2] awaiting server durable receipt, CONTROL_COMMAND queued locally (depth=2)
software (3.12)	Ten cross-phase integration scenarios	2026-10-08T18:44:45.6414206Z 18:44:45 [C1] connected to gateway A2 (127.0.0.1)
software (3.12)	Ten cross-phase integration scenarios	2026-10-08T18:44:45.6416119Z 18:44:45 [C1] NODE_REGISTER sent to A2 (attempt 1)
software (3.12)	Ten cross-phase integration scenarios	2026-10-08T18:44:45.6416604Z 18:44:45 [B1] connected to gateway A2 (127.0.0.1)
software (3.12)	Ten cross-phase integration scenarios	2026-10-08T18:44:45.6418441Z 18:44:45 [B1] NODE_REGISTER sent to A2 (attempt 1)
software (3.12)	Ten cross-phase integration scenarios	2026-10-08T18:44:45.6419047Z 18:44:45 [C2] VENTILATION command received (command_id=db3faa83ef87, duration=5s, generation=2)
software (3.12)	Ten cross-phase integration scenarios	2026-10-08T18:44:45.6420319Z 18:44:45 [C2] ACK sent (command_id=db3faa83ef87)
software (3.12)	Ten cross-phase integration scenarios	2026-10-08T18:44:45.6421186Z 18:44:45 [C2] safety check passed
software (3.12)	Ten cross-phase integration scenarios	2026-10-08T18:44:45.6424790Z 18:44:45 [SERVER] sensor data stored (B2 soil=50.0% temp=35.8C)
software (3.12)	Ten cross-phase integration scenarios	2026-10-08T18:44:45.6429513Z 18:44:45 [A2] C1 registered (owner=A2, generation=2)
software (3.12)	Ten cross-phase integration scenarios	2026-10-08T18:44:45.6431733Z 18:44:45 [A2] B1 registered (owner=A2, generation=2)
software (3.12)	Ten cross-phase integration scenarios	2026-10-08T18:44:45.6433780Z 18:44:45 [A2] ACK received (message_id=db3faa83ef87)
software (3.12)	Ten cross-phase integration scenarios	2026-10-08T18:44:45.6434653Z 18:44:45 [C1] registered with A2 (generation=2)
software (3.12)	Ten cross-phase integration scenarios	2026-10-08T18:44:45.6435107Z 18:44:45 [B1] registered with A2 (generation=2)
software (3.12)	Ten cross-phase integration scenarios	2026-10-08T18:44:45.6439581Z 18:44:45 [B1] sample #7 soil moisture = 9.9% (temp=25.4C, hum=52.4%, light=348.6)
software (3.12)	Ten cross-phase integration scenarios	2026-10-08T18:44:45.6445497Z 18:44:45 [B1] next sampling interval = 0.1s
software (3.12)	Ten cross-phase integration scenarios	2026-10-08T18:44:45.6451176Z 18:44:45 [A2] received SENSOR_DATA from B1
software (3.12)	Ten cross-phase integration scenarios	2026-10-08T18:44:45.6451886Z 18:44:45 [A2] edge decision = IRRIGATION (soil_moisture 9.9 < 25.0)
software (3.12)	Ten cross-phase integration scenarios	2026-10-08T18:44:45.6460774Z 18:44:45 [A2] awaiting server durable receipt, SENSOR_DATA queued locally (depth=2)
software (3.12)	Ten cross-phase integration scenarios	2026-10-08T18:44:45.6463310Z 18:44:45 [A2] command sent to C1 (IRRIGATION 10s, command_id=74ad9098c406, generation=2)
software (3.12)	Ten cross-phase integration scenarios	2026-10-08T18:44:45.6467138Z 18:44:45 [A2] awaiting server durable receipt, CONTROL_COMMAND queued locally (depth=3)
software (3.12)	Ten cross-phase integration scenarios	2026-10-08T18:44:45.6468311Z 18:44:45 [C1] IRRIGATION command received (command_id=74ad9098c406, duration=10s, generation=2)
software (3.12)	Ten cross-phase integration scenarios	2026-10-08T18:44:45.6469873Z 18:44:45 [C1] ACK sent (command_id=74ad9098c406)
software (3.12)	Ten cross-phase integration scenarios	2026-10-08T18:44:45.6470444Z 18:44:45 [C1] safety check passed
software (3.12)	Ten cross-phase integration scenarios	2026-10-08T18:44:45.6479361Z 18:44:45 [A2] ACK received (message_id=74ad9098c406)
software (3.12)	Ten cross-phase integration scenarios	2026-10-08T18:44:45.6481839Z 18:44:45 [SERVER] sensor data stored (B1 soil=9.9% temp=25.4C)
software (3.12)	Ten cross-phase integration scenarios	2026-10-08T18:44:45.6502815Z 18:44:45 [A2] offline queue empty
software (3.12)	Ten cross-phase integration scenarios	2026-10-08T18:44:45.6925561Z 18:44:45 [C2] ventilation executed
software (3.12)	Ten cross-phase integration scenarios	2026-10-08T18:44:45.6929753Z 18:44:45 [C2] CONTROL_RESULT sent to A2
software (3.12)	Ten cross-phase integration scenarios	2026-10-08T18:44:45.6936526Z 18:44:45 [A2] awaiting server durable receipt, CONTROL_RESULT queued locally (depth=1)
software (3.12)	Ten cross-phase integration scenarios	2026-10-08T18:44:45.6942336Z 18:44:45 [SERVER] control result stored (VENTILATION -> EXECUTED)
software (3.12)	Ten cross-phase integration scenarios	2026-10-08T18:44:45.6950256Z 18:44:45 [A2] offline queue empty
software (3.12)	Ten cross-phase integration scenarios	2026-10-08T18:44:45.6981327Z 18:44:45 [C1] irrigation executed
software (3.12)	Ten cross-phase integration scenarios	2026-10-08T18:44:45.6984302Z 18:44:45 [C1] CONTROL_RESULT sent to A2
software (3.12)	Ten cross-phase integration scenarios	2026-10-08T18:44:45.6984826Z 18:44:45 [C1] IRRIGATION command received (command_id=stale-probe, duration=1s, generation=1)
software (3.12)	Ten cross-phase integration scenarios	2026-10-08T18:44:45.6985437Z 18:44:45 [C1] IRRIGATION command rejected: STALE_GENERATION
software (3.12)	Ten cross-phase integration scenarios	2026-10-08T18:44:45.6985743Z 18:44:45 [C1] CONTROL_RESULT REJECTED
software (3.12)	Ten cross-phase integration scenarios	2026-10-08T18:44:45.6990137Z 18:44:45 [A2] awaiting server durable receipt, CONTROL_RESULT queued locally (depth=1)
software (3.12)	Ten cross-phase integration scenarios	2026-10-08T18:44:45.6995617Z 18:44:45 [SERVER] control result stored (IRRIGATION -> EXECUTED)
software (3.12)	Ten cross-phase integration scenarios	2026-10-08T18:44:45.7003545Z 18:44:45 [A2] offline queue empty
software (3.12)	Ten cross-phase integration scenarios	2026-10-08T18:44:45.7277106Z 18:44:45 [SERVER] SERVER_POLICY v1 pushed to A2
software (3.12)	Ten cross-phase integration scenarios	2026-10-08T18:44:45.7278605Z 18:44:45 [A2] SERVER_POLICY v1 ignored (already at v1)
software (3.12)	Ten cross-phase integration scenarios	2026-10-08T18:44:45.7381765Z 18:44:45 [B2] sample #12 soil moisture = 49.9% (temp=35.8C, hum=79.6%, light=597.6)
software (3.12)	Ten cross-phase integration scenarios	2026-10-08T18:44:45.7383418Z 18:44:45 [B2] next sampling interval = 0.1s
software (3.12)	Ten cross-phase integration scenarios	2026-10-08T18:44:45.7447852Z 18:44:45 [B1] sample #8 soil moisture = 10.0% (temp=25.8C, hum=53.3%, light=403.7)
software (3.12)	Ten cross-phase integration scenarios	2026-10-08T18:44:45.7448962Z 18:44:45 [B1] next sampling interval = 0.1s
software (3.12)	Ten cross-phase integration scenarios	2026-10-08T18:44:45.8386604Z 18:44:45 [B2] sample #13 soil moisture = 49.9% (temp=36.1C, hum=76.0%, light=566.0)
software (3.12)	Ten cross-phase integration scenarios	2026-10-08T18:44:45.8387549Z 18:44:45 [B2] next sampling interval = 0.1s
software (3.12)	Ten cross-phase integration scenarios	2026-10-08T18:44:45.8454673Z 18:44:45 [B1] sample #9 soil moisture = 10.0% (temp=25.8C, hum=57.0%, light=416.2)
software (3.12)	Ten cross-phase integration scenarios	2026-10-08T18:44:45.8461257Z 18:44:45 [B1] next sampling interval = 0.1s
software (3.12)	Ten cross-phase integration scenarios	2026-10-08T18:44:45.8464469Z 18:44:45 [A2] received SENSOR_DATA from B1
software (3.12)	Ten cross-phase integration scenarios	2026-10-08T18:44:45.8464911Z 18:44:45 [A2] edge decision = IRRIGATION (soil_moisture 10.0 < 25.0)
software (3.12)	Ten cross-phase integration scenarios	2026-10-08T18:44:46.1225992Z 18:44:46 [A2] awaiting server durable receipt, SENSOR_DATA queued locally (depth=1)
software (3.12)	Ten cross-phase integration scenarios	2026-10-08T18:44:46.1230506Z 18:44:46 [A2] command sent to C1 (IRRIGATION 10s, command_id=d2e09dec3195, generation=2)
software (3.12)	Ten cross-phase integration scenarios	2026-10-08T18:44:46.1240858Z 18:44:46 [A2] awaiting server durable receipt, CONTROL_COMMAND queued locally (depth=2)
software (3.12)	Ten cross-phase integration scenarios	2026-10-08T18:44:46.1242013Z 18:44:46 [C1] IRRIGATION command received (command_id=d2e09dec3195, duration=10s, generation=2)
software (3.12)	Ten cross-phase integration scenarios	2026-10-08T18:44:46.1244181Z 18:44:46 [C1] ACK sent (command_id=d2e09dec3195)
software (3.12)	Ten cross-phase integration scenarios	2026-10-08T18:44:46.1245196Z 18:44:46 [C1] safety check passed
software (3.12)	Ten cross-phase integration scenarios	2026-10-08T18:44:46.1245844Z 18:44:46 [B2] sample #14 soil moisture = 50.1% (temp=35.8C, hum=76.9%, light=578.4)
software (3.12)	Ten cross-phase integration scenarios	2026-10-08T18:44:46.1248490Z 18:44:46 [B2] next sampling interval = 0.1s
software (3.12)	Ten cross-phase integration scenarios	2026-10-08T18:44:46.1252909Z 18:44:46 [B1] sample #10 soil moisture = 10.1% (temp=26.2C, hum=58.0%, light=434.8)
software (3.12)	Ten cross-phase integration scenarios	2026-10-08T18:44:46.1254253Z 18:44:46 [B1] next sampling interval = 0.1s
software (3.12)	Ten cross-phase integration scenarios	2026-10-08T18:44:46.1259560Z 18:44:46 [SERVER] sensor data stored (B1 soil=10.0% temp=25.8C)
software (3.12)	Ten cross-phase integration scenarios	2026-10-08T18:44:46.1264334Z 18:44:46 [A2] ACK received (message_id=d2e09dec3195)
software (3.12)	Ten cross-phase integration scenarios	2026-10-08T18:44:46.1290977Z 18:44:46 [A2] offline queue empty
software (3.12)	Ten cross-phase integration scenarios	2026-10-08T18:44:46.1754542Z 18:44:46 [C1] irrigation executed
software (3.12)	Ten cross-phase integration scenarios	2026-10-08T18:44:46.1758716Z 18:44:46 [C1] CONTROL_RESULT sent to A2
software (3.12)	Ten cross-phase integration scenarios	2026-10-08T18:44:46.1765671Z 18:44:46 [A2] awaiting server durable receipt, CONTROL_RESULT queued locally (depth=1)
software (3.12)	Ten cross-phase integration scenarios	2026-10-08T18:44:46.1771616Z 18:44:46 [SERVER] control result stored (IRRIGATION -> EXECUTED)
software (3.12)	Ten cross-phase integration scenarios	2026-10-08T18:44:46.1785681Z 18:44:46 [A2] offline queue empty
software (3.12)	Ten cross-phase integration scenarios	2026-10-08T18:44:46.2259820Z 18:44:46 [B2] sample #15 soil moisture = 50.1% (temp=35.3C, hum=76.8%, light=687.7)
software (3.12)	Ten cross-phase integration scenarios	2026-10-08T18:44:46.2263049Z 18:44:46 [B2] next sampling interval = 0.1s
software (3.12)	Ten cross-phase integration scenarios	2026-10-08T18:44:46.2266482Z 18:44:46 [B1] sample #11 soil moisture = 10.0% (temp=26.5C, hum=54.4%, light=384.2)
software (3.12)	Ten cross-phase integration scenarios	2026-10-08T18:44:46.2268193Z 18:44:46 [B1] next sampling interval = 0.1s
software (3.12)	Ten cross-phase integration scenarios	2026-10-08T18:44:46.2283065Z 18:44:46 [SERVER] SERVER_POLICY v1 pushed to A2
software (3.12)	Ten cross-phase integration scenarios	2026-10-08T18:44:46.2284610Z 18:44:46 [A2] SERVER_POLICY v1 ignored (already at v1)
software (3.12)	Ten cross-phase integration scenarios	2026-10-08T18:44:46.3270633Z 18:44:46 [B2] sample #16 soil moisture = 50.3% (temp=35.6C, hum=73.2%, light=712.1)
software (3.12)	Ten cross-phase integration scenarios	2026-10-08T18:44:46.3277871Z 18:44:46 [B2] next sampling interval = 0.1s
software (3.12)	Ten cross-phase integration scenarios	2026-10-08T18:44:46.3281556Z 18:44:46 [B1] sample #12 soil moisture = 9.9% (temp=26.0C, hum=52.2%, light=331.0)
software (3.12)	Ten cross-phase integration scenarios	2026-10-08T18:44:46.3287556Z 18:44:46 [B1] next sampling interval = 0.1s
software (3.12)	Ten cross-phase integration scenarios	2026-10-08T18:44:46.3291696Z 18:44:46 [A2] received SENSOR_DATA from B2
software (3.12)	Ten cross-phase integration scenarios	2026-10-08T18:44:46.3292368Z 18:44:46 [A2] edge decision = VENTILATION (temperature 35.6 > 32.0)
software (3.12)	Ten cross-phase integration scenarios	2026-10-08T18:44:46.3298676Z 18:44:46 [A2] awaiting server durable receipt, SENSOR_DATA queued locally (depth=1)
software (3.12)	Ten cross-phase integration scenarios	2026-10-08T18:44:46.3301674Z 18:44:46 [A2] command sent to C2 (VENTILATION 5s, command_id=ede01e1961ff, generation=2)
software (3.12)	Ten cross-phase integration scenarios	2026-10-08T18:44:46.3312647Z 18:44:46 [A2] awaiting server durable receipt, CONTROL_COMMAND queued locally (depth=2)
software (3.12)	Ten cross-phase integration scenarios	2026-10-08T18:44:46.3313514Z 18:44:46 [A2] received SENSOR_DATA from B1
software (3.12)	Ten cross-phase integration scenarios	2026-10-08T18:44:46.3314053Z 18:44:46 [A2] edge decision = IRRIGATION (soil_moisture 9.9 < 25.0)
software (3.12)	Ten cross-phase integration scenarios	2026-10-08T18:44:46.3932220Z 18:44:46 [A2] awaiting server durable receipt, SENSOR_DATA queued locally (depth=3)
software (3.12)	Ten cross-phase integration scenarios	2026-10-08T18:44:46.3935530Z 18:44:46 [A2] command sent to C1 (IRRIGATION 10s, command_id=cec341c1c060, generation=2)
software (3.12)	Ten cross-phase integration scenarios	2026-10-08T18:44:46.3936466Z 18:44:46 [C2] VENTILATION command received (command_id=ede01e1961ff, duration=5s, generation=2)
software (3.12)	Ten cross-phase integration scenarios	2026-10-08T18:44:46.3938705Z 18:44:46 [C2] ACK sent (command_id=ede01e1961ff)
software (3.12)	Ten cross-phase integration scenarios	2026-10-08T18:44:46.3939849Z 18:44:46 [C2] safety check passed
software (3.12)	Ten cross-phase integration scenarios	2026-10-08T18:44:46.3946351Z 18:44:46 [A2] awaiting server durable receipt, CONTROL_COMMAND queued locally (depth=4)
software (3.12)	Ten cross-phase integration scenarios	2026-10-08T18:44:46.3949446Z 18:44:46 [SERVER] sensor data stored (B2 soil=50.3% temp=35.6C)
software (3.12)	Ten cross-phase integration scenarios	2026-10-08T18:44:46.3958989Z 18:44:46 [C1] IRRIGATION command received (command_id=cec341c1c060, duration=10s, generation=2)
software (3.12)	Ten cross-phase integration scenarios	2026-10-08T18:44:46.3960925Z 18:44:46 [C1] ACK sent (command_id=cec341c1c060)
software (3.12)	Ten cross-phase integration scenarios	2026-10-08T18:44:46.3961967Z 18:44:46 [C1] safety check passed
software (3.12)	Ten cross-phase integration scenarios	2026-10-08T18:44:46.3962762Z 18:44:46 [A2] ACK received (message_id=ede01e1961ff)
software (3.12)	Ten cross-phase integration scenarios	2026-10-08T18:44:46.3964404Z 18:44:46 [A2] ACK received (message_id=cec341c1c060)
software (3.12)	Ten cross-phase integration scenarios	2026-10-08T18:44:46.3989377Z 18:44:46 [SERVER] sensor data stored (B1 soil=9.9% temp=26.0C)
software (3.12)	Ten cross-phase integration scenarios	2026-10-08T18:44:46.4007969Z 18:44:46 [A2] offline queue empty
software (3.12)	Ten cross-phase integration scenarios	2026-10-08T18:44:46.4282014Z 18:44:46 [B2] sample #17 soil moisture = 50.2% (temp=35.1C, hum=70.2%, light=751.7)
software (3.12)	Ten cross-phase integration scenarios	2026-10-08T18:44:46.4283539Z 18:44:46 [B2] next sampling interval = 0.1s
software (3.12)	Ten cross-phase integration scenarios	2026-10-08T18:44:46.4288605Z 18:44:46 [B1] sample #13 soil moisture = 9.9% (temp=26.1C, hum=51.1%, light=261.2)
software (3.12)	Ten cross-phase integration scenarios	2026-10-08T18:44:46.4290304Z 18:44:46 [B1] next sampling interval = 0.1s
software (3.12)	Ten cross-phase integration scenarios	2026-10-08T18:44:46.4447609Z 18:44:46 [C2] ventilation executed
software (3.12)	Ten cross-phase integration scenarios	2026-10-08T18:44:46.4451642Z 18:44:46 [C2] CONTROL_RESULT sent to A2
software (3.12)	Ten cross-phase integration scenarios	2026-10-08T18:44:46.4457928Z 18:44:46 [A2] awaiting server durable receipt, CONTROL_RESULT queued locally (depth=1)
software (3.12)	Ten cross-phase integration scenarios	2026-10-08T18:44:46.4463997Z 18:44:46 [SERVER] control result stored (VENTILATION -> EXECUTED)
software (3.12)	Ten cross-phase integration scenarios	2026-10-08T18:44:46.4469127Z 18:44:46 [C1] irrigation executed
software (3.12)	Ten cross-phase integration scenarios	2026-10-08T18:44:46.4472548Z 18:44:46 [C1] CONTROL_RESULT sent to A2
software (3.12)	Ten cross-phase integration scenarios	2026-10-08T18:44:46.4481238Z 18:44:46 [A2] awaiting server durable receipt, CONTROL_RESULT queued locally (depth=1)
software (3.12)	Ten cross-phase integration scenarios	2026-10-08T18:44:46.4486415Z 18:44:46 [SERVER] control result stored (IRRIGATION -> EXECUTED)
software (3.12)	Ten cross-phase integration scenarios	2026-10-08T18:44:46.4495150Z 18:44:46 [A2] offline queue empty
software (3.12)	Ten cross-phase integration scenarios	2026-10-08T18:44:46.5291459Z 18:44:46 [B2] sample #18 soil moisture = 50.0% (temp=34.6C, hum=72.6%, light=760.1)
software (3.12)	Ten cross-phase integration scenarios	2026-10-08T18:44:46.5298940Z 18:44:46 [B2] next sampling interval = 0.1s
software (3.12)	Ten cross-phase integration scenarios	2026-10-08T18:44:46.5302385Z 18:44:46 [B1] sample #14 soil moisture = 9.9% (temp=25.8C, hum=54.6%, light=287.4)
software (3.12)	Ten cross-phase integration scenarios	2026-10-08T18:44:46.5303891Z 18:44:46 [B1] next sampling interval = 0.1s
software (3.12)	Ten cross-phase integration scenarios	2026-10-08T18:44:46.5306322Z 18:44:46 [A2] received SENSOR_DATA from B2
software (3.12)	Ten cross-phase integration scenarios	2026-10-08T18:44:46.5306838Z 18:44:46 [A2] edge decision = VENTILATION (temperature 34.6 > 32.0)
software (3.12)	Ten cross-phase integration scenarios	2026-10-08T18:44:46.5313242Z 18:44:46 [A2] awaiting server durable receipt, SENSOR_DATA queued locally (depth=1)
software (3.12)	Ten cross-phase integration scenarios	2026-10-08T18:44:46.5315875Z 18:44:46 [A2] command sent to C2 (VENTILATION 5s, command_id=4d97ac1a75aa, generation=2)
software (3.12)	Ten cross-phase integration scenarios	2026-10-08T18:44:46.5324696Z 18:44:46 [A2] awaiting server durable receipt, CONTROL_COMMAND queued locally (depth=2)
software (3.12)	Ten cross-phase integration scenarios	2026-10-08T18:44:46.5331693Z 18:44:46 [C2] VENTILATION command received (command_id=4d97ac1a75aa, duration=5s, generation=2)
software (3.12)	Ten cross-phase integration scenarios	2026-10-08T18:44:46.5332264Z 18:44:46 [C2] ACK sent (command_id=4d97ac1a75aa)
software (3.12)	Ten cross-phase integration scenarios	2026-10-08T18:44:46.5332553Z 18:44:46 [C2] safety check passed
software (3.12)	Ten cross-phase integration scenarios	2026-10-08T18:44:46.5332815Z 18:44:46 [SERVER] sensor data stored (B2 soil=50.0% temp=34.6C)
software (3.12)	Ten cross-phase integration scenarios	2026-10-08T18:44:46.5339062Z 18:44:46 [A2] ACK received (message_id=4d97ac1a75aa)
software (3.12)	Ten cross-phase integration scenarios	2026-10-08T18:44:46.5365366Z 18:44:46 [A2] offline queue empty
software (3.12)	Ten cross-phase integration scenarios	2026-10-08T18:44:46.5838586Z 18:44:46 [C2] ventilation executed
software (3.12)	Ten cross-phase integration scenarios	2026-10-08T18:44:46.5843390Z 18:44:46 [C2] CONTROL_RESULT sent to A2
software (3.12)	Ten cross-phase integration scenarios	2026-10-08T18:44:46.5850351Z 18:44:46 [A2] awaiting server durable receipt, CONTROL_RESULT queued locally (depth=1)
software (3.12)	Ten cross-phase integration scenarios	2026-10-08T18:44:46.5856231Z 18:44:46 [SERVER] control result stored (VENTILATION -> EXECUTED)
software (3.12)	Ten cross-phase integration scenarios	2026-10-08T18:44:46.5865571Z 18:44:46 [A2] offline queue empty
software (3.12)	Ten cross-phase integration scenarios	2026-10-08T18:44:46.6310178Z 18:44:46 [B2] sample #19 soil moisture = 49.9% (temp=34.6C, hum=68.9%, light=857.0)
software (3.12)	Ten cross-phase integration scenarios	2026-10-08T18:44:46.6311606Z 18:44:46 [B2] next sampling interval = 0.1s
software (3.12)	Ten cross-phase integration scenarios	2026-10-08T18:44:46.6315488Z 18:44:46 [B1] sample #15 soil moisture = 9.8% (temp=25.5C, hum=56.5%, light=258.5)
software (3.12)	Ten cross-phase integration scenarios	2026-10-08T18:44:46.6321648Z 18:44:46 [B1] next sampling interval = 0.1s
software (3.12)	Ten cross-phase integration scenarios	2026-10-08T18:44:46.6326052Z 18:44:46 [A2] received SENSOR_DATA from B1
software (3.12)	Ten cross-phase integration scenarios	2026-10-08T18:44:46.6326521Z 18:44:46 [A2] edge decision = IRRIGATION (soil_moisture 9.8 < 25.0)
software (3.12)	Ten cross-phase integration scenarios	2026-10-08T18:44:46.6332608Z 18:44:46 [A2] awaiting server durable receipt, SENSOR_DATA queued locally (depth=1)
software (3.12)	Ten cross-phase integration scenarios	2026-10-08T18:44:46.6335404Z 18:44:46 [A2] command sent to C1 (IRRIGATION 10s, command_id=e0b969ab4855, generation=2)
software (3.12)	Ten cross-phase integration scenarios	2026-10-08T18:44:46.6344262Z 18:44:46 [A2] awaiting server durable receipt, CONTROL_COMMAND queued locally (depth=2)
software (3.12)	Ten cross-phase integration scenarios	2026-10-08T18:44:46.6345171Z 18:44:46 [C1] IRRIGATION command received (command_id=e0b969ab4855, duration=10s, generation=2)
software (3.12)	Ten cross-phase integration scenarios	2026-10-08T18:44:46.6347347Z 18:44:46 [C1] ACK sent (command_id=e0b969ab4855)
software (3.12)	Ten cross-phase integration scenarios	2026-10-08T18:44:46.6348545Z 18:44:46 [C1] safety check passed
software (3.12)	Ten cross-phase integration scenarios	2026-10-08T18:44:46.6351694Z 18:44:46 [SERVER] sensor data stored (B1 soil=9.8% temp=25.5C)
software (3.12)	Ten cross-phase integration scenarios	2026-10-08T18:44:46.6358446Z 18:44:46 [A2] ACK received (message_id=e0b969ab4855)
software (3.12)	Ten cross-phase integration scenarios	2026-10-08T18:44:46.6381688Z 18:44:46 [A2] offline queue empty
software (3.12)	Ten cross-phase integration scenarios	2026-10-08T18:44:46.6856891Z 18:44:46 [C1] irrigation executed
software (3.12)	Ten cross-phase integration scenarios	2026-10-08T18:44:46.6861198Z 18:44:46 [C1] CONTROL_RESULT sent to A2
software (3.12)	Ten cross-phase integration scenarios	2026-10-08T18:44:46.6868879Z 18:44:46 [A2] awaiting server durable receipt, CONTROL_RESULT queued locally (depth=1)
software (3.12)	Ten cross-phase integration scenarios	2026-10-08T18:44:46.6875101Z 18:44:46 [SERVER] control result stored (IRRIGATION -> EXECUTED)
software (3.12)	Ten cross-phase integration scenarios	2026-10-08T18:44:46.6883083Z 18:44:46 [A2] offline queue empty
software (3.12)	Ten cross-phase integration scenarios	2026-10-08T18:44:46.7288922Z 18:44:46 [SERVER] SERVER_POLICY v1 pushed to A2
software (3.12)	Ten cross-phase integration scenarios	2026-10-08T18:44:46.7290736Z 18:44:46 [A2] SERVER_POLICY v1 ignored (already at v1)
software (3.12)	Ten cross-phase integration scenarios	2026-10-08T18:44:46.7323487Z 18:44:46 [B2] sample #20 soil moisture = 50.0% (temp=35.1C, hum=65.9%, light=974.4)
software (3.12)	Ten cross-phase integration scenarios	2026-10-08T18:44:46.7332063Z 18:44:46 [B2] next sampling interval = 0.1s
software (3.12)	Ten cross-phase integration scenarios	2026-10-08T18:44:46.7334620Z 18:44:46 [B1] sample #16 soil moisture = 9.8% (temp=26.0C, hum=57.6%, light=302.8)
software (3.12)	Ten cross-phase integration scenarios	2026-10-08T18:44:46.7336253Z 18:44:46 [B1] next sampling interval = 0.1s
software (3.12)	Ten cross-phase integration scenarios	2026-10-08T18:44:46.7340603Z 18:44:46 [A2] received SENSOR_DATA from B2
software (3.12)	Ten cross-phase integration scenarios	2026-10-08T18:44:46.7341070Z 18:44:46 [A2] edge decision = VENTILATION (temperature 35.1 > 32.0)
software (3.12)	Ten cross-phase integration scenarios	2026-10-08T18:44:46.7347466Z 18:44:46 [A2] awaiting server durable receipt, SENSOR_DATA queued locally (depth=1)
software (3.12)	Ten cross-phase integration scenarios	2026-10-08T18:44:46.7350418Z 18:44:46 [A2] command sent to C2 (VENTILATION 5s, command_id=dc6a5f937ab4, generation=2)
software (3.12)	Ten cross-phase integration scenarios	2026-10-08T18:44:46.7360203Z 18:44:46 [A2] awaiting server durable receipt, CONTROL_COMMAND queued locally (depth=2)
software (3.12)	Ten cross-phase integration scenarios	2026-10-08T18:44:46.7367369Z 18:44:46 [C2] VENTILATION command received (command_id=dc6a5f937ab4, duration=5s, generation=2)
software (3.12)	Ten cross-phase integration scenarios	2026-10-08T18:44:46.7367886Z 18:44:46 [C2] ACK sent (command_id=dc6a5f937ab4)
software (3.12)	Ten cross-phase integration scenarios	2026-10-08T18:44:46.7368328Z 18:44:46 [C2] safety check passed
software (3.12)	Ten cross-phase integration scenarios	2026-10-08T18:44:46.7368585Z 18:44:46 [SERVER] sensor data stored (B2 soil=50.0% temp=35.1C)
software (3.12)	Ten cross-phase integration scenarios	2026-10-08T18:44:46.7370837Z 18:44:46 [A2] ACK received (message_id=dc6a5f937ab4)
software (3.12)	Ten cross-phase integration scenarios	2026-10-08T18:44:46.7395262Z 18:44:46 [A2] offline queue empty
software (3.12)	Ten cross-phase integration scenarios	2026-10-08T18:44:46.7868325Z 18:44:46 [C2] ventilation executed
software (3.12)	Ten cross-phase integration scenarios	2026-10-08T18:44:46.7873191Z 18:44:46 [C2] CONTROL_RESULT sent to A2
software (3.12)	Ten cross-phase integration scenarios	2026-10-08T18:44:46.7880038Z 18:44:46 [A2] awaiting server durable receipt, CONTROL_RESULT queued locally (depth=1)
software (3.12)	Ten cross-phase integration scenarios	2026-10-08T18:44:46.7885951Z 18:44:46 [SERVER] control result stored (VENTILATION -> EXECUTED)
software (3.12)	Ten cross-phase integration scenarios	2026-10-08T18:44:46.7894146Z 18:44:46 [A2] offline queue empty
software (3.12)	Ten cross-phase integration scenarios	2026-10-08T18:44:46.8338242Z 18:44:46 [B2] sample #21 soil moisture = 49.9% (temp=35.6C, hum=69.0%, light=1026.5)
software (3.12)	Ten cross-phase integration scenarios	2026-10-08T18:44:46.8340547Z 18:44:46 [B2] next sampling interval = 0.1s
software (3.12)	Ten cross-phase integration scenarios	2026-10-08T18:44:46.8345007Z 18:44:46 [B1] sample #17 soil moisture = 9.7% (temp=26.5C, hum=59.8%, light=190.5)
software (3.12)	Ten cross-phase integration scenarios	2026-10-08T18:44:46.8351315Z 18:44:46 [B1] next sampling interval = 0.1s
software (3.12)	Ten cross-phase integration scenarios	2026-10-08T18:44:46.8355116Z 18:44:46 [A2] received SENSOR_DATA from B1
software (3.12)	Ten cross-phase integration scenarios	2026-10-08T18:44:46.8355566Z 18:44:46 [A2] edge decision = IRRIGATION (soil_moisture 9.7 < 25.0)
software (3.12)	Ten cross-phase integration scenarios	2026-10-08T18:44:46.8361759Z 18:44:46 [A2] awaiting server durable receipt, SENSOR_DATA queued locally (depth=1)
software (3.12)	Ten cross-phase integration scenarios	2026-10-08T18:44:46.8364810Z 18:44:46 [A2] command sent to C1 (IRRIGATION 10s, command_id=50601e5c77f3, generation=2)
software (3.12)	Ten cross-phase integration scenarios	2026-10-08T18:44:46.8373664Z 18:44:46 [A2] awaiting server durable receipt, CONTROL_COMMAND queued locally (depth=2)
software (3.12)	Ten cross-phase integration scenarios	2026-10-08T18:44:46.8374429Z 18:44:46 [C1] IRRIGATION command received (command_id=50601e5c77f3, duration=10s, generation=2)
software (3.12)	Ten cross-phase integration scenarios	2026-10-08T18:44:46.8376159Z 18:44:46 [C1] ACK sent (command_id=50601e5c77f3)
software (3.12)	Ten cross-phase integration scenarios	2026-10-08T18:44:46.8377408Z 18:44:46 [C1] safety check passed
software (3.12)	Ten cross-phase integration scenarios	2026-10-08T18:44:46.8380131Z 18:44:46 [SERVER] sensor data stored (B1 soil=9.7% temp=26.5C)
software (3.12)	Ten cross-phase integration scenarios	2026-10-08T18:44:46.8384826Z 18:44:46 [A2] ACK received (message_id=50601e5c77f3)
software (3.12)	Ten cross-phase integration scenarios	2026-10-08T18:44:46.8411035Z 18:44:46 [A2] offline queue empty
software (3.12)	Ten cross-phase integration scenarios	2026-10-08T18:44:46.8885177Z 18:44:46 [C1] irrigation executed
software (3.12)	Ten cross-phase integration scenarios	2026-10-08T18:44:46.8889176Z 18:44:46 [C1] CONTROL_RESULT sent to A2
software (3.12)	Ten cross-phase integration scenarios	2026-10-08T18:44:46.8896027Z 18:44:46 [A2] awaiting server durable receipt, CONTROL_RESULT queued locally (depth=1)
software (3.12)	Ten cross-phase integration scenarios	2026-10-08T18:44:46.8902376Z 18:44:46 [SERVER] control result stored (IRRIGATION -> EXECUTED)
software (3.12)	Ten cross-phase integration scenarios	2026-10-08T18:44:46.8910916Z 18:44:46 [A2] offline queue empty
software (3.12)	Ten cross-phase integration scenarios	2026-10-08T18:44:46.9347503Z 18:44:46 [B2] sample #22 soil moisture = 50.0% (temp=35.6C, hum=72.5%, light=1109.0)
software (3.12)	Ten cross-phase integration scenarios	2026-10-08T18:44:46.9355342Z 18:44:46 [B2] next sampling interval = 0.1s
software (3.12)	Ten cross-phase integration scenarios	2026-10-08T18:44:46.9359321Z 18:44:46 [B1] sample #18 soil moisture = 9.6% (temp=26.2C, hum=57.9%, light=296.8)
software (3.12)	Ten cross-phase integration scenarios	2026-10-08T18:44:46.9360736Z 18:44:46 [B1] next sampling interval = 0.1s
software (3.12)	Ten cross-phase integration scenarios	2026-10-08T18:44:46.9363366Z 18:44:46 [A2] received SENSOR_DATA from B2
software (3.12)	Ten cross-phase integration scenarios	2026-10-08T18:44:46.9363855Z 18:44:46 [A2] edge decision = VENTILATION (temperature 35.6 > 32.0)
software (3.12)	Ten cross-phase integration scenarios	2026-10-08T18:44:46.9370036Z 18:44:46 [A2] awaiting server durable receipt, SENSOR_DATA queued locally (depth=1)
software (3.12)	Ten cross-phase integration scenarios	2026-10-08T18:44:46.9372714Z 18:44:46 [A2] command sent to C2 (VENTILATION 5s, command_id=10d4980278f8, generation=2)
software (3.12)	Ten cross-phase integration scenarios	2026-10-08T18:44:46.9381606Z 18:44:46 [A2] awaiting server durable receipt, CONTROL_COMMAND queued locally (depth=2)
software (3.12)	Ten cross-phase integration scenarios	2026-10-08T18:44:46.9382446Z 18:44:46 [C2] VENTILATION command received (command_id=10d4980278f8, duration=5s, generation=2)
software (3.12)	Ten cross-phase integration scenarios	2026-10-08T18:44:46.9384052Z 18:44:46 [C2] ACK sent (command_id=10d4980278f8)
software (3.12)	Ten cross-phase integration scenarios	2026-10-08T18:44:46.9386697Z 18:44:46 [C2] safety check passed
software (3.12)	Ten cross-phase integration scenarios	2026-10-08T18:44:46.9389516Z 18:44:46 [SERVER] sensor data stored (B2 soil=50.0% temp=35.6C)
software (3.12)	Ten cross-phase integration scenarios	2026-10-08T18:44:46.9394326Z 18:44:46 [A2] ACK received (message_id=10d4980278f8)
software (3.12)	Ten cross-phase integration scenarios	2026-10-08T18:44:46.9420816Z 18:44:46 [A2] offline queue empty
software (3.12)	Ten cross-phase integration scenarios	2026-10-08T18:44:46.9893774Z 18:44:46 [C2] ventilation executed
software (3.12)	Ten cross-phase integration scenarios	2026-10-08T18:44:46.9898904Z 18:44:46 [C2] CONTROL_RESULT sent to A2
software (3.12)	Ten cross-phase integration scenarios	2026-10-08T18:44:46.9906237Z 18:44:46 [A2] awaiting server durable receipt, CONTROL_RESULT queued locally (depth=1)
software (3.12)	Ten cross-phase integration scenarios	2026-10-08T18:44:46.9914932Z 18:44:46 [SERVER] control result stored (VENTILATION -> EXECUTED)
software (3.12)	Ten cross-phase integration scenarios	2026-10-08T18:44:46.9969876Z 18:44:46 [A2] offline queue empty
software (3.12)	Ten cross-phase integration scenarios	2026-10-08T18:44:47.0363753Z 18:44:47 [B2] sample #23 soil moisture = 50.0% (temp=36.1C, hum=71.6%, light=1011.3)
software (3.12)	Ten cross-phase integration scenarios	2026-10-08T18:44:47.0366169Z 18:44:47 [B2] next sampling interval = 0.1s
software (3.12)	Ten cross-phase integration scenarios	2026-10-08T18:44:47.0370266Z 18:44:47 [B1] sample #19 soil moisture = 9.7% (temp=26.7C, hum=56.5%, light=271.8)
software (3.12)	Ten cross-phase integration scenarios	2026-10-08T18:44:47.0371804Z 18:44:47 [B1] next sampling interval = 0.1s
software (3.12)	Ten cross-phase integration scenarios	2026-10-08T18:44:47.1372968Z 18:44:47 [B2] sample #24 soil moisture = 50.0% (temp=35.7C, hum=75.1%, light=1055.7)
software (3.12)	Ten cross-phase integration scenarios	2026-10-08T18:44:47.1375830Z 18:44:47 [B2] next sampling interval = 0.1s
software (3.12)	Ten cross-phase integration scenarios	2026-10-08T18:44:47.1380539Z 18:44:47 [B1] sample #20 soil moisture = 9.6% (temp=27.2C, hum=56.1%, light=210.9)
software (3.12)	Ten cross-phase integration scenarios	2026-10-08T18:44:47.1382191Z 18:44:47 [B1] next sampling interval = 0.1s
software (3.12)	Ten cross-phase integration scenarios	2026-10-08T18:44:47.2293106Z 18:44:47 [SERVER] SERVER_POLICY v1 pushed to A2
software (3.12)	Ten cross-phase integration scenarios	2026-10-08T18:44:47.2294535Z 18:44:47 [A2] SERVER_POLICY v1 ignored (already at v1)
software (3.12)	Ten cross-phase integration scenarios	2026-10-08T18:44:47.2377952Z 18:44:47 [B2] sample #25 soil moisture = 50.0% (temp=35.8C, hum=73.2%, light=1154.7)
software (3.12)	Ten cross-phase integration scenarios	2026-10-08T18:44:47.2380858Z 18:44:47 [B2] next sampling interval = 0.1s
software (3.12)	Ten cross-phase integration scenarios	2026-10-08T18:44:47.2384444Z 18:44:47 [B1] sample #21 soil moisture = 9.7% (temp=27.3C, hum=54.2%, light=306.4)
software (3.12)	Ten cross-phase integration scenarios	2026-10-08T18:44:47.2390879Z 18:44:47 [B1] next sampling interval = 0.1s
software (3.12)	Ten cross-phase integration scenarios	2026-10-08T18:44:47.2394550Z 18:44:47 [A2] received SENSOR_DATA from B1
software (3.12)	Ten cross-phase integration scenarios	2026-10-08T18:44:47.2397664Z 18:44:47 [A2] edge decision = IRRIGATION (soil_moisture 9.7 < 25.0)
software (3.12)	Ten cross-phase integration scenarios	2026-10-08T18:44:47.2403750Z 18:44:47 [A2] awaiting server durable receipt, SENSOR_DATA queued locally (depth=1)
software (3.12)	Ten cross-phase integration scenarios	2026-10-08T18:44:47.2406852Z 18:44:47 [A2] command sent to C1 (IRRIGATION 10s, command_id=722dc2708053, generation=2)
software (3.12)	Ten cross-phase integration scenarios	2026-10-08T18:44:47.3213422Z 18:44:47 [A2] awaiting server durable receipt, CONTROL_COMMAND queued locally (depth=2)
software (3.12)	Ten cross-phase integration scenarios	2026-10-08T18:44:47.3214210Z 18:44:47 [C1] IRRIGATION command received (command_id=722dc2708053, duration=10s, generation=2)
software (3.12)	Ten cross-phase integration scenarios	2026-10-08T18:44:47.3216722Z 18:44:47 [C1] ACK sent (command_id=722dc2708053)
software (3.12)	Ten cross-phase integration scenarios	2026-10-08T18:44:47.3218600Z 18:44:47 [C1] safety check passed
software (3.12)	Ten cross-phase integration scenarios	2026-10-08T18:44:47.3221829Z 18:44:47 [SERVER] sensor data stored (B1 soil=9.7% temp=27.3C)
software (3.12)	Ten cross-phase integration scenarios	2026-10-08T18:44:47.3240007Z 18:44:47 [A2] ACK received (message_id=722dc2708053)
software (3.12)	Ten cross-phase integration scenarios	2026-10-08T18:44:47.3259581Z 18:44:47 [A2] C1 disconnected
software (3.12)	Ten cross-phase integration scenarios	2026-10-08T18:44:47.3259939Z 18:44:47 [A2] C2 disconnected
software (3.12)	Ten cross-phase integration scenarios	2026-10-08T18:44:47.3260253Z 18:44:47 [A2] B1 disconnected
software (3.12)	Ten cross-phase integration scenarios	2026-10-08T18:44:47.3260551Z 18:44:47 [A2] B2 disconnected
software (3.12)	Ten cross-phase integration scenarios	2026-10-08T18:44:47.3284285Z 18:44:47 [SERVER] gateway A2 disconnected
software (3.12)	Ten cross-phase integration scenarios	2026-10-08T18:44:47.3987351Z 18:44:47 [A2] taking ownership of B1
software (3.12)	Ten cross-phase integration scenarios	2026-10-08T18:44:47.3987746Z 18:44:47 [A2] taking ownership of C1
software (3.12)	Ten cross-phase integration scenarios	2026-10-08T18:44:47.3987988Z 18:44:47 [A2] ownership generation = 1 -> 2
software (3.12)	Ten cross-phase integration scenarios	2026-10-08T18:44:47.4041006Z 18:44:47 [A2] received SENSOR_DATA from B1
software (3.12)	Ten cross-phase integration scenarios	2026-10-08T18:44:47.4056797Z 18:44:47 [A2] sensor B1 unusable for control -> decision skipped
software (3.12)	Ten cross-phase integration scenarios	2026-10-08T18:44:47.4058139Z 18:44:47 [A2] received SENSOR_DATA from B1
software (3.12)	Ten cross-phase integration scenarios	2026-10-08T18:44:47.4075222Z 18:44:47 [A2] edge decision = VENTILATION (temperature 36 > 32.0)
software (3.12)	Ten cross-phase integration scenarios	2026-10-08T18:44:47.4079291Z 18:44:47 [C1] VENTILATION command received (command_id=e7c0fc0d6535, duration=5s, generation=2)
software (3.12)	Ten cross-phase integration scenarios	2026-10-08T18:44:47.4080084Z 18:44:47 [C1] safety check passed
software (3.12)	Ten cross-phase integration scenarios	2026-10-08T18:44:47.4583027Z 18:44:47 [C1] ventilation executed
software (3.12)	Ten cross-phase integration scenarios	2026-10-08T18:44:47.4583468Z 18:44:47 [C1] CONTROL_RESULT EXECUTED
software (3.12)	Ten cross-phase integration scenarios	2026-10-08T18:44:47.4583885Z 18:44:47 [C1] VENTILATION command received (command_id=old-probe, duration=1s, generation=1)
software (3.12)	Ten cross-phase integration scenarios	2026-10-08T18:44:47.4588284Z 18:44:47 [C1] VENTILATION command rejected: STALE_GENERATION
software (3.12)	Ten cross-phase integration scenarios	2026-10-08T18:44:47.4588766Z 18:44:47 [C1] CONTROL_RESULT REJECTED
software (3.12)	Ten cross-phase integration scenarios	2026-10-08T18:44:47.4602239Z failover-freshness PASS
software (3.12)	Ten cross-phase integration scenarios	2026-10-08T18:44:47.4668305Z 18:44:47 [SERVER] listening on 127.0.0.1:35233 (sqlite: /home/runner/work/_temp/smart-agriculture/phase123/recovery-fencing/server.db)
software (3.12)	Ten cross-phase integration scenarios	2026-10-08T18:44:47.4697427Z 18:44:47 [A1] gateway started on 127.0.0.1:59509 (sensor=B1, controller=C1, peer=A2, generation=1, role=ACTIVE)
software (3.12)	Ten cross-phase integration scenarios	2026-10-08T18:44:47.4775320Z 18:44:47 [A2] gateway started on 127.0.0.1:45161 (sensor=B2, controller=C2, peer=A1, generation=1, role=ACTIVE)
software (3.12)	Ten cross-phase integration scenarios	2026-10-08T18:44:47.4780036Z 18:44:47 [A1] connected to server 127.0.0.1:35233
software (3.12)	Ten cross-phase integration scenarios	2026-10-08T18:44:47.4780461Z 18:44:47 [A1] offline queue empty
software (3.12)	Ten cross-phase integration scenarios	2026-10-08T18:44:47.4817374Z 18:44:47 [A2] connected to server 127.0.0.1:35233
software (3.12)	Ten cross-phase integration scenarios	2026-10-08T18:44:47.4820777Z 18:44:47 [A2] offline queue empty
software (3.12)	Ten cross-phase integration scenarios	2026-10-08T18:44:47.4827143Z 18:44:47 [A2] peer link established with A1
software (3.12)	Ten cross-phase integration scenarios	2026-10-08T18:44:47.4832036Z 18:44:47 [A2] heartbeat -> A1
software (3.12)	Ten cross-phase integration scenarios	2026-10-08T18:44:47.4848956Z 18:44:47 [SERVER] gateway A2 connected
software (3.12)	Ten cross-phase integration scenarios	2026-10-08T18:44:47.4884186Z 18:44:47 [A1] A2 is online
software (3.12)	Ten cross-phase integration scenarios	2026-10-08T18:44:47.5809740Z 18:44:47 [A1] peer link established with A2
software (3.12)	Ten cross-phase integration scenarios	2026-10-08T18:44:47.5814132Z 18:44:47 [A1] heartbeat -> A2
software (3.12)	Ten cross-phase integration scenarios	2026-10-08T18:44:47.5829188Z 18:44:47 [SERVER] gateway A1 connected
software (3.12)	Ten cross-phase integration scenarios	2026-10-08T18:44:47.5833908Z 18:44:47 [A2] A1 is online
software (3.12)	Ten cross-phase integration scenarios	2026-10-08T18:44:47.5839016Z 18:44:47 [A2] heartbeat -> A1
software (3.12)	Ten cross-phase integration scenarios	2026-10-08T18:44:47.5916380Z 18:44:47 [C1] connected to gateway A1 (127.0.0.1)
software (3.12)	Ten cross-phase integration scenarios	2026-10-08T18:44:47.5918631Z 18:44:47 [C1] NODE_REGISTER sent to A1 (attempt 1)
software (3.12)	Ten cross-phase integration scenarios	2026-10-08T18:44:47.5919092Z 18:44:47 [C2] connected to gateway A2 (127.0.0.1)
software (3.12)	Ten cross-phase integration scenarios	2026-10-08T18:44:47.5920764Z 18:44:47 [C2] NODE_REGISTER sent to A2 (attempt 1)
software (3.12)	Ten cross-phase integration scenarios	2026-10-08T18:44:47.5921266Z 18:44:47 [B1] connected to gateway A1 (127.0.0.1)
software (3.12)	Ten cross-phase integration scenarios	2026-10-08T18:44:47.5922426Z 18:44:47 [B1] NODE_REGISTER sent to A1 (attempt 1)
software (3.12)	Ten cross-phase integration scenarios	2026-10-08T18:44:47.5922908Z 18:44:47 [B2] connected to gateway A2 (127.0.0.1)
software (3.12)	Ten cross-phase integration scenarios	2026-10-08T18:44:47.5923944Z 18:44:47 [B2] NODE_REGISTER sent to A2 (attempt 1)
software (3.12)	Ten cross-phase integration scenarios	2026-10-08T18:44:47.5924719Z 18:44:47 [A1] C1 registered (owner=A1, generation=1)
software (3.12)	Ten cross-phase integration scenarios	2026-10-08T18:44:47.5926471Z 18:44:47 [A2] C2 registered (owner=A2, generation=1)
software (3.12)	Ten cross-phase integration scenarios	2026-10-08T18:44:47.5928458Z 18:44:47 [A1] B1 registered (owner=A1, generation=1)
software (3.12)	Ten cross-phase integration scenarios	2026-10-08T18:44:47.5930074Z 18:44:47 [A2] B2 registered (owner=A2, generation=1)
software (3.12)	Ten cross-phase integration scenarios	2026-10-08T18:44:47.5932077Z 18:44:47 [C1] registered with A1 (generation=1)
software (3.12)	Ten cross-phase integration scenarios	2026-10-08T18:44:47.5932418Z 18:44:47 [C2] registered with A2 (generation=1)
software (3.12)	Ten cross-phase integration scenarios	2026-10-08T18:44:47.5932785Z 18:44:47 [B1] registered with A1 (generation=1)
software (3.12)	Ten cross-phase integration scenarios	2026-10-08T18:44:47.5933192Z 18:44:47 [B2] registered with A2 (generation=1)
software (3.12)	Ten cross-phase integration scenarios	2026-10-08T18:44:47.5934064Z 18:44:47 [B1] sample #1 soil moisture = 9.9% (temp=25.2C, hum=56.2%, light=733.6)
software (3.12)	Ten cross-phase integration scenarios	2026-10-08T18:44:47.5939806Z 18:44:47 [B1] next sampling interval = 0.2s
software (3.12)	Ten cross-phase integration scenarios	2026-10-08T18:44:47.5940234Z 18:44:47 [B2] sample #1 soil moisture = 49.9% (temp=35.4C, hum=61.6%, light=791.0)
software (3.12)	Ten cross-phase integration scenarios	2026-10-08T18:44:47.5946308Z 18:44:47 [B2] next sampling interval = 0.2s
software (3.12)	Ten cross-phase integration scenarios	2026-10-08T18:44:47.5948865Z 18:44:47 [A1] received SENSOR_DATA from B1
software (3.12)	Ten cross-phase integration scenarios	2026-10-08T18:44:47.5949353Z 18:44:47 [A1] edge decision = IRRIGATION (soil_moisture 9.9 < 25.0)
software (3.12)	Ten cross-phase integration scenarios	2026-10-08T18:44:47.5949819Z 18:44:47 [A2] received SENSOR_DATA from B2
software (3.12)	Ten cross-phase integration scenarios	2026-10-08T18:44:47.5950241Z 18:44:47 [A2] edge decision = VENTILATION (temperature 35.4 > 32.0)
software (3.12)	Ten cross-phase integration scenarios	2026-10-08T18:44:47.5954810Z 18:44:47 [A1] awaiting server durable receipt, SENSOR_DATA queued locally (depth=1)
software (3.12)	Ten cross-phase integration scenarios	2026-10-08T18:44:47.5957563Z 18:44:47 [A1] command sent to C1 (IRRIGATION 10s, command_id=2c13ea7f242c, generation=1)
software (3.12)	Ten cross-phase integration scenarios	2026-10-08T18:44:47.5964301Z 18:44:47 [A2] awaiting server durable receipt, SENSOR_DATA queued locally (depth=1)
software (3.12)	Ten cross-phase integration scenarios	2026-10-08T18:44:47.5966868Z 18:44:47 [A2] command sent to C2 (VENTILATION 5s, command_id=62e49996b995, generation=1)
software (3.12)	Ten cross-phase integration scenarios	2026-10-08T18:44:47.5975643Z 18:44:47 [A1] awaiting server durable receipt, CONTROL_COMMAND queued locally (depth=2)
software (3.12)	Ten cross-phase integration scenarios	2026-10-08T18:44:47.5983655Z 18:44:47 [A2] awaiting server durable receipt, CONTROL_COMMAND queued locally (depth=2)
software (3.12)	Ten cross-phase integration scenarios	2026-10-08T18:44:47.5984418Z 18:44:47 [C1] IRRIGATION command received (command_id=2c13ea7f242c, duration=10s, generation=1)
software (3.12)	Ten cross-phase integration scenarios	2026-10-08T18:44:47.5986163Z 18:44:47 [C1] ACK sent (command_id=2c13ea7f242c)
software (3.12)	Ten cross-phase integration scenarios	2026-10-08T18:44:47.5986614Z 18:44:47 [C1] safety check passed
software (3.12)	Ten cross-phase integration scenarios	2026-10-08T18:44:47.5987609Z 18:44:47 [C2] VENTILATION command received (command_id=62e49996b995, duration=5s, generation=1)
software (3.12)	Ten cross-phase integration scenarios	2026-10-08T18:44:47.5989236Z 18:44:47 [C2] ACK sent (command_id=62e49996b995)
software (3.12)	Ten cross-phase integration scenarios	2026-10-08T18:44:47.5989644Z 18:44:47 [C2] safety check passed
software (3.12)	Ten cross-phase integration scenarios	2026-10-08T18:44:47.5993019Z 18:44:47 [SERVER] sensor data stored (B1 soil=9.9% temp=25.2C)
software (3.12)	Ten cross-phase integration scenarios	2026-10-08T18:44:47.6577558Z 18:44:47 [SERVER] sensor data stored (B2 soil=49.9% temp=35.4C)
software (3.12)	Ten cross-phase integration scenarios	2026-10-08T18:44:47.6581798Z 18:44:47 [A1] ACK received (message_id=2c13ea7f242c)
software (3.12)	Ten cross-phase integration scenarios	2026-10-08T18:44:47.6582195Z 18:44:47 [A2] ACK received (message_id=62e49996b995)
software (3.12)	Ten cross-phase integration scenarios	2026-10-08T18:44:47.6583322Z 18:44:47 [C1] irrigation executed
software (3.12)	Ten cross-phase integration scenarios	2026-10-08T18:44:47.6586613Z 18:44:47 [C1] CONTROL_RESULT sent to A1
software (3.12)	Ten cross-phase integration scenarios	2026-10-08T18:44:47.6587129Z 18:44:47 [C2] ventilation executed
software (3.12)	Ten cross-phase integration scenarios	2026-10-08T18:44:47.6589631Z 18:44:47 [C2] CONTROL_RESULT sent to A2
software (3.12)	Ten cross-phase integration scenarios	2026-10-08T18:44:47.6609556Z 18:44:47 [A1] awaiting server durable receipt, CONTROL_RESULT queued locally (depth=2)
software (3.12)	Ten cross-phase integration scenarios	2026-10-08T18:44:47.6613064Z 18:44:47 [A2] awaiting server durable receipt, CONTROL_RESULT queued locally (depth=2)
software (3.12)	Ten cross-phase integration scenarios	2026-10-08T18:44:47.6643045Z 18:44:47 [SERVER] control result stored (IRRIGATION -> EXECUTED)
software (3.12)	Ten cross-phase integration scenarios	2026-10-08T18:44:47.6647387Z 18:44:47 [SERVER] control result stored (VENTILATION -> EXECUTED)
software (3.12)	Ten cross-phase integration scenarios	2026-10-08T18:44:47.6656897Z 18:44:47 [A1] offline queue empty
software (3.12)	Ten cross-phase integration scenarios	2026-10-08T18:44:47.6657339Z 18:44:47 [A2] offline queue empty
software (3.12)	Ten cross-phase integration scenarios	2026-10-08T18:44:47.6825782Z 18:44:47 [A1] heartbeat -> A2
software (3.12)	Ten cross-phase integration scenarios	2026-10-08T18:44:47.6854246Z 18:44:47 [A2] heartbeat -> A1
software (3.12)	Ten cross-phase integration scenarios	2026-10-08T18:44:47.7849244Z 18:44:47 [A1] heartbeat -> A2
software (3.12)	Ten cross-phase integration scenarios	2026-10-08T18:44:47.7865121Z 18:44:47 [A2] heartbeat -> A1
software (3.12)	Ten cross-phase integration scenarios	2026-10-08T18:44:47.7945996Z 18:44:47 [B1] sample #2 soil moisture = 10.1% (temp=25.5C, hum=57.6%, light=634.4)
software (3.12)	Ten cross-phase integration scenarios	2026-10-08T18:44:47.7952685Z 18:44:47 [B1] next sampling interval = 0.1s
software (3.12)	Ten cross-phase integration scenarios	2026-10-08T18:44:47.7956166Z 18:44:47 [B2] sample #2 soil moisture = 49.9% (temp=35.7C, hum=63.9%, light=790.6)
software (3.12)	Ten cross-phase integration scenarios	2026-10-08T18:44:47.7962024Z 18:44:47 [B2] next sampling interval = 0.1s
software (3.12)	Ten cross-phase integration scenarios	2026-10-08T18:44:47.7962557Z 18:44:47 [A1] received SENSOR_DATA from B1
software (3.12)	Ten cross-phase integration scenarios	2026-10-08T18:44:47.7963102Z 18:44:47 [A1] edge decision = IRRIGATION (soil_moisture 10.1 < 25.0)
software (3.12)	Ten cross-phase integration scenarios	2026-10-08T18:44:47.8007649Z 18:44:47 [A1] awaiting server durable receipt, SENSOR_DATA queued locally (depth=1)
software (3.12)	Ten cross-phase integration scenarios	2026-10-08T18:44:47.8010399Z 18:44:47 [A1] command sent to C1 (IRRIGATION 10s, command_id=33caf565f5ba, generation=1)
software (3.12)	Ten cross-phase integration scenarios	2026-10-08T18:44:47.8034501Z 18:44:47 [A1] awaiting server durable receipt, CONTROL_COMMAND queued locally (depth=2)
software (3.12)	Ten cross-phase integration scenarios	2026-10-08T18:44:47.8034914Z 18:44:47 [A2] received SENSOR_DATA from B2
software (3.12)	Ten cross-phase integration scenarios	2026-10-08T18:44:47.8035235Z 18:44:47 [A2] edge decision = VENTILATION (temperature 35.7 > 32.0)
software (3.12)	Ten cross-phase integration scenarios	2026-10-08T18:44:47.8039590Z 18:44:47 [A2] awaiting server durable receipt, SENSOR_DATA queued locally (depth=1)
software (3.12)	Ten cross-phase integration scenarios	2026-10-08T18:44:47.8042556Z 18:44:47 [A2] command sent to C2 (VENTILATION 5s, command_id=41046cbe09e4, generation=1)
software (3.12)	Ten cross-phase integration scenarios	2026-10-08T18:44:47.8043329Z 18:44:47 [C1] IRRIGATION command received (command_id=33caf565f5ba, duration=10s, generation=1)
software (3.12)	Ten cross-phase integration scenarios	2026-10-08T18:44:47.8044720Z 18:44:47 [C1] ACK sent (command_id=33caf565f5ba)
software (3.12)	Ten cross-phase integration scenarios	2026-10-08T18:44:47.8045306Z 18:44:47 [C1] safety check passed
software (3.12)	Ten cross-phase integration scenarios	2026-10-08T18:44:47.8054497Z 18:44:47 [A2] awaiting server durable receipt, CONTROL_COMMAND queued locally (depth=2)
software (3.12)	Ten cross-phase integration scenarios	2026-10-08T18:44:47.8056727Z 18:44:47 [SERVER] sensor data stored (B1 soil=10.1% temp=25.5C)
software (3.12)	Ten cross-phase integration scenarios	2026-10-08T18:44:47.8061383Z 18:44:47 [C2] VENTILATION command received (command_id=41046cbe09e4, duration=5s, generation=1)
software (3.12)	Ten cross-phase integration scenarios	2026-10-08T18:44:47.8063047Z 18:44:47 [C2] ACK sent (command_id=41046cbe09e4)
software (3.12)	Ten cross-phase integration scenarios	2026-10-08T18:44:47.8063524Z 18:44:47 [C2] safety check passed
software (3.12)	Ten cross-phase integration scenarios	2026-10-08T18:44:47.8064007Z 18:44:47 [A1] ACK received (message_id=33caf565f5ba)
software (3.12)	Ten cross-phase integration scenarios	2026-10-08T18:44:47.8066445Z 18:44:47 [SERVER] sensor data stored (B2 soil=49.9% temp=35.7C)
software (3.12)	Ten cross-phase integration scenarios	2026-10-08T18:44:47.8071048Z 18:44:47 [A2] ACK received (message_id=41046cbe09e4)
software (3.12)	Ten cross-phase integration scenarios	2026-10-08T18:44:47.8097483Z 18:44:47 [A1] offline queue empty
software (3.12)	Ten cross-phase integration scenarios	2026-10-08T18:44:47.8101002Z 18:44:47 [A2] offline queue empty
software (3.12)	Ten cross-phase integration scenarios	2026-10-08T18:44:47.8553961Z 18:44:47 [C1] irrigation executed
software (3.12)	Ten cross-phase integration scenarios	2026-10-08T18:44:47.8557526Z 18:44:47 [C1] CONTROL_RESULT sent to A1
software (3.12)	Ten cross-phase integration scenarios	2026-10-08T18:44:47.8563382Z 18:44:47 [A1] awaiting server durable receipt, CONTROL_RESULT queued locally (depth=1)
software (3.12)	Ten cross-phase integration scenarios	2026-10-08T18:44:47.8569042Z 18:44:47 [SERVER] control result stored (IRRIGATION -> EXECUTED)
software (3.12)	Ten cross-phase integration scenarios	2026-10-08T18:44:47.8572633Z 18:44:47 [C2] ventilation executed
software (3.12)	Ten cross-phase integration scenarios	2026-10-08T18:44:47.8575515Z 18:44:47 [C2] CONTROL_RESULT sent to A2
software (3.12)	Ten cross-phase integration scenarios	2026-10-08T18:44:47.8583691Z 18:44:47 [A2] awaiting server durable receipt, CONTROL_RESULT queued locally (depth=1)
software (3.12)	Ten cross-phase integration scenarios	2026-10-08T18:44:47.8584259Z 18:44:47 [A1] offline queue empty
software (3.12)	Ten cross-phase integration scenarios	2026-10-08T18:44:47.8589044Z 18:44:47 [SERVER] control result stored (VENTILATION -> EXECUTED)
software (3.12)	Ten cross-phase integration scenarios	2026-10-08T18:44:47.8674100Z 18:44:47 [A2] offline queue empty
software (3.12)	Ten cross-phase integration scenarios	2026-10-08T18:44:47.8863234Z 18:44:47 [A1] heartbeat -> A2
software (3.12)	Ten cross-phase integration scenarios	2026-10-08T18:44:47.8878626Z 18:44:47 [A2] heartbeat -> A1
software (3.12)	Ten cross-phase integration scenarios	2026-10-08T18:44:47.8958210Z 18:44:47 [B1] sample #3 soil moisture = 10.0% (temp=25.4C, hum=53.9%, light=635.7)
software (3.12)	Ten cross-phase integration scenarios	2026-10-08T18:44:47.8964332Z 18:44:47 [B1] next sampling interval = 0.1s
software (3.12)	Ten cross-phase integration scenarios	2026-10-08T18:44:47.8968169Z 18:44:47 [B2] sample #3 soil moisture = 49.8% (temp=35.1C, hum=63.4%, light=875.1)
software (3.12)	Ten cross-phase integration scenarios	2026-10-08T18:44:47.8973966Z 18:44:47 [B2] next sampling interval = 0.1s
software (3.12)	Ten cross-phase integration scenarios	2026-10-08T18:44:47.8974375Z 18:44:47 [A1] received SENSOR_DATA from B1
software (3.12)	Ten cross-phase integration scenarios	2026-10-08T18:44:47.8974884Z 18:44:47 [A1] edge decision = IRRIGATION (soil_moisture 10.0 < 25.0)
software (3.12)	Ten cross-phase integration scenarios	2026-10-08T18:44:47.8979923Z 18:44:47 [A1] awaiting server durable receipt, SENSOR_DATA queued locally (depth=1)
software (3.12)	Ten cross-phase integration scenarios	2026-10-08T18:44:47.8982897Z 18:44:47 [A1] command sent to C1 (IRRIGATION 10s, command_id=145218a2303d, generation=1)
software (3.12)	Ten cross-phase integration scenarios	2026-10-08T18:44:47.8992096Z 18:44:47 [A1] awaiting server durable receipt, CONTROL_COMMAND queued locally (depth=2)
software (3.12)	Ten cross-phase integration scenarios	2026-10-08T18:44:47.8992699Z 18:44:47 [A2] received SENSOR_DATA from B2
software (3.12)	Ten cross-phase integration scenarios	2026-10-08T18:44:47.8993151Z 18:44:47 [A2] edge decision = VENTILATION (temperature 35.1 > 32.0)
software (3.12)	Ten cross-phase integration scenarios	2026-10-08T18:44:47.8996906Z 18:44:47 [A2] awaiting server durable receipt, SENSOR_DATA queued locally (depth=1)
software (3.12)	Ten cross-phase integration scenarios	2026-10-08T18:44:47.8999906Z 18:44:47 [A2] command sent to C2 (VENTILATION 5s, command_id=c0f034a9624b, generation=1)
software (3.12)	Ten cross-phase integration scenarios	2026-10-08T18:44:47.9000667Z 18:44:47 [C1] IRRIGATION command received (command_id=145218a2303d, duration=10s, generation=1)
software (3.12)	Ten cross-phase integration scenarios	2026-10-08T18:44:47.9003294Z 18:44:47 [C1] ACK sent (command_id=145218a2303d)
software (3.12)	Ten cross-phase integration scenarios	2026-10-08T18:44:47.9003914Z 18:44:47 [C1] safety check passed
software (3.12)	Ten cross-phase integration scenarios	2026-10-08T18:44:47.9012416Z 18:44:47 [A2] awaiting server durable receipt, CONTROL_COMMAND queued locally (depth=2)
software (3.12)	Ten cross-phase integration scenarios	2026-10-08T18:44:47.9014683Z 18:44:47 [SERVER] sensor data stored (B1 soil=10.0% temp=25.4C)
software (3.12)	Ten cross-phase integration scenarios	2026-10-08T18:44:47.9019191Z 18:44:47 [C2] VENTILATION command received (command_id=c0f034a9624b, duration=5s, generation=1)
software (3.12)	Ten cross-phase integration scenarios	2026-10-08T18:44:47.9020941Z 18:44:47 [C2] ACK sent (command_id=c0f034a9624b)
software (3.12)	Ten cross-phase integration scenarios	2026-10-08T18:44:47.9021429Z 18:44:47 [C2] safety check passed
software (3.12)	Ten cross-phase integration scenarios	2026-10-08T18:44:47.9022102Z 18:44:47 [A1] ACK received (message_id=145218a2303d)
software (3.12)	Ten cross-phase integration scenarios	2026-10-08T18:44:47.9024987Z 18:44:47 [SERVER] sensor data stored (B2 soil=49.8% temp=35.1C)
software (3.12)	Ten cross-phase integration scenarios	2026-10-08T18:44:47.9031381Z 18:44:47 [A2] ACK received (message_id=c0f034a9624b)
software (3.12)	Ten cross-phase integration scenarios	2026-10-08T18:44:47.9057768Z 18:44:47 [A1] offline queue empty
software (3.12)	Ten cross-phase integration scenarios	2026-10-08T18:44:47.9061329Z 18:44:47 [A2] offline queue empty
software (3.12)	Ten cross-phase integration scenarios	2026-10-08T18:44:47.9514425Z 18:44:47 [C1] irrigation executed
software (3.12)	Ten cross-phase integration scenarios	2026-10-08T18:44:47.9518859Z 18:44:47 [C1] CONTROL_RESULT sent to A1
software (3.12)	Ten cross-phase integration scenarios	2026-10-08T18:44:47.9525548Z 18:44:47 [A1] awaiting server durable receipt, CONTROL_RESULT queued locally (depth=1)
software (3.12)	Ten cross-phase integration scenarios	2026-10-08T18:44:47.9533124Z 18:44:47 [C2] ventilation executed
software (3.12)	Ten cross-phase integration scenarios	2026-10-08T18:44:47.9536292Z 18:44:47 [C2] CONTROL_RESULT sent to A2
software (3.12)	Ten cross-phase integration scenarios	2026-10-08T18:44:47.9537855Z 18:44:47 [SERVER] control result stored (IRRIGATION -> EXECUTED)
software (3.12)	Ten cross-phase integration scenarios	2026-10-08T18:44:48.0474940Z 18:44:48 [A2] awaiting server durable receipt, CONTROL_RESULT queued locally (depth=1)
software (3.12)	Ten cross-phase integration scenarios	2026-10-08T18:44:48.0484926Z 18:44:48 [A1] offline queue empty
software (3.12)	Ten cross-phase integration scenarios	2026-10-08T18:44:48.0490956Z 18:44:48 [A1] heartbeat -> A2
software (3.12)	Ten cross-phase integration scenarios	2026-10-08T18:44:48.0496526Z 18:44:48 [A2] heartbeat -> A1
software (3.12)	Ten cross-phase integration scenarios	2026-10-08T18:44:48.0497765Z 18:44:48 [B1] sample #4 soil moisture = 10.0% (temp=24.8C, hum=51.4%, light=646.5)
software (3.12)	Ten cross-phase integration scenarios	2026-10-08T18:44:48.0499043Z 18:44:48 [B1] next sampling interval = 0.1s
software (3.12)	Ten cross-phase integration scenarios	2026-10-08T18:44:48.0502256Z 18:44:48 [B2] sample #4 soil moisture = 49.8% (temp=35.1C, hum=65.4%, light=797.4)
software (3.12)	Ten cross-phase integration scenarios	2026-10-08T18:44:48.0503293Z 18:44:48 [B2] next sampling interval = 0.1s
software (3.12)	Ten cross-phase integration scenarios	2026-10-08T18:44:48.0509150Z 18:44:48 [SERVER] control result stored (VENTILATION -> EXECUTED)
software (3.12)	Ten cross-phase integration scenarios	2026-10-08T18:44:48.1660785Z 18:44:48 [A2] offline queue empty
software (3.12)	Ten cross-phase integration scenarios	2026-10-08T18:44:48.1667953Z 18:44:48 [A1] heartbeat -> A2
software (3.12)	Ten cross-phase integration scenarios	2026-10-08T18:44:48.1673901Z 18:44:48 [A2] heartbeat -> A1
software (3.12)	Ten cross-phase integration scenarios	2026-10-08T18:44:48.1674366Z 18:44:48 [B1] sample #5 soil moisture = 10.1% (temp=24.5C, hum=52.2%, light=528.1)
software (3.12)	Ten cross-phase integration scenarios	2026-10-08T18:44:48.1676577Z 18:44:48 [B1] next sampling interval = 0.1s
software (3.12)	Ten cross-phase integration scenarios	2026-10-08T18:44:48.1688203Z 18:44:48 [B2] sample #5 soil moisture = 49.8% (temp=35.6C, hum=68.0%, light=700.4)
software (3.12)	Ten cross-phase integration scenarios	2026-10-08T18:44:48.1688720Z 18:44:48 [B2] next sampling interval = 0.1s
software (3.12)	Ten cross-phase integration scenarios	2026-10-08T18:44:48.1695764Z 18:44:48 [A2] received SENSOR_DATA from B2
software (3.12)	Ten cross-phase integration scenarios	2026-10-08T18:44:48.1696230Z 18:44:48 [A2] edge decision = VENTILATION (temperature 35.6 > 32.0)
software (3.12)	Ten cross-phase integration scenarios	2026-10-08T18:44:48.1717316Z 18:44:48 [A2] awaiting server durable receipt, SENSOR_DATA queued locally (depth=1)
software (3.12)	Ten cross-phase integration scenarios	2026-10-08T18:44:48.1720804Z 18:44:48 [A2] command sent to C2 (VENTILATION 5s, command_id=270787da05f4, generation=1)
software (3.12)	Ten cross-phase integration scenarios	2026-10-08T18:44:48.1731711Z 18:44:48 [A2] awaiting server durable receipt, CONTROL_COMMAND queued locally (depth=2)
software (3.12)	Ten cross-phase integration scenarios	2026-10-08T18:44:48.1732411Z 18:44:48 [C2] VENTILATION command received (command_id=270787da05f4, duration=5s, generation=1)
software (3.12)	Ten cross-phase integration scenarios	2026-10-08T18:44:48.1734115Z 18:44:48 [C2] ACK sent (command_id=270787da05f4)
software (3.12)	Ten cross-phase integration scenarios	2026-10-08T18:44:48.1734768Z 18:44:48 [C2] safety check passed
software (3.12)	Ten cross-phase integration scenarios	2026-10-08T18:44:48.1737483Z 18:44:48 [SERVER] sensor data stored (B2 soil=49.8% temp=35.6C)
software (3.12)	Ten cross-phase integration scenarios	2026-10-08T18:44:48.1741758Z 18:44:48 [A2] ACK received (message_id=270787da05f4)
software (3.12)	Ten cross-phase integration scenarios	2026-10-08T18:44:48.1758271Z 18:44:48 [A2] offline queue empty
software (3.12)	Ten cross-phase integration scenarios	2026-10-08T18:44:48.2241358Z 18:44:48 [C2] ventilation executed
software (3.12)	Ten cross-phase integration scenarios	2026-10-08T18:44:48.2245029Z 18:44:48 [C2] CONTROL_RESULT sent to A2
software (3.12)	Ten cross-phase integration scenarios	2026-10-08T18:44:48.2251222Z 18:44:48 [A2] awaiting server durable receipt, CONTROL_RESULT queued locally (depth=1)
software (3.12)	Ten cross-phase integration scenarios	2026-10-08T18:44:48.2257099Z 18:44:48 [SERVER] control result stored (VENTILATION -> EXECUTED)
software (3.12)	Ten cross-phase integration scenarios	2026-10-08T18:44:48.2264673Z 18:44:48 [A2] offline queue empty
software (3.12)	Ten cross-phase integration scenarios	2026-10-08T18:44:48.2684345Z 18:44:48 [A1] heartbeat -> A2
software (3.12)	Ten cross-phase integration scenarios	2026-10-08T18:44:48.2688977Z 18:44:48 [A2] heartbeat -> A1
software (3.12)	Ten cross-phase integration scenarios	2026-10-08T18:44:48.2697166Z 18:44:48 [B1] sample #6 soil moisture = 10.1% (temp=24.8C, hum=53.7%, light=445.4)
software (3.12)	Ten cross-phase integration scenarios	2026-10-08T18:44:48.2698974Z 18:44:48 [B1] next sampling interval = 0.1s
software (3.12)	Ten cross-phase integration scenarios	2026-10-08T18:44:48.2701437Z 18:44:48 [B2] sample #6 soil moisture = 49.9% (temp=35.6C, hum=67.9%, light=723.7)
software (3.12)	Ten cross-phase integration scenarios	2026-10-08T18:44:48.2702561Z 18:44:48 [B2] next sampling interval = 0.1s
software (3.12)	Ten cross-phase integration scenarios	2026-10-08T18:44:48.3697546Z 18:44:48 [A1] heartbeat -> A2
software (3.12)	Ten cross-phase integration scenarios	2026-10-08T18:44:48.3702139Z 18:44:48 [A2] heartbeat -> A1
software (3.12)	Ten cross-phase integration scenarios	2026-10-08T18:44:48.3710516Z 18:44:48 [B1] sample #7 soil moisture = 9.9% (temp=25.4C, hum=52.4%, light=348.6)
software (3.12)	Ten cross-phase integration scenarios	2026-10-08T18:44:48.3716663Z 18:44:48 [B1] next sampling interval = 0.1s
software (3.12)	Ten cross-phase integration scenarios	2026-10-08T18:44:48.3752774Z 18:44:48 [B2] sample #7 soil moisture = 49.8% (temp=35.6C, hum=68.5%, light=615.5)
software (3.12)	Ten cross-phase integration scenarios	2026-10-08T18:44:48.3754162Z 18:44:48 [B2] next sampling interval = 0.1s
software (3.12)	Ten cross-phase integration scenarios	2026-10-08T18:44:48.3758558Z 18:44:48 [A1] received SENSOR_DATA from B1
software (3.12)	Ten cross-phase integration scenarios	2026-10-08T18:44:48.3759259Z 18:44:48 [A1] edge decision = IRRIGATION (soil_moisture 9.9 < 25.0)
software (3.12)	Ten cross-phase integration scenarios	2026-10-08T18:44:48.3764301Z 18:44:48 [A1] awaiting server durable receipt, SENSOR_DATA queued locally (depth=1)
software (3.12)	Ten cross-phase integration scenarios	2026-10-08T18:44:48.3767525Z 18:44:48 [A1] command sent to C1 (IRRIGATION 10s, command_id=560bc506e1cc, generation=1)
software (3.12)	Ten cross-phase integration scenarios	2026-10-08T18:44:48.3947748Z 18:44:48 [A1] awaiting server durable receipt, CONTROL_COMMAND queued locally (depth=2)
software (3.12)	Ten cross-phase integration scenarios	2026-10-08T18:44:48.3948502Z 18:44:48 [C1] IRRIGATION command received (command_id=560bc506e1cc, duration=10s, generation=1)
software (3.12)	Ten cross-phase integration scenarios	2026-10-08T18:44:48.3950467Z 18:44:48 [C1] ACK sent (command_id=560bc506e1cc)
software (3.12)	Ten cross-phase integration scenarios	2026-10-08T18:44:48.3951159Z 18:44:48 [C1] safety check passed
software (3.12)	Ten cross-phase integration scenarios	2026-10-08T18:44:48.3954293Z 18:44:48 [SERVER] sensor data stored (B1 soil=9.9% temp=25.4C)
software (3.12)	Ten cross-phase integration scenarios	2026-10-08T18:44:48.3960904Z 18:44:48 [A1] ACK received (message_id=560bc506e1cc)
software (3.12)	Ten cross-phase integration scenarios	2026-10-08T18:44:48.3961302Z 18:44:48 [A1] C1 disconnected
software (3.12)	Ten cross-phase integration scenarios	2026-10-08T18:44:48.3964081Z 18:44:48 [SERVER] gateway A1 disconnected
software (3.12)	Ten cross-phase integration scenarios	2026-10-08T18:44:48.3981907Z 18:44:48 [B1] connected to gateway A2 (127.0.0.1)
software (3.12)	Ten cross-phase integration scenarios	2026-10-08T18:44:48.3984390Z 18:44:48 [B1] NODE_REGISTER sent to A2 (attempt 1)
software (3.12)	Ten cross-phase integration scenarios	2026-10-08T18:44:48.4454675Z 18:44:48 [C1] irrigation executed
software (3.12)	Ten cross-phase integration scenarios	2026-10-08T18:44:48.4458264Z 18:44:48 [C1] CONTROL_RESULT sent to A1
software (3.12)	Ten cross-phase integration scenarios	2026-10-08T18:44:48.4463221Z 18:44:48 [C1] connected to gateway A2 (127.0.0.1)
software (3.12)	Ten cross-phase integration scenarios	2026-10-08T18:44:48.4465259Z 18:44:48 [C1] NODE_REGISTER sent to A2 (attempt 1)
software (3.12)	Ten cross-phase integration scenarios	2026-10-08T18:44:48.4704589Z 18:44:48 [SERVER] SERVER_POLICY v1 pushed to A2
software (3.12)	Ten cross-phase integration scenarios	2026-10-08T18:44:48.4710871Z 18:44:48 [A2] heartbeat -> A1
software (3.12)	Ten cross-phase integration scenarios	2026-10-08T18:44:48.4726092Z 18:44:48 [A2] SERVER_POLICY v1 applied (soil<25.0 -> 10s, temp>32.0 -> 5s)
software (3.12)	Ten cross-phase integration scenarios	2026-10-08T18:44:48.4726746Z 18:44:48 [A2] edge autonomy intact: policy is advisory, control stays local
software (3.12)	Ten cross-phase integration scenarios	2026-10-08T18:44:48.4763651Z 18:44:48 [B2] sample #8 soil moisture = 49.9% (temp=35.0C, hum=72.1%, light=566.6)
software (3.12)	Ten cross-phase integration scenarios	2026-10-08T18:44:48.4770470Z 18:44:48 [B2] next sampling interval = 0.1s
software (3.12)	Ten cross-phase integration scenarios	2026-10-08T18:44:48.4773987Z 18:44:48 [A2] received SENSOR_DATA from B2
software (3.12)	Ten cross-phase integration scenarios	2026-10-08T18:44:48.4774426Z 18:44:48 [A2] edge decision = VENTILATION (temperature 35.0 > 32.0)
software (3.12)	Ten cross-phase integration scenarios	2026-10-08T18:44:48.4779527Z 18:44:48 [A2] awaiting server durable receipt, SENSOR_DATA queued locally (depth=1)
software (3.12)	Ten cross-phase integration scenarios	2026-10-08T18:44:48.4782185Z 18:44:48 [A2] command sent to C2 (VENTILATION 5s, command_id=9b4eae79e186, generation=1)
software (3.12)	Ten cross-phase integration scenarios	2026-10-08T18:44:48.4791295Z 18:44:48 [A2] awaiting server durable receipt, CONTROL_COMMAND queued locally (depth=2)
software (3.12)	Ten cross-phase integration scenarios	2026-10-08T18:44:48.4792260Z 18:44:48 [C2] VENTILATION command received (command_id=9b4eae79e186, duration=5s, generation=1)
software (3.12)	Ten cross-phase integration scenarios	2026-10-08T18:44:48.4794248Z 18:44:48 [C2] ACK sent (command_id=9b4eae79e186)
software (3.12)	Ten cross-phase integration scenarios	2026-10-08T18:44:48.4795089Z 18:44:48 [C2] safety check passed
software (3.12)	Ten cross-phase integration scenarios	2026-10-08T18:44:48.4798250Z 18:44:48 [SERVER] sensor data stored (B2 soil=49.9% temp=35.0C)
software (3.12)	Ten cross-phase integration scenarios	2026-10-08T18:44:48.4802698Z 18:44:48 [A2] ACK received (message_id=9b4eae79e186)
software (3.12)	Ten cross-phase integration scenarios	2026-10-08T18:44:48.4822664Z 18:44:48 [A2] offline queue empty
software (3.12)	Ten cross-phase integration scenarios	2026-10-08T18:44:48.5299983Z 18:44:48 [C2] ventilation executed
software (3.12)	Ten cross-phase integration scenarios	2026-10-08T18:44:48.5303551Z 18:44:48 [C2] CONTROL_RESULT sent to A2
software (3.12)	Ten cross-phase integration scenarios	2026-10-08T18:44:48.5309924Z 18:44:48 [A2] awaiting server durable receipt, CONTROL_RESULT queued locally (depth=1)
software (3.12)	Ten cross-phase integration scenarios	2026-10-08T18:44:48.5318934Z 18:44:48 [SERVER] control result stored (VENTILATION -> EXECUTED)
software (3.12)	Ten cross-phase integration scenarios	2026-10-08T18:44:48.5326288Z 18:44:48 [A2] offline queue empty
software (3.12)	Ten cross-phase integration scenarios	2026-10-08T18:44:48.5720803Z 18:44:48 [A2] heartbeat to A1 failed, reconnecting
software (3.12)	Ten cross-phase integration scenarios	2026-10-08T18:44:48.5779639Z 18:44:48 [B2] sample #9 soil moisture = 49.8% (temp=35.5C, hum=72.3%, light=651.9)
software (3.12)	Ten cross-phase integration scenarios	2026-10-08T18:44:48.5781445Z 18:44:48 [B2] next sampling interval = 0.1s
software (3.12)	Ten cross-phase integration scenarios	2026-10-08T18:44:48.6003539Z 18:44:48 [B1] connected to gateway A2 (127.0.0.1)
software (3.12)	Ten cross-phase integration scenarios	2026-10-08T18:44:48.6005771Z 18:44:48 [B1] NODE_REGISTER sent to A2 (attempt 1)
software (3.12)	Ten cross-phase integration scenarios	2026-10-08T18:44:48.6481975Z 18:44:48 [C1] connected to gateway A2 (127.0.0.1)
software (3.12)	Ten cross-phase integration scenarios	2026-10-08T18:44:48.6484257Z 18:44:48 [C1] NODE_REGISTER sent to A2 (attempt 1)
software (3.12)	Ten cross-phase integration scenarios	2026-10-08T18:44:48.6792683Z 18:44:48 [B2] sample #10 soil moisture = 49.9% (temp=35.6C, hum=75.7%, light=554.5)
software (3.12)	Ten cross-phase integration scenarios	2026-10-08T18:44:48.6794043Z 18:44:48 [B2] next sampling interval = 0.1s
software (3.12)	Ten cross-phase integration scenarios	2026-10-08T18:44:48.7805043Z 18:44:48 [B2] sample #11 soil moisture = 50.0% (temp=35.8C, hum=78.0%, light=514.0)
software (3.12)	Ten cross-phase integration scenarios	2026-10-08T18:44:48.7811322Z 18:44:48 [B2] next sampling interval = 0.1s
software (3.12)	Ten cross-phase integration scenarios	2026-10-08T18:44:48.7814612Z 18:44:48 [A2] received SENSOR_DATA from B2
software (3.12)	Ten cross-phase integration scenarios	2026-10-08T18:44:48.7815284Z 18:44:48 [A2] edge decision = VENTILATION (temperature 35.8 > 32.0)
software (3.12)	Ten cross-phase integration scenarios	2026-10-08T18:44:48.7928535Z 18:44:48 [A2] awaiting server durable receipt, SENSOR_DATA queued locally (depth=1)
software (3.12)	Ten cross-phase integration scenarios	2026-10-08T18:44:48.7931555Z 18:44:48 [A2] command sent to C2 (VENTILATION 5s, command_id=355fa7f51a04, generation=1)
software (3.12)	Ten cross-phase integration scenarios	2026-10-08T18:44:48.7941473Z 18:44:48 [A2] awaiting server durable receipt, CONTROL_COMMAND queued locally (depth=2)
software (3.12)	Ten cross-phase integration scenarios	2026-10-08T18:44:48.7942237Z 18:44:48 [C2] VENTILATION command received (command_id=355fa7f51a04, duration=5s, generation=1)
software (3.12)	Ten cross-phase integration scenarios	2026-10-08T18:44:48.7944018Z 18:44:48 [C2] ACK sent (command_id=355fa7f51a04)
software (3.12)	Ten cross-phase integration scenarios	2026-10-08T18:44:48.7944902Z 18:44:48 [C2] safety check passed
software (3.12)	Ten cross-phase integration scenarios	2026-10-08T18:44:48.7947388Z 18:44:48 [SERVER] sensor data stored (B2 soil=50.0% temp=35.8C)
software (3.12)	Ten cross-phase integration scenarios	2026-10-08T18:44:48.7952099Z 18:44:48 [A2] ACK received (message_id=355fa7f51a04)
software (3.12)	Ten cross-phase integration scenarios	2026-10-08T18:44:48.7968346Z 18:44:48 [A2] offline queue empty
software (3.12)	Ten cross-phase integration scenarios	2026-10-08T18:44:48.8023613Z 18:44:48 [B1] connected to gateway A2 (127.0.0.1)
software (3.12)	Ten cross-phase integration scenarios	2026-10-08T18:44:48.8026085Z 18:44:48 [B1] NODE_REGISTER sent to A2 (attempt 1)
software (3.12)	Ten cross-phase integration scenarios	2026-10-08T18:44:48.8455828Z 18:44:48 [C2] ventilation executed
software (3.12)	Ten cross-phase integration scenarios	2026-10-08T18:44:48.8459614Z 18:44:48 [C2] CONTROL_RESULT sent to A2
software (3.12)	Ten cross-phase integration scenarios	2026-10-08T18:44:48.8466091Z 18:44:48 [A2] awaiting server durable receipt, CONTROL_RESULT queued locally (depth=1)
software (3.12)	Ten cross-phase integration scenarios	2026-10-08T18:44:48.8475357Z 18:44:48 [SERVER] control result stored (VENTILATION -> EXECUTED)
software (3.12)	Ten cross-phase integration scenarios	2026-10-08T18:44:48.8479753Z 18:44:48 [A2] offline queue empty
software (3.12)	Ten cross-phase integration scenarios	2026-10-08T18:44:48.8496658Z 18:44:48 [C1] connected to gateway A2 (127.0.0.1)
software (3.12)	Ten cross-phase integration scenarios	2026-10-08T18:44:48.8498997Z 18:44:48 [C1] NODE_REGISTER sent to A2 (attempt 1)
software (3.12)	Ten cross-phase integration scenarios	2026-10-08T18:44:48.8818034Z 18:44:48 [B2] sample #12 soil moisture = 49.9% (temp=35.8C, hum=79.6%, light=597.6)
software (3.12)	Ten cross-phase integration scenarios	2026-10-08T18:44:48.8819860Z 18:44:48 [B2] next sampling interval = 0.1s
software (3.12)	Ten cross-phase integration scenarios	2026-10-08T18:44:48.9708145Z 18:44:48 [SERVER] SERVER_POLICY v1 pushed to A2
software (3.12)	Ten cross-phase integration scenarios	2026-10-08T18:44:48.9709739Z 18:44:48 [A2] SERVER_POLICY v1 ignored (already at v1)
software (3.12)	Ten cross-phase integration scenarios	2026-10-08T18:44:48.9754759Z 18:44:48 [A2] FAILOVER A1 -> OFFLINE
software (3.12)	Ten cross-phase integration scenarios	2026-10-08T18:44:48.9755134Z 18:44:48 [A2] taking ownership of B1
software (3.12)	Ten cross-phase integration scenarios	2026-10-08T18:44:48.9755368Z 18:44:48 [A2] taking ownership of C1
software (3.12)	Ten cross-phase integration scenarios	2026-10-08T18:44:48.9755590Z 18:44:48 [A2] ownership generation = 1 -> 2
software (3.12)	Ten cross-phase integration scenarios	2026-10-08T18:44:48.9775290Z 18:44:48 [A2] awaiting server durable receipt, ALERT queued locally (depth=1)
software (3.12)	Ten cross-phase integration scenarios	2026-10-08T18:44:48.9789575Z 18:44:48 [SERVER] alert stored (GATEWAY_FAILOVER: takeover from A1)
software (3.12)	Ten cross-phase integration scenarios	2026-10-08T18:44:48.9793285Z 18:44:48 [C2] owner_gateway = A2 (generation=2)
software (3.12)	Ten cross-phase integration scenarios	2026-10-08T18:44:48.9793678Z 18:44:48 [B2] owner_gateway=A2 generation=2
software (3.12)	Ten cross-phase integration scenarios	2026-10-08T18:44:48.9798546Z 18:44:48 [A2] offline queue empty
software (3.12)	Ten cross-phase integration scenarios	2026-10-08T18:44:48.9829790Z 18:44:48 [B2] sample #13 soil moisture = 49.9% (temp=36.1C, hum=76.0%, light=566.0)
software (3.12)	Ten cross-phase integration scenarios	2026-10-08T18:44:48.9831662Z 18:44:48 [B2] next sampling interval = 0.1s
software (3.12)	Ten cross-phase integration scenarios	2026-10-08T18:44:49.0042212Z 18:44:49 [B1] connected to gateway A2 (127.0.0.1)
software (3.12)	Ten cross-phase integration scenarios	2026-10-08T18:44:49.0044246Z 18:44:49 [B1] NODE_REGISTER sent to A2 (attempt 1)
software (3.12)	Ten cross-phase integration scenarios	2026-10-08T18:44:49.0045042Z 18:44:49 [A2] B1 registered (owner=A2, generation=2)
software (3.12)	Ten cross-phase integration scenarios	2026-10-08T18:44:49.0048037Z 18:44:49 [B1] registered with A2 (generation=2)
software (3.12)	Ten cross-phase integration scenarios	2026-10-08T18:44:49.0048585Z 18:44:49 [B1] sample #8 soil moisture = 10.0% (temp=25.8C, hum=53.3%, light=403.7)
software (3.12)	Ten cross-phase integration scenarios	2026-10-08T18:44:49.0050577Z 18:44:49 [B1] next sampling interval = 0.1s
software (3.12)	Ten cross-phase integration scenarios	2026-10-08T18:44:49.0512505Z 18:44:49 [C1] connected to gateway A2 (127.0.0.1)
software (3.12)	Ten cross-phase integration scenarios	2026-10-08T18:44:49.0514732Z 18:44:49 [C1] NODE_REGISTER sent to A2 (attempt 1)
software (3.12)	Ten cross-phase integration scenarios	2026-10-08T18:44:49.0515516Z 18:44:49 [A2] C1 registered (owner=A2, generation=2)
software (3.12)	Ten cross-phase integration scenarios	2026-10-08T18:44:49.0518470Z 18:44:49 [C1] registered with A2 (generation=2)
software (3.12)	Ten cross-phase integration scenarios	2026-10-08T18:44:49.0620655Z 18:44:49 [C1] IRRIGATION command received (command_id=stale-probe, duration=1s, generation=1)
software (3.12)	Ten cross-phase integration scenarios	2026-10-08T18:44:49.0621093Z 18:44:49 [C1] IRRIGATION command rejected: STALE_GENERATION
software (3.12)	Ten cross-phase integration scenarios	2026-10-08T18:44:49.0621377Z 18:44:49 [C1] CONTROL_RESULT REJECTED
software (3.12)	Ten cross-phase integration scenarios	2026-10-08T18:44:49.0633623Z 18:44:49 [A1] gateway started on 127.0.0.1:59509 (sensor=B1, controller=C1, peer=A2, generation=1, role=STANDBY)
software (3.12)	Ten cross-phase integration scenarios	2026-10-08T18:44:49.0643500Z 18:44:49 [A1] connected to server 127.0.0.1:35233
software (3.12)	Ten cross-phase integration scenarios	2026-10-08T18:44:49.0658224Z 18:44:49 [SERVER] gateway A1 connected
software (3.12)	Ten cross-phase integration scenarios	2026-10-08T18:44:49.0659901Z 18:44:49 [SERVER] duplicate SENSOR_DATA ignored (message_id=87e9dac78be3)
software (3.12)	Ten cross-phase integration scenarios	2026-10-08T18:44:49.0674090Z 18:44:49 [A1] peer link established with A2
software (3.12)	Ten cross-phase integration scenarios	2026-10-08T18:44:49.0679924Z 18:44:49 [A1] heartbeat -> A2
software (3.12)	Ten cross-phase integration scenarios	2026-10-08T18:44:49.0699966Z 18:44:49 [A1] offline queue empty
software (3.12)	Ten cross-phase integration scenarios	2026-10-08T18:44:49.0782552Z 18:44:49 [A2] peer link established with A1
software (3.12)	Ten cross-phase integration scenarios	2026-10-08T18:44:49.0782979Z 18:44:49 [A2] A1 is online
software (3.12)	Ten cross-phase integration scenarios	2026-10-08T18:44:49.0788397Z 18:44:49 [A2] heartbeat -> A1
software (3.12)	Ten cross-phase integration scenarios	2026-10-08T18:44:49.0802174Z 18:44:49 [A1] peer ownership generation = 2 (mine 1) - entering STANDBY
software (3.12)	Ten cross-phase integration scenarios	2026-10-08T18:44:49.0839197Z 18:44:49 [B2] sample #14 soil moisture = 50.1% (temp=35.8C, hum=76.9%, light=578.4)
software (3.12)	Ten cross-phase integration scenarios	2026-10-08T18:44:49.0841368Z 18:44:49 [B2] next sampling interval = 0.1s
software (3.12)	Ten cross-phase integration scenarios	2026-10-08T18:44:49.1057048Z 18:44:49 [B1] sample #9 soil moisture = 10.0% (temp=25.8C, hum=57.0%, light=416.2)
software (3.12)	Ten cross-phase integration scenarios	2026-10-08T18:44:49.1063847Z 18:44:49 [B1] next sampling interval = 0.1s
software (3.12)	Ten cross-phase integration scenarios	2026-10-08T18:44:49.1067486Z 18:44:49 [A2] received SENSOR_DATA from B1
software (3.12)	Ten cross-phase integration scenarios	2026-10-08T18:44:49.1070463Z 18:44:49 [A2] edge decision = IRRIGATION (soil_moisture 10.0 < 25.0)
software (3.12)	Ten cross-phase integration scenarios	2026-10-08T18:44:49.1114773Z 18:44:49 [A2] awaiting server durable receipt, SENSOR_DATA queued locally (depth=1)
software (3.12)	Ten cross-phase integration scenarios	2026-10-08T18:44:49.1117906Z 18:44:49 [A2] command sent to C1 (IRRIGATION 10s, command_id=b20ce248efe4, generation=2)
software (3.12)	Ten cross-phase integration scenarios	2026-10-08T18:44:49.1126633Z 18:44:49 [A2] awaiting server durable receipt, CONTROL_COMMAND queued locally (depth=2)
software (3.12)	Ten cross-phase integration scenarios	2026-10-08T18:44:49.1127566Z 18:44:49 [C1] IRRIGATION command received (command_id=b20ce248efe4, duration=10s, generation=2)
software (3.12)	Ten cross-phase integration scenarios	2026-10-08T18:44:49.1129301Z 18:44:49 [C1] ACK sent (command_id=b20ce248efe4)
software (3.12)	Ten cross-phase integration scenarios	2026-10-08T18:44:49.1130331Z 18:44:49 [C1] safety check passed
software (3.12)	Ten cross-phase integration scenarios	2026-10-08T18:44:49.1133397Z 18:44:49 [SERVER] sensor data stored (B1 soil=10.0% temp=25.8C)
software (3.12)	Ten cross-phase integration scenarios	2026-10-08T18:44:49.1137802Z 18:44:49 [A2] ACK received (message_id=b20ce248efe4)
software (3.12)	Ten cross-phase integration scenarios	2026-10-08T18:44:49.1153314Z 18:44:49 [A2] offline queue empty
software (3.12)	Ten cross-phase integration scenarios	2026-10-08T18:44:49.1636339Z 18:44:49 [C1] irrigation executed
software (3.12)	Ten cross-phase integration scenarios	2026-10-08T18:44:49.1640481Z 18:44:49 [C1] CONTROL_RESULT sent to A2
software (3.12)	Ten cross-phase integration scenarios	2026-10-08T18:44:49.1647552Z 18:44:49 [A2] awaiting server durable receipt, CONTROL_RESULT queued locally (depth=1)
software (3.12)	Ten cross-phase integration scenarios	2026-10-08T18:44:49.1655061Z 18:44:49 [SERVER] control result stored (IRRIGATION -> EXECUTED)
software (3.12)	Ten cross-phase integration scenarios	2026-10-08T18:44:49.1662543Z 18:44:49 [A2] offline queue empty
software (3.12)	Ten cross-phase integration scenarios	2026-10-08T18:44:49.1683585Z 18:44:49 [A1] A2 is online
software (3.12)	Ten cross-phase integration scenarios	2026-10-08T18:44:49.1689244Z 18:44:49 [A1] heartbeat -> A2
software (3.12)	Ten cross-phase integration scenarios	2026-10-08T18:44:49.1806994Z 18:44:49 [A2] heartbeat -> A1
software (3.12)	Ten cross-phase integration scenarios	2026-10-08T18:44:49.1847579Z 18:44:49 [B2] sample #15 soil moisture = 50.1% (temp=35.3C, hum=76.8%, light=687.7)
software (3.12)	Ten cross-phase integration scenarios	2026-10-08T18:44:49.1849302Z 18:44:49 [B2] next sampling interval = 0.1s
software (3.12)	Ten cross-phase integration scenarios	2026-10-08T18:44:49.2075573Z 18:44:49 [B1] sample #10 soil moisture = 10.1% (temp=26.2C, hum=58.0%, light=434.8)
software (3.12)	Ten cross-phase integration scenarios	2026-10-08T18:44:49.2076943Z 18:44:49 [B1] next sampling interval = 0.1s
software (3.12)	Ten cross-phase integration scenarios	2026-10-08T18:44:49.2701992Z 18:44:49 [A1] heartbeat -> A2
software (3.12)	Ten cross-phase integration scenarios	2026-10-08T18:44:49.2820686Z 18:44:49 [A2] heartbeat -> A1
software (3.12)	Ten cross-phase integration scenarios	2026-10-08T18:44:49.2851912Z 18:44:49 [B2] sample #16 soil moisture = 50.3% (temp=35.6C, hum=73.2%, light=712.1)
software (3.12)	Ten cross-phase integration scenarios	2026-10-08T18:44:49.2858646Z 18:44:49 [B2] next sampling interval = 0.1s
software (3.12)	Ten cross-phase integration scenarios	2026-10-08T18:44:49.2862374Z 18:44:49 [A2] received SENSOR_DATA from B2
software (3.12)	Ten cross-phase integration scenarios	2026-10-08T18:44:49.2862860Z 18:44:49 [A2] edge decision = VENTILATION (temperature 35.6 > 32.0)
software (3.12)	Ten cross-phase integration scenarios	2026-10-08T18:44:49.2867744Z 18:44:49 [A2] awaiting server durable receipt, SENSOR_DATA queued locally (depth=1)
software (3.12)	Ten cross-phase integration scenarios	2026-10-08T18:44:49.2870426Z 18:44:49 [A2] command sent to C2 (VENTILATION 5s, command_id=2f1fd1699190, generation=2)
software (3.12)	Ten cross-phase integration scenarios	2026-10-08T18:44:49.2879448Z 18:44:49 [A2] awaiting server durable receipt, CONTROL_COMMAND queued locally (depth=2)
software (3.12)	Ten cross-phase integration scenarios	2026-10-08T18:44:49.2880245Z 18:44:49 [C2] VENTILATION command received (command_id=2f1fd1699190, duration=5s, generation=2)
software (3.12)	Ten cross-phase integration scenarios	2026-10-08T18:44:49.2881941Z 18:44:49 [C2] ACK sent (command_id=2f1fd1699190)
software (3.12)	Ten cross-phase integration scenarios	2026-10-08T18:44:49.2883562Z 18:44:49 [C2] safety check passed
software (3.12)	Ten cross-phase integration scenarios	2026-10-08T18:44:49.2886381Z 18:44:49 [SERVER] sensor data stored (B2 soil=50.3% temp=35.6C)
software (3.12)	Ten cross-phase integration scenarios	2026-10-08T18:44:49.2890450Z 18:44:49 [A2] ACK received (message_id=2f1fd1699190)
software (3.12)	Ten cross-phase integration scenarios	2026-10-08T18:44:49.2907083Z 18:44:49 [A2] offline queue empty
software (3.12)	Ten cross-phase integration scenarios	2026-10-08T18:44:49.3078821Z 18:44:49 [B1] sample #11 soil moisture = 10.0% (temp=26.5C, hum=54.4%, light=384.2)
software (3.12)	Ten cross-phase integration scenarios	2026-10-08T18:44:49.3080802Z 18:44:49 [B1] next sampling interval = 0.1s
software (3.12)	Ten cross-phase integration scenarios	2026-10-08T18:44:49.3386685Z 18:44:49 [C2] ventilation executed
software (3.12)	Ten cross-phase integration scenarios	2026-10-08T18:44:49.3390778Z 18:44:49 [C2] CONTROL_RESULT sent to A2
software (3.12)	Ten cross-phase integration scenarios	2026-10-08T18:44:49.3729480Z 18:44:49 [A2] awaiting server durable receipt, CONTROL_RESULT queued locally (depth=1)
software (3.12)	Ten cross-phase integration scenarios	2026-10-08T18:44:49.3739696Z 18:44:49 [A1] heartbeat -> A2
software (3.12)	Ten cross-phase integration scenarios	2026-10-08T18:44:49.3742388Z 18:44:49 [SERVER] control result stored (VENTILATION -> EXECUTED)
software (3.12)	Ten cross-phase integration scenarios	2026-10-08T18:44:49.4716448Z 18:44:49 [A2] offline queue empty
software (3.12)	Ten cross-phase integration scenarios	2026-10-08T18:44:49.4723669Z 18:44:49 [A2] heartbeat -> A1
software (3.12)	Ten cross-phase integration scenarios	2026-10-08T18:44:49.4724274Z 18:44:49 [B2] sample #17 soil moisture = 50.2% (temp=35.1C, hum=70.2%, light=751.7)
software (3.12)	Ten cross-phase integration scenarios	2026-10-08T18:44:49.4727041Z 18:44:49 [B2] next sampling interval = 0.1s
software (3.12)	Ten cross-phase integration scenarios	2026-10-08T18:44:49.4730148Z 18:44:49 [B1] sample #12 soil moisture = 9.9% (temp=26.0C, hum=52.2%, light=331.0)
software (3.12)	Ten cross-phase integration scenarios	2026-10-08T18:44:49.4736503Z 18:44:49 [B1] next sampling interval = 0.1s
software (3.12)	Ten cross-phase integration scenarios	2026-10-08T18:44:49.4739938Z 18:44:49 [SERVER] SERVER_POLICY v1 pushed to A1, A2
software (3.12)	Ten cross-phase integration scenarios	2026-10-08T18:44:49.4747778Z 18:44:49 [A2] SERVER_POLICY v1 ignored (already at v1)
software (3.12)	Ten cross-phase integration scenarios	2026-10-08T18:44:49.4759924Z 18:44:49 [A1] SERVER_POLICY v1 applied (soil<25.0 -> 10s, temp>32.0 -> 5s)
software (3.12)	Ten cross-phase integration scenarios	2026-10-08T18:44:49.4760555Z 18:44:49 [A1] edge autonomy intact: policy is advisory, control stays local
software (3.12)	Ten cross-phase integration scenarios	2026-10-08T18:44:49.4765271Z 18:44:49 [A1] heartbeat -> A2
software (3.12)	Ten cross-phase integration scenarios	2026-10-08T18:44:49.4766100Z 18:44:49 [A2] received SENSOR_DATA from B1
software (3.12)	Ten cross-phase integration scenarios	2026-10-08T18:44:49.4766671Z 18:44:49 [A2] edge decision = IRRIGATION (soil_moisture 9.9 < 25.0)
software (3.12)	Ten cross-phase integration scenarios	2026-10-08T18:44:49.4778177Z 18:44:49 [A2] awaiting server durable receipt, SENSOR_DATA queued locally (depth=1)
software (3.12)	Ten cross-phase integration scenarios	2026-10-08T18:44:49.4781184Z 18:44:49 [A2] command sent to C1 (IRRIGATION 10s, command_id=b818e2a95d53, generation=2)
software (3.12)	Ten cross-phase integration scenarios	2026-10-08T18:44:49.4799982Z 18:44:49 [A2] awaiting server durable receipt, CONTROL_COMMAND queued locally (depth=2)
software (3.12)	Ten cross-phase integration scenarios	2026-10-08T18:44:49.4800769Z 18:44:49 [C1] IRRIGATION command received (command_id=b818e2a95d53, duration=10s, generation=2)
software (3.12)	Ten cross-phase integration scenarios	2026-10-08T18:44:49.4802485Z 18:44:49 [C1] ACK sent (command_id=b818e2a95d53)
software (3.12)	Ten cross-phase integration scenarios	2026-10-08T18:44:49.4803391Z 18:44:49 [C1] safety check passed
software (3.12)	Ten cross-phase integration scenarios	2026-10-08T18:44:49.4805511Z 18:44:49 [SERVER] sensor data stored (B1 soil=9.9% temp=26.0C)
software (3.12)	Ten cross-phase integration scenarios	2026-10-08T18:44:49.4809799Z 18:44:49 [A2] ACK received (message_id=b818e2a95d53)
software (3.12)	Ten cross-phase integration scenarios	2026-10-08T18:44:49.4840183Z 18:44:49 [A2] offline queue empty
software (3.12)	Ten cross-phase integration scenarios	2026-10-08T18:44:49.5312937Z 18:44:49 [C1] irrigation executed
software (3.12)	Ten cross-phase integration scenarios	2026-10-08T18:44:49.5316542Z 18:44:49 [C1] CONTROL_RESULT sent to A2
software (3.12)	Ten cross-phase integration scenarios	2026-10-08T18:44:49.5322758Z 18:44:49 [A2] awaiting server durable receipt, CONTROL_RESULT queued locally (depth=1)
software (3.12)	Ten cross-phase integration scenarios	2026-10-08T18:44:49.5328511Z 18:44:49 [SERVER] control result stored (IRRIGATION -> EXECUTED)
software (3.12)	Ten cross-phase integration scenarios	2026-10-08T18:44:49.5336396Z 18:44:49 [A2] offline queue empty
software (3.12)	Ten cross-phase integration scenarios	2026-10-08T18:44:49.5735392Z 18:44:49 [A2] heartbeat -> A1
software (3.12)	Ten cross-phase integration scenarios	2026-10-08T18:44:49.5735856Z 18:44:49 [B2] sample #18 soil moisture = 50.0% (temp=34.6C, hum=72.6%, light=760.1)
software (3.12)	Ten cross-phase integration scenarios	2026-10-08T18:44:49.5741864Z 18:44:49 [B2] next sampling interval = 0.1s
software (3.12)	Ten cross-phase integration scenarios	2026-10-08T18:44:49.5750268Z 18:44:49 [B1] sample #13 soil moisture = 9.9% (temp=26.1C, hum=51.1%, light=261.2)
software (3.12)	Ten cross-phase integration scenarios	2026-10-08T18:44:49.5751697Z 18:44:49 [B1] next sampling interval = 0.1s
software (3.12)	Ten cross-phase integration scenarios	2026-10-08T18:44:49.5754802Z 18:44:49 [A2] received SENSOR_DATA from B2
software (3.12)	Ten cross-phase integration scenarios	2026-10-08T18:44:49.5755286Z 18:44:49 [A2] edge decision = VENTILATION (temperature 34.6 > 32.0)
software (3.12)	Ten cross-phase integration scenarios	2026-10-08T18:44:49.5767036Z 18:44:49 [A2] awaiting server durable receipt, SENSOR_DATA queued locally (depth=1)
software (3.12)	Ten cross-phase integration scenarios	2026-10-08T18:44:49.5770196Z 18:44:49 [A2] command sent to C2 (VENTILATION 5s, command_id=293e81ec5c1a, generation=2)
software (3.12)	Ten cross-phase integration scenarios	2026-10-08T18:44:49.5779858Z 18:44:49 [A2] awaiting server durable receipt, CONTROL_COMMAND queued locally (depth=2)
software (3.12)	Ten cross-phase integration scenarios	2026-10-08T18:44:49.5780822Z 18:44:49 [C2] VENTILATION command received (command_id=293e81ec5c1a, duration=5s, generation=2)
software (3.12)	Ten cross-phase integration scenarios	2026-10-08T18:44:49.5782929Z 18:44:49 [C2] ACK sent (command_id=293e81ec5c1a)
software (3.12)	Ten cross-phase integration scenarios	2026-10-08T18:44:49.5784316Z 18:44:49 [C2] safety check passed
software (3.12)	Ten cross-phase integration scenarios	2026-10-08T18:44:49.5790703Z 18:44:49 [A1] heartbeat -> A2
software (3.12)	Ten cross-phase integration scenarios	2026-10-08T18:44:49.5794070Z 18:44:49 [SERVER] sensor data stored (B2 soil=50.0% temp=34.6C)
software (3.12)	Ten cross-phase integration scenarios	2026-10-08T18:44:49.5798971Z 18:44:49 [A2] ACK received (message_id=293e81ec5c1a)
software (3.12)	Ten cross-phase integration scenarios	2026-10-08T18:44:49.5822467Z 18:44:49 [A2] offline queue empty
software (3.12)	Ten cross-phase integration scenarios	2026-10-08T18:44:49.6295350Z 18:44:49 [C2] ventilation executed
software (3.12)	Ten cross-phase integration scenarios	2026-10-08T18:44:49.6299322Z 18:44:49 [C2] CONTROL_RESULT sent to A2
software (3.12)	Ten cross-phase integration scenarios	2026-10-08T18:44:49.6392316Z 18:44:49 [A2] awaiting server durable receipt, CONTROL_RESULT queued locally (depth=1)
software (3.12)	Ten cross-phase integration scenarios	2026-10-08T18:44:49.6399164Z 18:44:49 [SERVER] control result stored (VENTILATION -> EXECUTED)
software (3.12)	Ten cross-phase integration scenarios	2026-10-08T18:44:49.6408959Z 18:44:49 [A2] offline queue empty
software (3.12)	Ten cross-phase integration scenarios	2026-10-08T18:44:49.6747367Z 18:44:49 [A2] heartbeat -> A1
software (3.12)	Ten cross-phase integration scenarios	2026-10-08T18:44:49.6752853Z 18:44:49 [B2] sample #19 soil moisture = 49.9% (temp=34.6C, hum=68.9%, light=857.0)
software (3.12)	Ten cross-phase integration scenarios	2026-10-08T18:44:49.6754882Z 18:44:49 [B2] next sampling interval = 0.1s
software (3.12)	Ten cross-phase integration scenarios	2026-10-08T18:44:49.6763472Z 18:44:49 [B1] sample #14 soil moisture = 9.9% (temp=25.8C, hum=54.6%, light=287.4)
software (3.12)	Ten cross-phase integration scenarios	2026-10-08T18:44:49.6765096Z 18:44:49 [B1] next sampling interval = 0.1s
software (3.12)	Ten cross-phase integration scenarios	2026-10-08T18:44:49.6803905Z 18:44:49 [A1] heartbeat -> A2
software (3.12)	Ten cross-phase integration scenarios	2026-10-08T18:44:49.7763211Z 18:44:49 [A2] heartbeat -> A1
software (3.12)	Ten cross-phase integration scenarios	2026-10-08T18:44:49.7768646Z 18:44:49 [B2] sample #20 soil moisture = 50.0% (temp=35.1C, hum=65.9%, light=974.4)
software (3.12)	Ten cross-phase integration scenarios	2026-10-08T18:44:49.7775123Z 18:44:49 [B2] next sampling interval = 0.1s
software (3.12)	Ten cross-phase integration scenarios	2026-10-08T18:44:49.7784931Z 18:44:49 [B1] sample #15 soil moisture = 9.8% (temp=25.5C, hum=56.5%, light=258.5)
software (3.12)	Ten cross-phase integration scenarios	2026-10-08T18:44:49.7791283Z 18:44:49 [B1] next sampling interval = 0.1s
software (3.12)	Ten cross-phase integration scenarios	2026-10-08T18:44:49.7793983Z 18:44:49 [A2] received SENSOR_DATA from B2
software (3.12)	Ten cross-phase integration scenarios	2026-10-08T18:44:49.7794454Z 18:44:49 [A2] edge decision = VENTILATION (temperature 35.1 > 32.0)
software (3.12)	Ten cross-phase integration scenarios	2026-10-08T18:44:49.7799172Z 18:44:49 [A2] awaiting server durable receipt, SENSOR_DATA queued locally (depth=1)
software (3.12)	Ten cross-phase integration scenarios	2026-10-08T18:44:49.7802087Z 18:44:49 [A2] command sent to C2 (VENTILATION 5s, command_id=e518f567d45d, generation=2)
software (3.12)	Ten cross-phase integration scenarios	2026-10-08T18:44:49.7812190Z 18:44:49 [A2] awaiting server durable receipt, CONTROL_COMMAND queued locally (depth=2)
software (3.12)	Ten cross-phase integration scenarios	2026-10-08T18:44:49.7812764Z 18:44:49 [A2] received SENSOR_DATA from B1
software (3.12)	Ten cross-phase integration scenarios	2026-10-08T18:44:49.7813221Z 18:44:49 [A2] edge decision = IRRIGATION (soil_moisture 9.8 < 25.0)
software (3.12)	Ten cross-phase integration scenarios	2026-10-08T18:44:49.7817580Z 18:44:49 [A2] awaiting server durable receipt, SENSOR_DATA queued locally (depth=3)
software (3.12)	Ten cross-phase integration scenarios	2026-10-08T18:44:49.7820406Z 18:44:49 [A2] command sent to C1 (IRRIGATION 10s, command_id=058b99fac4e3, generation=2)
software (3.12)	Ten cross-phase integration scenarios	2026-10-08T18:44:49.7821163Z 18:44:49 [C2] VENTILATION command received (command_id=e518f567d45d, duration=5s, generation=2)
software (3.12)	Ten cross-phase integration scenarios	2026-10-08T18:44:49.7822611Z 18:44:49 [C2] ACK sent (command_id=e518f567d45d)
software (3.12)	Ten cross-phase integration scenarios	2026-10-08T18:44:49.7824490Z 18:44:49 [C2] safety check passed
software (3.12)	Ten cross-phase integration scenarios	2026-10-08T18:44:49.7829767Z 18:44:49 [A2] awaiting server durable receipt, CONTROL_COMMAND queued locally (depth=4)
software (3.12)	Ten cross-phase integration scenarios	2026-10-08T18:44:49.7832249Z 18:44:49 [SERVER] sensor data stored (B2 soil=50.0% temp=35.1C)
software (3.12)	Ten cross-phase integration scenarios	2026-10-08T18:44:49.7844683Z 18:44:49 [A1] heartbeat -> A2
software (3.12)	Ten cross-phase integration scenarios	2026-10-08T18:44:49.7846545Z 18:44:49 [C1] IRRIGATION command received (command_id=058b99fac4e3, duration=10s, generation=2)
software (3.12)	Ten cross-phase integration scenarios	2026-10-08T18:44:49.7848518Z 18:44:49 [C1] ACK sent (command_id=058b99fac4e3)
software (3.12)	Ten cross-phase integration scenarios	2026-10-08T18:44:49.7851716Z 18:44:49 [C1] safety check passed
software (3.12)	Ten cross-phase integration scenarios	2026-10-08T18:44:49.7852067Z 18:44:49 [A2] ACK received (message_id=e518f567d45d)
software (3.12)	Ten cross-phase integration scenarios	2026-10-08T18:44:49.7859058Z 18:44:49 [A2] ACK received (message_id=058b99fac4e3)
software (3.12)	Ten cross-phase integration scenarios	2026-10-08T18:44:49.7881701Z 18:44:49 [SERVER] sensor data stored (B1 soil=9.8% temp=25.5C)
software (3.12)	Ten cross-phase integration scenarios	2026-10-08T18:44:49.7904882Z 18:44:49 [A2] offline queue empty
software (3.12)	Ten cross-phase integration scenarios	2026-10-08T18:44:49.8327626Z 18:44:49 [C2] ventilation executed
software (3.12)	Ten cross-phase integration scenarios	2026-10-08T18:44:49.8331754Z 18:44:49 [C2] CONTROL_RESULT sent to A2
software (3.12)	Ten cross-phase integration scenarios	2026-10-08T18:44:49.8337776Z 18:44:49 [A2] awaiting server durable receipt, CONTROL_RESULT queued locally (depth=1)
software (3.12)	Ten cross-phase integration scenarios	2026-10-08T18:44:49.8343262Z 18:44:49 [SERVER] control result stored (VENTILATION -> EXECUTED)
software (3.12)	Ten cross-phase integration scenarios	2026-10-08T18:44:49.8399716Z 18:44:49 [A2] offline queue empty
software (3.12)	Ten cross-phase integration scenarios	2026-10-08T18:44:49.8400052Z 18:44:49 [C1] irrigation executed
software (3.12)	Ten cross-phase integration scenarios	2026-10-08T18:44:49.8404357Z 18:44:49 [C1] CONTROL_RESULT sent to A2
software (3.12)	Ten cross-phase integration scenarios	2026-10-08T18:44:49.8409600Z 18:44:49 [A2] awaiting server durable receipt, CONTROL_RESULT queued locally (depth=1)
software (3.12)	Ten cross-phase integration scenarios	2026-10-08T18:44:49.8414665Z 18:44:49 [SERVER] control result stored (IRRIGATION -> EXECUTED)
software (3.12)	Ten cross-phase integration scenarios	2026-10-08T18:44:49.8421677Z 18:44:49 [A2] offline queue empty
software (3.12)	Ten cross-phase integration scenarios	2026-10-08T18:44:49.8771953Z 18:44:49 [A2] heartbeat -> A1
software (3.12)	Ten cross-phase integration scenarios	2026-10-08T18:44:49.8829955Z 18:44:49 [B2] sample #21 soil moisture = 49.9% (temp=35.6C, hum=69.0%, light=1026.5)
software (3.12)	Ten cross-phase integration scenarios	2026-10-08T18:44:49.8832300Z 18:44:49 [B2] next sampling interval = 0.1s
software (3.12)	Ten cross-phase integration scenarios	2026-10-08T18:44:49.8835505Z 18:44:49 [B1] sample #16 soil moisture = 9.8% (temp=26.0C, hum=57.6%, light=302.8)
software (3.12)	Ten cross-phase integration scenarios	2026-10-08T18:44:49.8837103Z 18:44:49 [B1] next sampling interval = 0.1s
software (3.12)	Ten cross-phase integration scenarios	2026-10-08T18:44:49.8855846Z 18:44:49 [A1] heartbeat -> A2
software (3.12)	Ten cross-phase integration scenarios	2026-10-08T18:44:49.9750467Z 18:44:49 [SERVER] SERVER_POLICY v1 pushed to A1, A2
software (3.12)	Ten cross-phase integration scenarios	2026-10-08T18:44:49.9752942Z 18:44:49 [A2] SERVER_POLICY v1 ignored (already at v1)
software (3.12)	Ten cross-phase integration scenarios	2026-10-08T18:44:49.9753951Z 18:44:49 [A1] SERVER_POLICY v1 ignored (already at v1)
software (3.12)	Ten cross-phase integration scenarios	2026-10-08T18:44:49.9783972Z 18:44:49 [A2] heartbeat -> A1
software (3.12)	Ten cross-phase integration scenarios	2026-10-08T18:44:49.9836785Z 18:44:49 [B2] sample #22 soil moisture = 50.0% (temp=35.6C, hum=72.5%, light=1109.0)
software (3.12)	Ten cross-phase integration scenarios	2026-10-08T18:44:49.9844010Z 18:44:49 [B2] next sampling interval = 0.1s
software (3.12)	Ten cross-phase integration scenarios	2026-10-08T18:44:49.9847805Z 18:44:49 [B1] sample #17 soil moisture = 9.7% (temp=26.5C, hum=59.8%, light=190.5)
software (3.12)	Ten cross-phase integration scenarios	2026-10-08T18:44:49.9853914Z 18:44:49 [B1] next sampling interval = 0.1s
software (3.12)	Ten cross-phase integration scenarios	2026-10-08T18:44:49.9856665Z 18:44:49 [A2] received SENSOR_DATA from B2
software (3.12)	Ten cross-phase integration scenarios	2026-10-08T18:44:49.9857155Z 18:44:49 [A2] edge decision = VENTILATION (temperature 35.6 > 32.0)
software (3.12)	Ten cross-phase integration scenarios	2026-10-08T18:44:49.9862331Z 18:44:49 [A2] awaiting server durable receipt, SENSOR_DATA queued locally (depth=1)
software (3.12)	Ten cross-phase integration scenarios	2026-10-08T18:44:49.9865246Z 18:44:49 [A2] command sent to C2 (VENTILATION 5s, command_id=5a1f45e96b6d, generation=2)
software (3.12)	Ten cross-phase integration scenarios	2026-10-08T18:44:49.9871201Z 18:44:49 [A1] heartbeat -> A2
software (3.12)	Ten cross-phase integration scenarios	2026-10-08T18:44:49.9882119Z 18:44:49 [A2] awaiting server durable receipt, CONTROL_COMMAND queued locally (depth=2)
software (3.12)	Ten cross-phase integration scenarios	2026-10-08T18:44:49.9882695Z 18:44:49 [A2] received SENSOR_DATA from B1
software (3.12)	Ten cross-phase integration scenarios	2026-10-08T18:44:49.9883152Z 18:44:49 [A2] edge decision = IRRIGATION (soil_moisture 9.7 < 25.0)
software (3.12)	Ten cross-phase integration scenarios	2026-10-08T18:44:49.9888456Z 18:44:49 [A2] awaiting server durable receipt, SENSOR_DATA queued locally (depth=3)
software (3.12)	Ten cross-phase integration scenarios	2026-10-08T18:44:49.9891311Z 18:44:49 [A2] command sent to C1 (IRRIGATION 10s, command_id=7fcf1833b442, generation=2)
software (3.12)	Ten cross-phase integration scenarios	2026-10-08T18:44:49.9892095Z 18:44:49 [C2] VENTILATION command received (command_id=5a1f45e96b6d, duration=5s, generation=2)
software (3.12)	Ten cross-phase integration scenarios	2026-10-08T18:44:49.9893545Z 18:44:49 [C2] ACK sent (command_id=5a1f45e96b6d)
software (3.12)	Ten cross-phase integration scenarios	2026-10-08T18:44:49.9895620Z 18:44:49 [C2] safety check passed
software (3.12)	Ten cross-phase integration scenarios	2026-10-08T18:44:50.0085547Z 18:44:50 [A2] awaiting server durable receipt, CONTROL_COMMAND queued locally (depth=4)
software (3.12)	Ten cross-phase integration scenarios	2026-10-08T18:44:50.0088409Z 18:44:50 [SERVER] sensor data stored (B2 soil=50.0% temp=35.6C)
software (3.12)	Ten cross-phase integration scenarios	2026-10-08T18:44:50.0307884Z 18:44:50 [C1] IRRIGATION command received (command_id=7fcf1833b442, duration=10s, generation=2)
software (3.12)	Ten cross-phase integration scenarios	2026-10-08T18:44:50.0309376Z 18:44:50 [C1] ACK sent (command_id=7fcf1833b442)
software (3.12)	Ten cross-phase integration scenarios	2026-10-08T18:44:50.0312040Z 18:44:50 [C1] safety check passed
software (3.12)	Ten cross-phase integration scenarios	2026-10-08T18:44:50.0312691Z 18:44:50 [A2] ACK received (message_id=5a1f45e96b6d)
software (3.12)	Ten cross-phase integration scenarios	2026-10-08T18:44:50.0313755Z 18:44:50 [A2] ACK received (message_id=7fcf1833b442)
software (3.12)	Ten cross-phase integration scenarios	2026-10-08T18:44:50.0337391Z 18:44:50 [SERVER] sensor data stored (B1 soil=9.7% temp=26.5C)
software (3.12)	Ten cross-phase integration scenarios	2026-10-08T18:44:50.0358961Z 18:44:50 [A2] offline queue empty
software (3.12)	Ten cross-phase integration scenarios	2026-10-08T18:44:50.0399915Z 18:44:50 [C2] ventilation executed
software (3.12)	Ten cross-phase integration scenarios	2026-10-08T18:44:50.0404004Z 18:44:50 [C2] CONTROL_RESULT sent to A2
software (3.12)	Ten cross-phase integration scenarios	2026-10-08T18:44:50.0409521Z 18:44:50 [A2] awaiting server durable receipt, CONTROL_RESULT queued locally (depth=1)
software (3.12)	Ten cross-phase integration scenarios	2026-10-08T18:44:50.0414869Z 18:44:50 [SERVER] control result stored (VENTILATION -> EXECUTED)
software (3.12)	Ten cross-phase integration scenarios	2026-10-08T18:44:50.0422581Z 18:44:50 [A2] offline queue empty
software (3.12)	Ten cross-phase integration scenarios	2026-10-08T18:44:50.0793648Z 18:44:50 [A2] heartbeat -> A1
software (3.12)	Ten cross-phase integration scenarios	2026-10-08T18:44:50.0816012Z 18:44:50 [C1] irrigation executed
software (3.12)	Ten cross-phase integration scenarios	2026-10-08T18:44:50.0819797Z 18:44:50 [C1] CONTROL_RESULT sent to A2
software (3.12)	Ten cross-phase integration scenarios	2026-10-08T18:44:50.0825508Z 18:44:50 [A2] awaiting server durable receipt, CONTROL_RESULT queued locally (depth=1)
software (3.12)	Ten cross-phase integration scenarios	2026-10-08T18:44:50.0831977Z 18:44:50 [SERVER] control result stored (IRRIGATION -> EXECUTED)
software (3.12)	Ten cross-phase integration scenarios	2026-10-08T18:44:50.0839344Z 18:44:50 [A2] offline queue empty
software (3.12)	Ten cross-phase integration scenarios	2026-10-08T18:44:50.0850613Z 18:44:50 [B2] sample #23 soil moisture = 50.0% (temp=36.1C, hum=71.6%, light=1011.3)
software (3.12)	Ten cross-phase integration scenarios	2026-10-08T18:44:50.0853175Z 18:44:50 [B2] next sampling interval = 0.1s
software (3.12)	Ten cross-phase integration scenarios	2026-10-08T18:44:50.0856678Z 18:44:50 [B1] sample #18 soil moisture = 9.6% (temp=26.2C, hum=57.9%, light=296.8)
software (3.12)	Ten cross-phase integration scenarios	2026-10-08T18:44:50.0858532Z 18:44:50 [B1] next sampling interval = 0.1s
software (3.12)	Ten cross-phase integration scenarios	2026-10-08T18:44:50.0876874Z 18:44:50 [A1] heartbeat -> A2
software (3.12)	Ten cross-phase integration scenarios	2026-10-08T18:44:50.1807723Z 18:44:50 [A2] heartbeat -> A1
software (3.12)	Ten cross-phase integration scenarios	2026-10-08T18:44:50.2113663Z 18:44:50 [B2] sample #24 soil moisture = 50.0% (temp=35.7C, hum=75.1%, light=1055.7)
software (3.12)	Ten cross-phase integration scenarios	2026-10-08T18:44:50.2116132Z 18:44:50 [B2] next sampling interval = 0.1s
software (3.12)	Ten cross-phase integration scenarios	2026-10-08T18:44:50.2119755Z 18:44:50 [B1] sample #19 soil moisture = 9.7% (temp=26.7C, hum=56.5%, light=271.8)
software (3.12)	Ten cross-phase integration scenarios	2026-10-08T18:44:50.2121140Z 18:44:50 [B1] next sampling interval = 0.1s
software (3.12)	Ten cross-phase integration scenarios	2026-10-08T18:44:50.2128182Z 18:44:50 [A1] heartbeat -> A2
software (3.12)	Ten cross-phase integration scenarios	2026-10-08T18:44:50.2819301Z 18:44:50 [A2] heartbeat -> A1
software (3.12)	Ten cross-phase integration scenarios	2026-10-08T18:44:50.3122891Z 18:44:50 [B2] sample #25 soil moisture = 50.0% (temp=35.8C, hum=73.2%, light=1154.7)
software (3.12)	Ten cross-phase integration scenarios	2026-10-08T18:44:50.3125874Z 18:44:50 [B2] next sampling interval = 0.1s
software (3.12)	Ten cross-phase integration scenarios	2026-10-08T18:44:50.3129397Z 18:44:50 [B1] sample #20 soil moisture = 9.6% (temp=27.2C, hum=56.1%, light=210.9)
software (3.12)	Ten cross-phase integration scenarios	2026-10-08T18:44:50.3131368Z 18:44:50 [B1] next sampling interval = 0.1s
software (3.12)	Ten cross-phase integration scenarios	2026-10-08T18:44:50.3138917Z 18:44:50 [A1] heartbeat -> A2
software (3.12)	Ten cross-phase integration scenarios	2026-10-08T18:44:50.3830913Z 18:44:50 [A2] heartbeat -> A1
software (3.12)	Ten cross-phase integration scenarios	2026-10-08T18:44:50.4132343Z 18:44:50 [B2] sample #26 soil moisture = 49.9% (temp=35.6C, hum=71.9%, light=1077.4)
software (3.12)	Ten cross-phase integration scenarios	2026-10-08T18:44:50.4136237Z 18:44:50 [B2] next sampling interval = 0.1s
software (3.12)	Ten cross-phase integration scenarios	2026-10-08T18:44:50.4140237Z 18:44:50 [B1] sample #21 soil moisture = 9.7% (temp=27.3C, hum=54.2%, light=306.4)
software (3.12)	Ten cross-phase integration scenarios	2026-10-08T18:44:50.4146632Z 18:44:50 [B1] next sampling interval = 0.1s
software (3.12)	Ten cross-phase integration scenarios	2026-10-08T18:44:50.4153285Z 18:44:50 [A1] heartbeat -> A2
software (3.12)	Ten cross-phase integration scenarios	2026-10-08T18:44:50.4159290Z 18:44:50 [A2] received SENSOR_DATA from B1
software (3.12)	Ten cross-phase integration scenarios	2026-10-08T18:44:50.4159778Z 18:44:50 [A2] edge decision = IRRIGATION (soil_moisture 9.7 < 25.0)
software (3.12)	Ten cross-phase integration scenarios	2026-10-08T18:44:50.4229366Z 18:44:50 [A2] awaiting server durable receipt, SENSOR_DATA queued locally (depth=1)
software (3.12)	Ten cross-phase integration scenarios	2026-10-08T18:44:50.4232417Z 18:44:50 [A2] command sent to C1 (IRRIGATION 10s, command_id=16b9c4690374, generation=2)
software (3.12)	Ten cross-phase integration scenarios	2026-10-08T18:44:50.4247799Z 18:44:50 [A2] awaiting server durable receipt, CONTROL_COMMAND queued locally (depth=2)
software (3.12)	Ten cross-phase integration scenarios	2026-10-08T18:44:50.4248603Z 18:44:50 [C1] IRRIGATION command received (command_id=16b9c4690374, duration=10s, generation=2)
software (3.12)	Ten cross-phase integration scenarios	2026-10-08T18:44:50.4250409Z 18:44:50 [C1] ACK sent (command_id=16b9c4690374)
software (3.12)	Ten cross-phase integration scenarios	2026-10-08T18:44:50.4252147Z 18:44:50 [C1] safety check passed
software (3.12)	Ten cross-phase integration scenarios	2026-10-08T18:44:50.4254995Z 18:44:50 [SERVER] sensor data stored (B1 soil=9.7% temp=27.3C)
software (3.12)	Ten cross-phase integration scenarios	2026-10-08T18:44:50.4259703Z 18:44:50 [A2] ACK received (message_id=16b9c4690374)
software (3.12)	Ten cross-phase integration scenarios	2026-10-08T18:44:50.4278838Z 18:44:50 [A2] offline queue empty
software (3.12)	Ten cross-phase integration scenarios	2026-10-08T18:44:50.4763203Z 18:44:50 [SERVER] SERVER_POLICY v1 pushed to A1, A2
software (3.12)	Ten cross-phase integration scenarios	2026-10-08T18:44:50.4763697Z 18:44:50 [C1] irrigation executed
software (3.12)	Ten cross-phase integration scenarios	2026-10-08T18:44:50.4767190Z 18:44:50 [C1] CONTROL_RESULT sent to A2
software (3.12)	Ten cross-phase integration scenarios	2026-10-08T18:44:50.4769352Z 18:44:50 [A2] SERVER_POLICY v1 ignored (already at v1)
software (3.12)	Ten cross-phase integration scenarios	2026-10-08T18:44:50.4770673Z 18:44:50 [A1] SERVER_POLICY v1 ignored (already at v1)
software (3.12)	Ten cross-phase integration scenarios	2026-10-08T18:44:50.4777529Z 18:44:50 [A2] awaiting server durable receipt, CONTROL_RESULT queued locally (depth=1)
software (3.12)	Ten cross-phase integration scenarios	2026-10-08T18:44:50.4784222Z 18:44:50 [SERVER] control result stored (IRRIGATION -> EXECUTED)
software (3.12)	Ten cross-phase integration scenarios	2026-10-08T18:44:50.4792301Z 18:44:50 [A2] offline queue empty
software (3.12)	Ten cross-phase integration scenarios	2026-10-08T18:44:50.4838764Z 18:44:50 [A2] heartbeat -> A1
software (3.12)	Ten cross-phase integration scenarios	2026-10-08T18:44:50.5140743Z 18:44:50 [B2] sample #27 soil moisture = 50.1% (temp=36.0C, hum=73.6%, light=1118.1)
software (3.12)	Ten cross-phase integration scenarios	2026-10-08T18:44:50.5143653Z 18:44:50 [B2] next sampling interval = 0.1s
software (3.12)	Ten cross-phase integration scenarios	2026-10-08T18:44:50.5147619Z 18:44:50 [B1] sample #22 soil moisture = 9.8% (temp=27.1C, hum=52.0%, light=308.7)
software (3.12)	Ten cross-phase integration scenarios	2026-10-08T18:44:50.5149583Z 18:44:50 [B1] next sampling interval = 0.1s
software (3.12)	Ten cross-phase integration scenarios	2026-10-08T18:44:50.5168159Z 18:44:50 [A1] heartbeat -> A2
software (3.12)	Ten cross-phase integration scenarios	2026-10-08T18:44:50.5849398Z 18:44:50 [A2] heartbeat -> A1
software (3.12)	Ten cross-phase integration scenarios	2026-10-08T18:44:50.6153515Z 18:44:50 [B2] sample #28 soil moisture = 50.0% (temp=36.5C, hum=71.4%, light=1050.1)
software (3.12)	Ten cross-phase integration scenarios	2026-10-08T18:44:50.6156423Z 18:44:50 [B2] next sampling interval = 0.1s
software (3.12)	Ten cross-phase integration scenarios	2026-10-08T18:44:50.6159656Z 18:44:50 [B1] sample #23 soil moisture = 9.7% (temp=26.6C, hum=48.4%, light=339.3)
software (3.12)	Ten cross-phase integration scenarios	2026-10-08T18:44:50.6175373Z 18:44:50 [B1] next sampling interval = 0.1s
software (3.12)	Ten cross-phase integration scenarios	2026-10-08T18:44:50.6183532Z 18:44:50 [A1] heartbeat -> A2
software (3.12)	Ten cross-phase integration scenarios	2026-10-08T18:44:50.6184074Z 18:44:50 [A2] received SENSOR_DATA from B1
software (3.12)	Ten cross-phase integration scenarios	2026-10-08T18:44:50.6184565Z 18:44:50 [A2] edge decision = IRRIGATION (soil_moisture 9.7 < 25.0)
software (3.12)	Ten cross-phase integration scenarios	2026-10-08T18:44:50.6190467Z 18:44:50 [A2] awaiting server durable receipt, SENSOR_DATA queued locally (depth=1)
software (3.12)	Ten cross-phase integration scenarios	2026-10-08T18:44:50.6192994Z 18:44:50 [A2] command sent to C1 (IRRIGATION 10s, command_id=c0ca88a245bb, generation=2)
software (3.12)	Ten cross-phase integration scenarios	2026-10-08T18:44:50.6204843Z 18:44:50 [A2] awaiting server durable receipt, CONTROL_COMMAND queued locally (depth=2)
software (3.12)	Ten cross-phase integration scenarios	2026-10-08T18:44:50.6607971Z 18:44:50 [C1] IRRIGATION command received (command_id=c0ca88a245bb, duration=10s, generation=2)
software (3.12)	Ten cross-phase integration scenarios	2026-10-08T18:44:50.6610172Z 18:44:50 [C1] ACK sent (command_id=c0ca88a245bb)
software (3.12)	Ten cross-phase integration scenarios	2026-10-08T18:44:50.6612309Z 18:44:50 [C1] safety check passed
software (3.12)	Ten cross-phase integration scenarios	2026-10-08T18:44:50.6615540Z 18:44:50 [SERVER] sensor data stored (B1 soil=9.7% temp=26.6C)
software (3.12)	Ten cross-phase integration scenarios	2026-10-08T18:44:50.6620194Z 18:44:50 [A2] ACK received (message_id=c0ca88a245bb)
software (3.12)	Ten cross-phase integration scenarios	2026-10-08T18:44:50.6679436Z 18:44:50 [A2] offline queue empty
software (3.12)	Ten cross-phase integration scenarios	2026-10-08T18:44:50.6866454Z 18:44:50 [A2] heartbeat -> A1
software (3.12)	Ten cross-phase integration scenarios	2026-10-08T18:44:50.6879400Z 18:44:50 [A2] C1 disconnected
software (3.12)	Ten cross-phase integration scenarios	2026-10-08T18:44:50.6879754Z 18:44:50 [A2] C2 disconnected
software (3.12)	Ten cross-phase integration scenarios	2026-10-08T18:44:50.6880064Z 18:44:50 [A2] B1 disconnected
software (3.12)	Ten cross-phase integration scenarios	2026-10-08T18:44:50.6880355Z 18:44:50 [A2] B2 disconnected
software (3.12)	Ten cross-phase integration scenarios	2026-10-08T18:44:50.6884073Z 18:44:50 [SERVER] gateway A1 disconnected
software (3.12)	Ten cross-phase integration scenarios	2026-10-08T18:44:50.6903900Z 18:44:50 [SERVER] gateway A2 disconnected
software (3.12)	Ten cross-phase integration scenarios	2026-10-08T18:44:50.7417559Z recovery-fencing PASS
software (3.12)	Ten cross-phase integration scenarios	2026-10-08T18:44:50.8935140Z 18:44:50 [SERVER] listening on 127.0.0.1:0 (sqlite: /home/runner/work/_temp/smart-agriculture/phase123/fragment-corruption/server.db)
software (3.12)	Ten cross-phase integration scenarios	2026-10-08T18:44:50.8969147Z 18:44:50 [A1] gateway started on 127.0.0.1:0 (sensor=B1, controller=C1, peer=A2, generation=1, role=ACTIVE)
software (3.12)	Ten cross-phase integration scenarios	2026-10-08T18:44:50.9012451Z 18:44:50 [A1] connected to server 127.0.0.1:40275
software (3.12)	Ten cross-phase integration scenarios	2026-10-08T18:44:50.9012871Z 18:44:50 [A1] offline queue empty
software (3.12)	Ten cross-phase integration scenarios	2026-10-08T18:44:50.9013285Z 18:44:50 [A1] B1 registered (owner=A1, generation=1)
software (3.12)	Ten cross-phase integration scenarios	2026-10-08T18:44:51.0030907Z 18:44:51 [A1] received SENSOR_DATA from B1
software (3.12)	Ten cross-phase integration scenarios	2026-10-08T18:44:51.0046950Z 18:44:51 [A1] edge decision = VENTILATION (temperature 32.5 > 32.0)
software (3.12)	Ten cross-phase integration scenarios	2026-10-08T18:44:51.0063267Z 18:44:51 [A1] awaiting server durable receipt, CONTROL_RESULT queued locally (depth=2)
software (3.12)	Ten cross-phase integration scenarios	2026-10-08T18:44:51.0065425Z 18:44:51 [SERVER] gateway A1 connected
software (3.12)	Ten cross-phase integration scenarios	2026-10-08T18:44:51.0067446Z 18:44:51 [SERVER] sensor data stored (B1 soil=None% temp=32.5C)
software (3.12)	Ten cross-phase integration scenarios	2026-10-08T18:44:51.0079867Z 18:44:51 [SERVER] control result stored (VENTILATION -> NOT_DISPATCHED, reason=CONTROLLER_UNAVAILABLE)
software (3.12)	Ten cross-phase integration scenarios	2026-10-08T18:44:51.0086731Z 18:44:51 [A1] offline queue empty
software (3.12)	Ten cross-phase integration scenarios	2026-10-08T18:44:51.0171732Z 18:44:51 [SERVER] gateway A1 disconnected
software (3.12)	Ten cross-phase integration scenarios	2026-10-08T18:44:51.0194516Z fragment-corruption PASS
software (3.12)	Ten cross-phase integration scenarios	2026-10-08T18:44:51.1611593Z 18:44:51 [SERVER] listening on 127.0.0.1:0 (sqlite: /home/runner/work/_temp/smart-agriculture/phase123/queue-age/server.db)
software (3.12)	Ten cross-phase integration scenarios	2026-10-08T18:44:51.1641758Z 18:44:51 [A1] gateway started on 127.0.0.1:0 (sensor=B1, controller=C1, peer=A2, generation=1, role=ACTIVE)
software (3.12)	Ten cross-phase integration scenarios	2026-10-08T18:44:51.1701042Z 18:44:51 [A1] connected to server 127.0.0.1:43919
software (3.12)	Ten cross-phase integration scenarios	2026-10-08T18:44:51.1701663Z 18:44:51 [A1] offline queue empty
software (3.12)	Ten cross-phase integration scenarios	2026-10-08T18:44:51.1702001Z 18:44:51 [A1] B1 registered (owner=A1, generation=1)
software (3.12)	Ten cross-phase integration scenarios	2026-10-08T18:44:51.1708097Z 18:44:51 [A1] B1 registered (owner=A1, generation=1)
software (3.12)	Ten cross-phase integration scenarios	2026-10-08T18:44:51.1711621Z 18:44:51 [A1] received SENSOR_DATA from B1
software (3.12)	Ten cross-phase integration scenarios	2026-10-08T18:44:51.1734326Z 18:44:51 [A1] sensor B1 unusable for control -> decision skipped
software (3.12)	Ten cross-phase integration scenarios	2026-10-08T18:44:51.1740831Z 18:44:51 [SERVER] gateway A1 connected
software (3.12)	Ten cross-phase integration scenarios	2026-10-08T18:44:51.1742548Z 18:44:51 [SERVER] sensor data stored (B1 soil=None% temp=36C)
software (3.12)	Ten cross-phase integration scenarios	2026-10-08T18:44:51.1749959Z 18:44:51 [A1] offline queue empty
software (3.12)	Ten cross-phase integration scenarios	2026-10-08T18:44:51.1854801Z 18:44:51 [SERVER] gateway A1 disconnected
software (3.12)	Ten cross-phase integration scenarios	2026-10-08T18:44:51.1876323Z queue-age PASS
software (3.12)	Ten cross-phase integration scenarios	2026-10-08T18:44:51.5699360Z 18:44:51 [SERVER] listening on 127.0.0.1:0 (sqlite: /home/runner/work/_temp/smart-agriculture/phase123/corrupt-snapshot/server.db)
software (3.12)	Ten cross-phase integration scenarios	2026-10-08T18:44:51.5728896Z 18:44:51 [A1] gateway started on 127.0.0.1:0 (sensor=B1, controller=C1, peer=A2, generation=1, role=ACTIVE)
software (3.12)	Ten cross-phase integration scenarios	2026-10-08T18:44:51.5817743Z 18:44:51 [A1] connected to server 127.0.0.1:35283
software (3.12)	Ten cross-phase integration scenarios	2026-10-08T18:44:51.5818160Z 18:44:51 [A1] offline queue empty
software (3.12)	Ten cross-phase integration scenarios	2026-10-08T18:44:51.5818548Z 18:44:51 [A1] B1 registered (owner=A1, generation=1)
software (3.12)	Ten cross-phase integration scenarios	2026-10-08T18:44:51.5826432Z 18:44:51 [A1] received SENSOR_DATA from B1
software (3.12)	Ten cross-phase integration scenarios	2026-10-08T18:44:51.5836688Z 18:44:51 [A1] sensor B1 unusable for control -> decision skipped
software (3.12)	Ten cross-phase integration scenarios	2026-10-08T18:44:51.5842688Z 18:44:51 [SERVER] gateway A1 connected
software (3.12)	Ten cross-phase integration scenarios	2026-10-08T18:44:51.5844619Z 18:44:51 [SERVER] sensor data stored (B1 soil=None% temp=32.5C)
software (3.12)	Ten cross-phase integration scenarios	2026-10-08T18:44:51.5852201Z 18:44:51 [A1] offline queue empty
software (3.12)	Ten cross-phase integration scenarios	2026-10-08T18:44:51.5956841Z 18:44:51 [SERVER] gateway A1 disconnected
software (3.12)	Ten cross-phase integration scenarios	2026-10-08T18:44:51.5976587Z corrupt-snapshot PASS
software (3.12)	Ten cross-phase integration scenarios	2026-10-08T18:44:51.6039312Z 18:44:51 [SERVER] listening on 127.0.0.1:34357 (sqlite: /home/runner/work/_temp/smart-agriculture/phase123/server-replay/server.db)
software (3.12)	Ten cross-phase integration scenarios	2026-10-08T18:44:51.6067928Z 18:44:51 [A1] gateway started on 127.0.0.1:57397 (sensor=B1, controller=C1, peer=A2, generation=1, role=ACTIVE)
software (3.12)	Ten cross-phase integration scenarios	2026-10-08T18:44:51.6132362Z 18:44:51 [A2] gateway started on 127.0.0.1:32793 (sensor=B2, controller=C2, peer=A1, generation=1, role=ACTIVE)
software (3.12)	Ten cross-phase integration scenarios	2026-10-08T18:44:51.6135272Z 18:44:51 [A1] connected to server 127.0.0.1:34357
software (3.12)	Ten cross-phase integration scenarios	2026-10-08T18:44:51.6135681Z 18:44:51 [A1] offline queue empty
software (3.12)	Ten cross-phase integration scenarios	2026-10-08T18:44:51.6183215Z 18:44:51 [A2] connected to server 127.0.0.1:34357
software (3.12)	Ten cross-phase integration scenarios	2026-10-08T18:44:51.6186606Z 18:44:51 [A2] offline queue empty
software (3.12)	Ten cross-phase integration scenarios	2026-10-08T18:44:51.6193464Z 18:44:51 [A2] peer link established with A1
software (3.12)	Ten cross-phase integration scenarios	2026-10-08T18:44:51.6198689Z 18:44:51 [A2] heartbeat -> A1
software (3.12)	Ten cross-phase integration scenarios	2026-10-08T18:44:51.6213888Z 18:44:51 [SERVER] gateway A2 connected
software (3.12)	Ten cross-phase integration scenarios	2026-10-08T18:44:51.6239300Z 18:44:51 [A1] A2 is online
software (3.12)	Ten cross-phase integration scenarios	2026-10-08T18:44:51.7164455Z 18:44:51 [A1] peer link established with A2
software (3.12)	Ten cross-phase integration scenarios	2026-10-08T18:44:51.7168801Z 18:44:51 [A1] heartbeat -> A2
software (3.12)	Ten cross-phase integration scenarios	2026-10-08T18:44:51.8659942Z 18:44:51 [SERVER] gateway A1 connected
software (3.12)	Ten cross-phase integration scenarios	2026-10-08T18:44:51.8664712Z 18:44:51 [A2] A1 is online
software (3.12)	Ten cross-phase integration scenarios	2026-10-08T18:44:51.8672279Z 18:44:51 [A2] heartbeat -> A1
software (3.12)	Ten cross-phase integration scenarios	2026-10-08T18:44:51.8688364Z 18:44:51 [A1] heartbeat -> A2
software (3.12)	Ten cross-phase integration scenarios	2026-10-08T18:44:51.8712497Z 18:44:51 [C1] connected to gateway A1 (127.0.0.1)
software (3.12)	Ten cross-phase integration scenarios	2026-10-08T18:44:51.8714575Z 18:44:51 [C1] NODE_REGISTER sent to A1 (attempt 1)
software (3.12)	Ten cross-phase integration scenarios	2026-10-08T18:44:51.8715028Z 18:44:51 [C2] connected to gateway A2 (127.0.0.1)
software (3.12)	Ten cross-phase integration scenarios	2026-10-08T18:44:51.8716944Z 18:44:51 [C2] NODE_REGISTER sent to A2 (attempt 1)
software (3.12)	Ten cross-phase integration scenarios	2026-10-08T18:44:51.8717532Z 18:44:51 [B1] connected to gateway A1 (127.0.0.1)
software (3.12)	Ten cross-phase integration scenarios	2026-10-08T18:44:51.8719578Z 18:44:51 [B1] NODE_REGISTER sent to A1 (attempt 1)
software (3.12)	Ten cross-phase integration scenarios	2026-10-08T18:44:51.8720002Z 18:44:51 [B2] connected to gateway A2 (127.0.0.1)
software (3.12)	Ten cross-phase integration scenarios	2026-10-08T18:44:51.8721948Z 18:44:51 [B2] NODE_REGISTER sent to A2 (attempt 1)
software (3.12)	Ten cross-phase integration scenarios	2026-10-08T18:44:51.8722795Z 18:44:51 [A1] C1 registered (owner=A1, generation=1)
software (3.12)	Ten cross-phase integration scenarios	2026-10-08T18:44:51.8725523Z 18:44:51 [A2] C2 registered (owner=A2, generation=1)
software (3.12)	Ten cross-phase integration scenarios	2026-10-08T18:44:51.8728061Z 18:44:51 [A1] B1 registered (owner=A1, generation=1)
software (3.12)	Ten cross-phase integration scenarios	2026-10-08T18:44:51.8730481Z 18:44:51 [A2] B2 registered (owner=A2, generation=1)
software (3.12)	Ten cross-phase integration scenarios	2026-10-08T18:44:51.8733370Z 18:44:51 [C1] registered with A1 (generation=1)
software (3.12)	Ten cross-phase integration scenarios	2026-10-08T18:44:51.8733808Z 18:44:51 [C2] registered with A2 (generation=1)
software (3.12)	Ten cross-phase integration scenarios	2026-10-08T18:44:51.8734189Z 18:44:51 [B1] registered with A1 (generation=1)
software (3.12)	Ten cross-phase integration scenarios	2026-10-08T18:44:51.8734565Z 18:44:51 [B2] registered with A2 (generation=1)
software (3.12)	Ten cross-phase integration scenarios	2026-10-08T18:44:51.8736542Z 18:44:51 [B1] sample #1 soil moisture = 9.9% (temp=25.2C, hum=56.2%, light=733.6)
software (3.12)	Ten cross-phase integration scenarios	2026-10-08T18:44:51.8742369Z 18:44:51 [B1] next sampling interval = 0.2s
software (3.12)	Ten cross-phase integration scenarios	2026-10-08T18:44:51.8742906Z 18:44:51 [B2] sample #1 soil moisture = 49.9% (temp=35.4C, hum=61.6%, light=791.0)
software (3.12)	Ten cross-phase integration scenarios	2026-10-08T18:44:51.8748244Z 18:44:51 [B2] next sampling interval = 0.2s
software (3.12)	Ten cross-phase integration scenarios	2026-10-08T18:44:51.8750534Z 18:44:51 [A1] received SENSOR_DATA from B1
software (3.12)	Ten cross-phase integration scenarios	2026-10-08T18:44:51.8751007Z 18:44:51 [A1] edge decision = IRRIGATION (soil_moisture 9.9 < 25.0)
software (3.12)	Ten cross-phase integration scenarios	2026-10-08T18:44:51.8751467Z 18:44:51 [A2] received SENSOR_DATA from B2
software (3.12)	Ten cross-phase integration scenarios	2026-10-08T18:44:51.8751891Z 18:44:51 [A2] edge decision = VENTILATION (temperature 35.4 > 32.0)
software (3.12)	Ten cross-phase integration scenarios	2026-10-08T18:44:51.8756744Z 18:44:51 [A1] awaiting server durable receipt, SENSOR_DATA queued locally (depth=1)
software (3.12)	Ten cross-phase integration scenarios	2026-10-08T18:44:51.8759850Z 18:44:51 [A1] command sent to C1 (IRRIGATION 10s, command_id=fe9c6ac389c3, generation=1)
software (3.12)	Ten cross-phase integration scenarios	2026-10-08T18:44:51.9879637Z 18:44:51 [A2] awaiting server durable receipt, SENSOR_DATA queued locally (depth=1)
software (3.12)	Ten cross-phase integration scenarios	2026-10-08T18:44:51.9883630Z 18:44:51 [A2] command sent to C2 (VENTILATION 5s, command_id=5c8bec7232b3, generation=1)
software (3.12)	Ten cross-phase integration scenarios	2026-10-08T18:44:51.9892685Z 18:44:51 [A1] awaiting server durable receipt, CONTROL_COMMAND queued locally (depth=2)
software (3.12)	Ten cross-phase integration scenarios	2026-10-08T18:44:51.9900771Z 18:44:51 [A2] awaiting server durable receipt, CONTROL_COMMAND queued locally (depth=2)
software (3.12)	Ten cross-phase integration scenarios	2026-10-08T18:44:51.9901763Z 18:44:51 [C1] IRRIGATION command received (command_id=fe9c6ac389c3, duration=10s, generation=1)
software (3.12)	Ten cross-phase integration scenarios	2026-10-08T18:44:51.9903953Z 18:44:51 [C1] ACK sent (command_id=fe9c6ac389c3)
software (3.12)	Ten cross-phase integration scenarios	2026-10-08T18:44:51.9904358Z 18:44:51 [C1] safety check passed
software (3.12)	Ten cross-phase integration scenarios	2026-10-08T18:44:51.9905022Z 18:44:51 [C2] VENTILATION command received (command_id=5c8bec7232b3, duration=5s, generation=1)
software (3.12)	Ten cross-phase integration scenarios	2026-10-08T18:44:51.9906641Z 18:44:51 [C2] ACK sent (command_id=5c8bec7232b3)
software (3.12)	Ten cross-phase integration scenarios	2026-10-08T18:44:51.9906935Z 18:44:51 [C2] safety check passed
software (3.12)	Ten cross-phase integration scenarios	2026-10-08T18:44:51.9912048Z 18:44:51 [A2] heartbeat -> A1
software (3.12)	Ten cross-phase integration scenarios	2026-10-08T18:44:51.9917428Z 18:44:51 [A1] heartbeat -> A2
software (3.12)	Ten cross-phase integration scenarios	2026-10-08T18:44:51.9924844Z 18:44:51 [SERVER] sensor data stored (B1 soil=9.9% temp=25.2C)
software (3.12)	Ten cross-phase integration scenarios	2026-10-08T18:44:51.9930611Z 18:44:51 [SERVER] sensor data stored (B2 soil=49.9% temp=35.4C)
software (3.12)	Ten cross-phase integration scenarios	2026-10-08T18:44:51.9938276Z 18:44:51 [A1] ACK received (message_id=fe9c6ac389c3)
software (3.12)	Ten cross-phase integration scenarios	2026-10-08T18:44:51.9938743Z 18:44:51 [A2] ACK received (message_id=5c8bec7232b3)
software (3.12)	Ten cross-phase integration scenarios	2026-10-08T18:44:52.1859839Z 18:44:52 [C1] irrigation executed
software (3.12)	Ten cross-phase integration scenarios	2026-10-08T18:44:52.1862974Z 18:44:52 [C1] CONTROL_RESULT sent to A1
software (3.12)	Ten cross-phase integration scenarios	2026-10-08T18:44:52.1863565Z 18:44:52 [C2] ventilation executed
software (3.12)	Ten cross-phase integration scenarios	2026-10-08T18:44:52.1866697Z 18:44:52 [C2] CONTROL_RESULT sent to A2
software (3.12)	Ten cross-phase integration scenarios	2026-10-08T18:44:52.1867433Z 18:44:52 [B1] sample #2 soil moisture = 10.1% (temp=25.5C, hum=57.6%, light=634.4)
software (3.12)	Ten cross-phase integration scenarios	2026-10-08T18:44:52.1876003Z 18:44:52 [B1] next sampling interval = 0.1s
software (3.12)	Ten cross-phase integration scenarios	2026-10-08T18:44:52.1876539Z 18:44:52 [B2] sample #2 soil moisture = 49.9% (temp=35.7C, hum=63.9%, light=790.6)
software (3.12)	Ten cross-phase integration scenarios	2026-10-08T18:44:52.1882211Z 18:44:52 [B2] next sampling interval = 0.1s
software (3.12)	Ten cross-phase integration scenarios	2026-10-08T18:44:52.1887770Z 18:44:52 [A2] heartbeat -> A1
software (3.12)	Ten cross-phase integration scenarios	2026-10-08T18:44:52.1893115Z 18:44:52 [A1] heartbeat -> A2
software (3.12)	Ten cross-phase integration scenarios	2026-10-08T18:44:52.1913646Z 18:44:52 [A1] offline queue empty
software (3.12)	Ten cross-phase integration scenarios	2026-10-08T18:44:52.1914021Z 18:44:52 [A2] offline queue empty
software (3.12)	Ten cross-phase integration scenarios	2026-10-08T18:44:52.1915140Z 18:44:52 [A1] received SENSOR_DATA from B1
software (3.12)	Ten cross-phase integration scenarios	2026-10-08T18:44:52.1915664Z 18:44:52 [A1] edge decision = IRRIGATION (soil_moisture 10.1 < 25.0)
software (3.12)	Ten cross-phase integration scenarios	2026-10-08T18:44:52.1916152Z 18:44:52 [A2] received SENSOR_DATA from B2
software (3.12)	Ten cross-phase integration scenarios	2026-10-08T18:44:52.1916597Z 18:44:52 [A2] edge decision = VENTILATION (temperature 35.7 > 32.0)
software (3.12)	Ten cross-phase integration scenarios	2026-10-08T18:44:52.2170406Z 18:44:52 [A1] awaiting server durable receipt, CONTROL_RESULT queued locally (depth=1)
software (3.12)	Ten cross-phase integration scenarios	2026-10-08T18:44:52.2175289Z 18:44:52 [A1] awaiting server durable receipt, SENSOR_DATA queued locally (depth=2)
software (3.12)	Ten cross-phase integration scenarios	2026-10-08T18:44:52.2179792Z 18:44:52 [A2] awaiting server durable receipt, CONTROL_RESULT queued locally (depth=1)
software (3.12)	Ten cross-phase integration scenarios	2026-10-08T18:44:52.2183889Z 18:44:52 [A2] awaiting server durable receipt, SENSOR_DATA queued locally (depth=2)
software (3.12)	Ten cross-phase integration scenarios	2026-10-08T18:44:52.2187170Z 18:44:52 [A1] command sent to C1 (IRRIGATION 10s, command_id=a3cdb8f0b4d3, generation=1)
software (3.12)	Ten cross-phase integration scenarios	2026-10-08T18:44:52.2189743Z 18:44:52 [A2] command sent to C2 (VENTILATION 5s, command_id=c89ded68bc0f, generation=1)
software (3.12)	Ten cross-phase integration scenarios	2026-10-08T18:44:52.2201707Z 18:44:52 [A1] awaiting server durable receipt, CONTROL_COMMAND queued locally (depth=3)
software (3.12)	Ten cross-phase integration scenarios	2026-10-08T18:44:52.2205269Z 18:44:52 [A2] awaiting server durable receipt, CONTROL_COMMAND queued locally (depth=3)
software (3.12)	Ten cross-phase integration scenarios	2026-10-08T18:44:52.2206088Z 18:44:52 [C1] IRRIGATION command received (command_id=a3cdb8f0b4d3, duration=10s, generation=1)
software (3.12)	Ten cross-phase integration scenarios	2026-10-08T18:44:52.2208053Z 18:44:52 [C1] ACK sent (command_id=a3cdb8f0b4d3)
software (3.12)	Ten cross-phase integration scenarios	2026-10-08T18:44:52.2208499Z 18:44:52 [C1] safety check passed
software (3.12)	Ten cross-phase integration scenarios	2026-10-08T18:44:52.2209208Z 18:44:52 [C2] VENTILATION command received (command_id=c89ded68bc0f, duration=5s, generation=1)
software (3.12)	Ten cross-phase integration scenarios	2026-10-08T18:44:52.2210855Z 18:44:52 [C2] ACK sent (command_id=c89ded68bc0f)
software (3.12)	Ten cross-phase integration scenarios	2026-10-08T18:44:52.2211318Z 18:44:52 [C2] safety check passed
software (3.12)	Ten cross-phase integration scenarios	2026-10-08T18:44:52.2213424Z 18:44:52 [SERVER] control result stored (IRRIGATION -> EXECUTED)
software (3.12)	Ten cross-phase integration scenarios	2026-10-08T18:44:52.2218168Z 18:44:52 [SERVER] control result stored (VENTILATION -> EXECUTED)
software (3.12)	Ten cross-phase integration scenarios	2026-10-08T18:44:52.2222879Z 18:44:52 [A1] ACK received (message_id=a3cdb8f0b4d3)
software (3.12)	Ten cross-phase integration scenarios	2026-10-08T18:44:52.2223962Z 18:44:52 [A2] ACK received (message_id=c89ded68bc0f)
software (3.12)	Ten cross-phase integration scenarios	2026-10-08T18:44:52.2245820Z 18:44:52 [SERVER] sensor data stored (B1 soil=10.1% temp=25.5C)
software (3.12)	Ten cross-phase integration scenarios	2026-10-08T18:44:52.2251540Z 18:44:52 [SERVER] sensor data stored (B2 soil=49.9% temp=35.7C)
software (3.12)	Ten cross-phase integration scenarios	2026-10-08T18:44:52.2285330Z 18:44:52 [A1] offline queue empty
software (3.12)	Ten cross-phase integration scenarios	2026-10-08T18:44:52.2285625Z 18:44:52 [A2] offline queue empty
software (3.12)	Ten cross-phase integration scenarios	2026-10-08T18:44:52.2717867Z 18:44:52 [C1] irrigation executed
software (3.12)	Ten cross-phase integration scenarios	2026-10-08T18:44:52.2721413Z 18:44:52 [C1] CONTROL_RESULT sent to A1
software (3.12)	Ten cross-phase integration scenarios	2026-10-08T18:44:52.2721805Z 18:44:52 [C2] ventilation executed
software (3.12)	Ten cross-phase integration scenarios	2026-10-08T18:44:52.2724217Z 18:44:52 [C2] CONTROL_RESULT sent to A2
software (3.12)	Ten cross-phase integration scenarios	2026-10-08T18:44:52.2731942Z 18:44:52 [A1] awaiting server durable receipt, CONTROL_RESULT queued locally (depth=1)
software (3.12)	Ten cross-phase integration scenarios	2026-10-08T18:44:52.2735940Z 18:44:52 [A2] awaiting server durable receipt, CONTROL_RESULT queued locally (depth=1)
software (3.12)	Ten cross-phase integration scenarios	2026-10-08T18:44:52.4731844Z 18:44:52 [SERVER] control result stored (IRRIGATION -> EXECUTED)
software (3.12)	Ten cross-phase integration scenarios	2026-10-08T18:44:52.4737018Z 18:44:52 [SERVER] control result stored (VENTILATION -> EXECUTED)
software (3.12)	Ten cross-phase integration scenarios	2026-10-08T18:44:52.4741259Z 18:44:52 [B1] sample #3 soil moisture = 10.0% (temp=25.4C, hum=53.9%, light=635.7)
software (3.12)	Ten cross-phase integration scenarios	2026-10-08T18:44:52.4743247Z 18:44:52 [B1] next sampling interval = 0.1s
software (3.12)	Ten cross-phase integration scenarios	2026-10-08T18:44:52.4743772Z 18:44:52 [B2] sample #3 soil moisture = 49.8% (temp=35.1C, hum=63.4%, light=875.1)
software (3.12)	Ten cross-phase integration scenarios	2026-10-08T18:44:52.4745031Z 18:44:52 [B2] next sampling interval = 0.1s
software (3.12)	Ten cross-phase integration scenarios	2026-10-08T18:44:52.4752367Z 18:44:52 [A2] heartbeat -> A1
software (3.12)	Ten cross-phase integration scenarios	2026-10-08T18:44:52.4757788Z 18:44:52 [A1] heartbeat -> A2
software (3.12)	Ten cross-phase integration scenarios	2026-10-08T18:44:52.4817027Z 18:44:52 [A1] offline queue empty
software (3.12)	Ten cross-phase integration scenarios	2026-10-08T18:44:52.4817512Z 18:44:52 [A2] offline queue empty
software (3.12)	Ten cross-phase integration scenarios	2026-10-08T18:44:52.5751463Z 18:44:52 [B1] sample #4 soil moisture = 10.0% (temp=24.8C, hum=51.4%, light=646.5)
software (3.12)	Ten cross-phase integration scenarios	2026-10-08T18:44:52.5759013Z 18:44:52 [B1] next sampling interval = 0.1s
software (3.12)	Ten cross-phase integration scenarios	2026-10-08T18:44:52.5759536Z 18:44:52 [B2] sample #4 soil moisture = 49.8% (temp=35.1C, hum=65.4%, light=797.4)
software (3.12)	Ten cross-phase integration scenarios	2026-10-08T18:44:52.5760397Z 18:44:52 [B2] next sampling interval = 0.1s
software (3.12)	Ten cross-phase integration scenarios	2026-10-08T18:44:52.5767181Z 18:44:52 [A2] heartbeat -> A1
software (3.12)	Ten cross-phase integration scenarios	2026-10-08T18:44:52.5772239Z 18:44:52 [A1] heartbeat -> A2
software (3.12)	Ten cross-phase integration scenarios	2026-10-08T18:44:52.5775195Z 18:44:52 [A1] received SENSOR_DATA from B1
software (3.12)	Ten cross-phase integration scenarios	2026-10-08T18:44:52.5775691Z 18:44:52 [A1] edge decision = IRRIGATION (soil_moisture 10.0 < 25.0)
software (3.12)	Ten cross-phase integration scenarios	2026-10-08T18:44:52.5782560Z 18:44:52 [A1] awaiting server durable receipt, SENSOR_DATA queued locally (depth=1)
software (3.12)	Ten cross-phase integration scenarios	2026-10-08T18:44:52.5785627Z 18:44:52 [A1] command sent to C1 (IRRIGATION 10s, command_id=88763a79f3dc, generation=1)
software (3.12)	Ten cross-phase integration scenarios	2026-10-08T18:44:52.5840869Z 18:44:52 [A1] awaiting server durable receipt, CONTROL_COMMAND queued locally (depth=2)
software (3.12)	Ten cross-phase integration scenarios	2026-10-08T18:44:52.5852840Z 18:44:52 [SERVER] sensor data stored (B1 soil=10.0% temp=24.8C)
software (3.12)	Ten cross-phase integration scenarios	2026-10-08T18:44:52.5940609Z 18:44:52 [C1] IRRIGATION command received (command_id=88763a79f3dc, duration=10s, generation=1)
software (3.12)	Ten cross-phase integration scenarios	2026-10-08T18:44:52.5942200Z 18:44:52 [C1] ACK sent (command_id=88763a79f3dc)
software (3.12)	Ten cross-phase integration scenarios	2026-10-08T18:44:52.5942916Z 18:44:52 [C1] safety check passed
software (3.12)	Ten cross-phase integration scenarios	2026-10-08T18:44:52.5944772Z 18:44:52 [A1] ACK received (message_id=88763a79f3dc)
software (3.12)	Ten cross-phase integration scenarios	2026-10-08T18:44:52.7645797Z 18:44:52 [SERVER] SERVER_POLICY v1 pushed to A1, A2
software (3.12)	Ten cross-phase integration scenarios	2026-10-08T18:44:52.7646340Z 18:44:52 [C1] irrigation executed
software (3.12)	Ten cross-phase integration scenarios	2026-10-08T18:44:52.7648757Z 18:44:52 [C1] CONTROL_RESULT sent to A1
software (3.12)	Ten cross-phase integration scenarios	2026-10-08T18:44:52.7649405Z 18:44:52 [B1] sample #5 soil moisture = 10.1% (temp=24.5C, hum=52.2%, light=528.1)
software (3.12)	Ten cross-phase integration scenarios	2026-10-08T18:44:52.7651269Z 18:44:52 [B1] next sampling interval = 0.1s
software (3.12)	Ten cross-phase integration scenarios	2026-10-08T18:44:52.7651712Z 18:44:52 [B2] sample #5 soil moisture = 49.8% (temp=35.6C, hum=68.0%, light=700.4)
software (3.12)	Ten cross-phase integration scenarios	2026-10-08T18:44:52.7658657Z 18:44:52 [B2] next sampling interval = 0.1s
software (3.12)	Ten cross-phase integration scenarios	2026-10-08T18:44:52.7664057Z 18:44:52 [A2] heartbeat -> A1
software (3.12)	Ten cross-phase integration scenarios	2026-10-08T18:44:52.7669402Z 18:44:52 [A1] heartbeat -> A2
software (3.12)	Ten cross-phase integration scenarios	2026-10-08T18:44:52.7691279Z 18:44:52 [A2] SERVER_POLICY v1 applied (soil<25.0 -> 10s, temp>32.0 -> 5s)
software (3.12)	Ten cross-phase integration scenarios	2026-10-08T18:44:52.7691918Z 18:44:52 [A2] edge autonomy intact: policy is advisory, control stays local
software (3.12)	Ten cross-phase integration scenarios	2026-10-08T18:44:52.7700866Z 18:44:52 [A1] SERVER_POLICY v1 applied (soil<25.0 -> 10s, temp>32.0 -> 5s)
software (3.12)	Ten cross-phase integration scenarios	2026-10-08T18:44:52.7701358Z 18:44:52 [A1] edge autonomy intact: policy is advisory, control stays local
software (3.12)	Ten cross-phase integration scenarios	2026-10-08T18:44:52.7709390Z 18:44:52 [A2] received SENSOR_DATA from B2
software (3.12)	Ten cross-phase integration scenarios	2026-10-08T18:44:52.7709822Z 18:44:52 [A2] edge decision = VENTILATION (temperature 35.6 > 32.0)
software (3.12)	Ten cross-phase integration scenarios	2026-10-08T18:44:52.7728951Z 18:44:52 [A1] awaiting server durable receipt, CONTROL_RESULT queued locally (depth=1)
software (3.12)	Ten cross-phase integration scenarios	2026-10-08T18:44:52.7732590Z 18:44:52 [A2] awaiting server durable receipt, SENSOR_DATA queued locally (depth=1)
software (3.12)	Ten cross-phase integration scenarios	2026-10-08T18:44:52.7735296Z 18:44:52 [A2] command sent to C2 (VENTILATION 5s, command_id=40937b0b4bc7, generation=1)
software (3.12)	Ten cross-phase integration scenarios	2026-10-08T18:44:52.7759287Z 18:44:52 [A2] awaiting server durable receipt, CONTROL_COMMAND queued locally (depth=2)
software (3.12)	Ten cross-phase integration scenarios	2026-10-08T18:44:52.7760868Z 18:44:52 [C2] VENTILATION command received (command_id=40937b0b4bc7, duration=5s, generation=1)
software (3.12)	Ten cross-phase integration scenarios	2026-10-08T18:44:52.7762676Z 18:44:52 [C2] ACK sent (command_id=40937b0b4bc7)
software (3.12)	Ten cross-phase integration scenarios	2026-10-08T18:44:52.7763430Z 18:44:52 [C2] safety check passed
software (3.12)	Ten cross-phase integration scenarios	2026-10-08T18:44:52.7764620Z 18:44:52 [A2] ACK received (message_id=40937b0b4bc7)
software (3.12)	Ten cross-phase integration scenarios	2026-10-08T18:44:52.8269035Z 18:44:52 [C2] ventilation executed
software (3.12)	Ten cross-phase integration scenarios	2026-10-08T18:44:52.8273231Z 18:44:52 [C2] CONTROL_RESULT sent to A2
software (3.12)	Ten cross-phase integration scenarios	2026-10-08T18:44:52.8279926Z 18:44:52 [A2] awaiting server durable receipt, CONTROL_RESULT queued locally (depth=3)
software (3.12)	Ten cross-phase integration scenarios	2026-10-08T18:44:52.8663059Z 18:44:52 [B1] sample #6 soil moisture = 10.1% (temp=24.8C, hum=53.7%, light=445.4)
software (3.12)	Ten cross-phase integration scenarios	2026-10-08T18:44:52.8670769Z 18:44:52 [B1] next sampling interval = 0.1s
software (3.12)	Ten cross-phase integration scenarios	2026-10-08T18:44:52.8671294Z 18:44:52 [B2] sample #6 soil moisture = 49.9% (temp=35.6C, hum=67.9%, light=723.7)
software (3.12)	Ten cross-phase integration scenarios	2026-10-08T18:44:52.8672285Z 18:44:52 [B2] next sampling interval = 0.1s
software (3.12)	Ten cross-phase integration scenarios	2026-10-08T18:44:52.8679420Z 18:44:52 [A2] heartbeat -> A1
software (3.12)	Ten cross-phase integration scenarios	2026-10-08T18:44:52.8684807Z 18:44:52 [A1] heartbeat -> A2
software (3.12)	Ten cross-phase integration scenarios	2026-10-08T18:44:52.8687839Z 18:44:52 [A1] received SENSOR_DATA from B1
software (3.12)	Ten cross-phase integration scenarios	2026-10-08T18:44:52.8688304Z 18:44:52 [A1] edge decision = IRRIGATION (soil_moisture 10.1 < 25.0)
software (3.12)	Ten cross-phase integration scenarios	2026-10-08T18:44:52.8694533Z 18:44:52 [A1] awaiting server durable receipt, SENSOR_DATA queued locally (depth=2)
software (3.12)	Ten cross-phase integration scenarios	2026-10-08T18:44:52.8699580Z 18:44:52 [A1] command sent to C1 (IRRIGATION 10s, command_id=e37c20de11fa, generation=1)
software (3.12)	Ten cross-phase integration scenarios	2026-10-08T18:44:52.9939622Z 18:44:52 [A1] awaiting server durable receipt, CONTROL_COMMAND queued locally (depth=3)
software (3.12)	Ten cross-phase integration scenarios	2026-10-08T18:44:52.9941967Z 18:44:52 [C1] IRRIGATION command received (command_id=e37c20de11fa, duration=10s, generation=1)
software (3.12)	Ten cross-phase integration scenarios	2026-10-08T18:44:52.9945077Z 18:44:52 [C1] ACK sent (command_id=e37c20de11fa)
software (3.12)	Ten cross-phase integration scenarios	2026-10-08T18:44:52.9945994Z 18:44:52 [C1] safety check passed
software (3.12)	Ten cross-phase integration scenarios	2026-10-08T18:44:52.9947580Z 18:44:52 [A1] ACK timeout for command_id=e37c20de11fa, retry 1/3
software (3.12)	Ten cross-phase integration scenarios	2026-10-08T18:44:52.9948302Z 18:44:52 [B1] sample #7 soil moisture = 9.9% (temp=25.4C, hum=52.4%, light=348.6)
software (3.12)	Ten cross-phase integration scenarios	2026-10-08T18:44:52.9950276Z 18:44:52 [B1] next sampling interval = 0.1s
software (3.12)	Ten cross-phase integration scenarios	2026-10-08T18:44:52.9950705Z 18:44:52 [B2] sample #7 soil moisture = 49.8% (temp=35.6C, hum=68.5%, light=615.5)
software (3.12)	Ten cross-phase integration scenarios	2026-10-08T18:44:52.9952007Z 18:44:52 [B2] next sampling interval = 0.1s
software (3.12)	Ten cross-phase integration scenarios	2026-10-08T18:44:52.9957432Z 18:44:52 [A2] heartbeat -> A1
software (3.12)	Ten cross-phase integration scenarios	2026-10-08T18:44:52.9962845Z 18:44:52 [A1] heartbeat -> A2
software (3.12)	Ten cross-phase integration scenarios	2026-10-08T18:44:52.9971802Z 18:44:52 [A1] command sent to C1 (IRRIGATION 10s, command_id=e37c20de11fa, generation=1)
software (3.12)	Ten cross-phase integration scenarios	2026-10-08T18:44:52.9972541Z 18:44:52 [A1] awaiting server durable receipt, CONTROL_COMMAND queued locally (depth=3)
software (3.12)	Ten cross-phase integration scenarios	2026-10-08T18:44:52.9973105Z 18:44:52 [A1] ACK received (message_id=e37c20de11fa)
software (3.12)	Ten cross-phase integration scenarios	2026-10-08T18:44:52.9981353Z 18:44:52 [A2] cloud OFFLINE; retry in 0.5s
software (3.12)	Ten cross-phase integration scenarios	2026-10-08T18:44:52.9981752Z 18:44:52 [A1] cloud OFFLINE; retry in 0.5s
software (3.12)	Ten cross-phase integration scenarios	2026-10-08T18:44:53.0455085Z 18:44:53 [C1] irrigation executed
software (3.12)	Ten cross-phase integration scenarios	2026-10-08T18:44:53.0459577Z 18:44:53 [C1] CONTROL_RESULT sent to A1
software (3.12)	Ten cross-phase integration scenarios	2026-10-08T18:44:53.0460230Z 18:44:53 [C1] IRRIGATION command received (command_id=e37c20de11fa, duration=10s, generation=1)
software (3.12)	Ten cross-phase integration scenarios	2026-10-08T18:44:53.0461432Z 18:44:53 [C1] ACK sent (command_id=e37c20de11fa)
software (3.12)	Ten cross-phase integration scenarios	2026-10-08T18:44:53.0462034Z 18:44:53 [C1] IRRIGATION command is a duplicate (command_id=e37c20de11fa) - not executed again
software (3.12)	Ten cross-phase integration scenarios	2026-10-08T18:44:53.0464036Z 18:44:53 [C1] CONTROL_RESULT sent to A1
software (3.12)	Ten cross-phase integration scenarios	2026-10-08T18:44:53.0472239Z 18:44:53 [A1] awaiting server durable receipt, CONTROL_RESULT queued locally (depth=4)
software (3.12)	Ten cross-phase integration scenarios	2026-10-08T18:44:53.0476273Z 18:44:53 [A1] awaiting server durable receipt, CONTROL_RESULT queued locally (depth=5)
software (3.12)	Ten cross-phase integration scenarios	2026-10-08T18:44:53.0959842Z 18:44:53 [B1] sample #8 soil moisture = 10.0% (temp=25.8C, hum=53.3%, light=403.7)
software (3.12)	Ten cross-phase integration scenarios	2026-10-08T18:44:53.0967025Z 18:44:53 [B1] next sampling interval = 0.1s
software (3.12)	Ten cross-phase integration scenarios	2026-10-08T18:44:53.0967695Z 18:44:53 [B2] sample #8 soil moisture = 49.9% (temp=35.0C, hum=72.1%, light=566.6)
software (3.12)	Ten cross-phase integration scenarios	2026-10-08T18:44:53.0975273Z 18:44:53 [B2] next sampling interval = 0.1s
software (3.12)	Ten cross-phase integration scenarios	2026-10-08T18:44:53.0980957Z 18:44:53 [A2] heartbeat -> A1
software (3.12)	Ten cross-phase integration scenarios	2026-10-08T18:44:53.0987845Z 18:44:53 [A1] heartbeat -> A2
software (3.12)	Ten cross-phase integration scenarios	2026-10-08T18:44:53.0992193Z 18:44:53 [A1] received SENSOR_DATA from B1
software (3.12)	Ten cross-phase integration scenarios	2026-10-08T18:44:53.0995565Z 18:44:53 [A1] edge decision = IRRIGATION (soil_moisture 10.0 < 25.0)
software (3.12)	Ten cross-phase integration scenarios	2026-10-08T18:44:53.0995885Z 18:44:53 [A2] received SENSOR_DATA from B2
software (3.12)	Ten cross-phase integration scenarios	2026-10-08T18:44:53.0996311Z 18:44:53 [A2] edge decision = VENTILATION (temperature 35.0 > 32.0)
software (3.12)	Ten cross-phase integration scenarios	2026-10-08T18:44:53.0999191Z 18:44:53 [A1] awaiting server durable receipt, SENSOR_DATA queued locally (depth=6)
software (3.12)	Ten cross-phase integration scenarios	2026-10-08T18:44:53.1005788Z 18:44:53 [A1] command sent to C1 (IRRIGATION 10s, command_id=4ff4e6374f12, generation=1)
software (3.12)	Ten cross-phase integration scenarios	2026-10-08T18:44:53.2040706Z 18:44:53 [A2] awaiting server durable receipt, SENSOR_DATA queued locally (depth=4)
software (3.12)	Ten cross-phase integration scenarios	2026-10-08T18:44:53.2044684Z 18:44:53 [A2] command sent to C2 (VENTILATION 5s, command_id=630772d0a5aa, generation=1)
software (3.12)	Ten cross-phase integration scenarios	2026-10-08T18:44:53.2054808Z 18:44:53 [A1] awaiting server durable receipt, CONTROL_COMMAND queued locally (depth=7)
software (3.12)	Ten cross-phase integration scenarios	2026-10-08T18:44:53.2058978Z 18:44:53 [A2] awaiting server durable receipt, CONTROL_COMMAND queued locally (depth=5)
software (3.12)	Ten cross-phase integration scenarios	2026-10-08T18:44:53.2060184Z 18:44:53 [C1] IRRIGATION command received (command_id=4ff4e6374f12, duration=10s, generation=1)
software (3.12)	Ten cross-phase integration scenarios	2026-10-08T18:44:53.2062416Z 18:44:53 [C1] ACK sent (command_id=4ff4e6374f12)
software (3.12)	Ten cross-phase integration scenarios	2026-10-08T18:44:53.2063380Z 18:44:53 [C1] safety check passed
software (3.12)	Ten cross-phase integration scenarios	2026-10-08T18:44:53.2064192Z 18:44:53 [C2] VENTILATION command received (command_id=630772d0a5aa, duration=5s, generation=1)
software (3.12)	Ten cross-phase integration scenarios	2026-10-08T18:44:53.2065872Z 18:44:53 [C2] ACK sent (command_id=630772d0a5aa)
software (3.12)	Ten cross-phase integration scenarios	2026-10-08T18:44:53.2066495Z 18:44:53 [C2] safety check passed
software (3.12)	Ten cross-phase integration scenarios	2026-10-08T18:44:53.2067430Z 18:44:53 [B1] sample #9 soil moisture = 10.0% (temp=25.8C, hum=57.0%, light=416.2)
software (3.12)	Ten cross-phase integration scenarios	2026-10-08T18:44:53.2069464Z 18:44:53 [B1] next sampling interval = 0.1s
software (3.12)	Ten cross-phase integration scenarios	2026-10-08T18:44:53.2069817Z 18:44:53 [B2] sample #9 soil moisture = 49.8% (temp=35.5C, hum=72.3%, light=651.9)
software (3.12)	Ten cross-phase integration scenarios	2026-10-08T18:44:53.2071095Z 18:44:53 [B2] next sampling interval = 0.1s
software (3.12)	Ten cross-phase integration scenarios	2026-10-08T18:44:53.2076664Z 18:44:53 [A2] heartbeat -> A1
software (3.12)	Ten cross-phase integration scenarios	2026-10-08T18:44:53.2082901Z 18:44:53 [A1] heartbeat -> A2
software (3.12)	Ten cross-phase integration scenarios	2026-10-08T18:44:53.2088432Z 18:44:53 [A1] ACK received (message_id=4ff4e6374f12)
software (3.12)	Ten cross-phase integration scenarios	2026-10-08T18:44:53.2088910Z 18:44:53 [A2] ACK received (message_id=630772d0a5aa)
software (3.12)	Ten cross-phase integration scenarios	2026-10-08T18:44:53.2568052Z 18:44:53 [C1] irrigation executed
software (3.12)	Ten cross-phase integration scenarios	2026-10-08T18:44:53.2571997Z 18:44:53 [C1] CONTROL_RESULT sent to A1
software (3.12)	Ten cross-phase integration scenarios	2026-10-08T18:44:53.2572838Z 18:44:53 [C2] ventilation executed
software (3.12)	Ten cross-phase integration scenarios	2026-10-08T18:44:53.2575559Z 18:44:53 [C2] CONTROL_RESULT sent to A2
software (3.12)	Ten cross-phase integration scenarios	2026-10-08T18:44:53.2581717Z 18:44:53 [A1] awaiting server durable receipt, CONTROL_RESULT queued locally (depth=8)
software (3.12)	Ten cross-phase integration scenarios	2026-10-08T18:44:53.2586892Z 18:44:53 [A2] awaiting server durable receipt, CONTROL_RESULT queued locally (depth=6)
software (3.12)	Ten cross-phase integration scenarios	2026-10-08T18:44:53.3080148Z 18:44:53 [B1] sample #10 soil moisture = 10.1% (temp=26.2C, hum=58.0%, light=434.8)
software (3.12)	Ten cross-phase integration scenarios	2026-10-08T18:44:53.3087179Z 18:44:53 [B1] next sampling interval = 0.1s
software (3.12)	Ten cross-phase integration scenarios	2026-10-08T18:44:53.3087814Z 18:44:53 [B2] sample #10 soil moisture = 49.9% (temp=35.6C, hum=75.7%, light=554.5)
software (3.12)	Ten cross-phase integration scenarios	2026-10-08T18:44:53.3088866Z 18:44:53 [B2] next sampling interval = 0.1s
software (3.12)	Ten cross-phase integration scenarios	2026-10-08T18:44:53.3094196Z 18:44:53 [A2] heartbeat -> A1
software (3.12)	Ten cross-phase integration scenarios	2026-10-08T18:44:53.3104901Z 18:44:53 [A1] heartbeat -> A2
software (3.12)	Ten cross-phase integration scenarios	2026-10-08T18:44:53.3109292Z 18:44:53 [A1] received SENSOR_DATA from B1
software (3.12)	Ten cross-phase integration scenarios	2026-10-08T18:44:53.3109797Z 18:44:53 [A1] edge decision = IRRIGATION (soil_moisture 10.1 < 25.0)
software (3.12)	Ten cross-phase integration scenarios	2026-10-08T18:44:53.3115671Z 18:44:53 [A1] awaiting server durable receipt, SENSOR_DATA queued locally (depth=9)
software (3.12)	Ten cross-phase integration scenarios	2026-10-08T18:44:53.3119021Z 18:44:53 [A1] command sent to C1 (IRRIGATION 10s, command_id=48286162fe4e, generation=1)
software (3.12)	Ten cross-phase integration scenarios	2026-10-08T18:44:53.3126746Z 18:44:53 [A1] awaiting server durable receipt, CONTROL_COMMAND queued locally (depth=10)
software (3.12)	Ten cross-phase integration scenarios	2026-10-08T18:44:53.3128002Z 18:44:53 [C1] IRRIGATION command received (command_id=48286162fe4e, duration=10s, generation=1)
software (3.12)	Ten cross-phase integration scenarios	2026-10-08T18:44:53.3129319Z 18:44:53 [C1] ACK sent (command_id=48286162fe4e)
software (3.12)	Ten cross-phase integration scenarios	2026-10-08T18:44:53.3130457Z 18:44:53 [C1] safety check passed
software (3.12)	Ten cross-phase integration scenarios	2026-10-08T18:44:53.3131357Z 18:44:53 [A1] ACK received (message_id=48286162fe4e)
software (3.12)	Ten cross-phase integration scenarios	2026-10-08T18:44:53.3634293Z 18:44:53 [C1] irrigation executed
software (3.12)	Ten cross-phase integration scenarios	2026-10-08T18:44:53.3638586Z 18:44:53 [C1] CONTROL_RESULT sent to A1
software (3.12)	Ten cross-phase integration scenarios	2026-10-08T18:44:53.3645402Z 18:44:53 [A1] awaiting server durable receipt, CONTROL_RESULT queued locally (depth=11)
software (3.12)	Ten cross-phase integration scenarios	2026-10-08T18:44:53.4089722Z 18:44:53 [B1] sample #11 soil moisture = 10.0% (temp=26.5C, hum=54.4%, light=384.2)
software (3.12)	Ten cross-phase integration scenarios	2026-10-08T18:44:53.4097841Z 18:44:53 [B1] next sampling interval = 0.1s
software (3.12)	Ten cross-phase integration scenarios	2026-10-08T18:44:53.4099250Z 18:44:53 [B2] sample #11 soil moisture = 50.0% (temp=35.8C, hum=78.0%, light=514.0)
software (3.12)	Ten cross-phase integration scenarios	2026-10-08T18:44:53.4105525Z 18:44:53 [B2] next sampling interval = 0.1s
software (3.12)	Ten cross-phase integration scenarios	2026-10-08T18:44:53.4111199Z 18:44:53 [A2] heartbeat -> A1
software (3.12)	Ten cross-phase integration scenarios	2026-10-08T18:44:53.4111834Z 18:44:53 [A1] received SENSOR_DATA from B1
software (3.12)	Ten cross-phase integration scenarios	2026-10-08T18:44:53.4112308Z 18:44:53 [A1] edge decision = IRRIGATION (soil_moisture 10.0 < 25.0)
software (3.12)	Ten cross-phase integration scenarios	2026-10-08T18:44:53.4118559Z 18:44:53 [A1] awaiting server durable receipt, SENSOR_DATA queued locally (depth=12)
software (3.12)	Ten cross-phase integration scenarios	2026-10-08T18:44:53.4121045Z 18:44:53 [A1] command sent to C1 (IRRIGATION 10s, command_id=69fb8229837b, generation=1)
software (3.12)	Ten cross-phase integration scenarios	2026-10-08T18:44:53.4130184Z 18:44:53 [A1] heartbeat -> A2
software (3.12)	Ten cross-phase integration scenarios	2026-10-08T18:44:53.4138370Z 18:44:53 [A1] awaiting server durable receipt, CONTROL_COMMAND queued locally (depth=13)
software (3.12)	Ten cross-phase integration scenarios	2026-10-08T18:44:53.4138960Z 18:44:53 [A2] received SENSOR_DATA from B2
software (3.12)	Ten cross-phase integration scenarios	2026-10-08T18:44:53.4139429Z 18:44:53 [A2] edge decision = VENTILATION (temperature 35.8 > 32.0)
software (3.12)	Ten cross-phase integration scenarios	2026-10-08T18:44:53.4527162Z 18:44:53 [A2] awaiting server durable receipt, SENSOR_DATA queued locally (depth=7)
software (3.12)	Ten cross-phase integration scenarios	2026-10-08T18:44:53.4530685Z 18:44:53 [A2] command sent to C2 (VENTILATION 5s, command_id=b1cfccd36f51, generation=1)
software (3.12)	Ten cross-phase integration scenarios	2026-10-08T18:44:53.4531775Z 18:44:53 [C1] IRRIGATION command received (command_id=69fb8229837b, duration=10s, generation=1)
software (3.12)	Ten cross-phase integration scenarios	2026-10-08T18:44:53.4532978Z 18:44:53 [C1] ACK sent (command_id=69fb8229837b)
software (3.12)	Ten cross-phase integration scenarios	2026-10-08T18:44:53.4534332Z 18:44:53 [C1] safety check passed
software (3.12)	Ten cross-phase integration scenarios	2026-10-08T18:44:53.4543347Z 18:44:53 [A2] awaiting server durable receipt, CONTROL_COMMAND queued locally (depth=8)
software (3.12)	Ten cross-phase integration scenarios	2026-10-08T18:44:53.4544302Z 18:44:53 [C2] VENTILATION command received (command_id=b1cfccd36f51, duration=5s, generation=1)
software (3.12)	Ten cross-phase integration scenarios	2026-10-08T18:44:53.4545950Z 18:44:53 [C2] ACK sent (command_id=b1cfccd36f51)
software (3.12)	Ten cross-phase integration scenarios	2026-10-08T18:44:53.4546776Z 18:44:53 [C2] safety check passed
software (3.12)	Ten cross-phase integration scenarios	2026-10-08T18:44:53.4547500Z 18:44:53 [A1] ACK received (message_id=69fb8229837b)
software (3.12)	Ten cross-phase integration scenarios	2026-10-08T18:44:53.4548194Z 18:44:53 [A2] ACK received (message_id=b1cfccd36f51)
software (3.12)	Ten cross-phase integration scenarios	2026-10-08T18:44:53.4994795Z 18:44:53 [A2] cloud OFFLINE; retry in 1s
software (3.12)	Ten cross-phase integration scenarios	2026-10-08T18:44:53.4995124Z 18:44:53 [A1] cloud OFFLINE; retry in 1s
software (3.12)	Ten cross-phase integration scenarios	2026-10-08T18:44:53.5045924Z 18:44:53 [C1] irrigation executed
software (3.12)	Ten cross-phase integration scenarios	2026-10-08T18:44:53.5050218Z 18:44:53 [C1] CONTROL_RESULT sent to A1
software (3.12)	Ten cross-phase integration scenarios	2026-10-08T18:44:53.5051137Z 18:44:53 [C2] ventilation executed
software (3.12)	Ten cross-phase integration scenarios	2026-10-08T18:44:53.5054332Z 18:44:53 [C2] CONTROL_RESULT sent to A2
software (3.12)	Ten cross-phase integration scenarios	2026-10-08T18:44:53.5060501Z 18:44:53 [A1] awaiting server durable receipt, CONTROL_RESULT queued locally (depth=14)
software (3.12)	Ten cross-phase integration scenarios	2026-10-08T18:44:53.5065289Z 18:44:53 [A2] awaiting server durable receipt, CONTROL_RESULT queued locally (depth=9)
software (3.12)	Ten cross-phase integration scenarios	2026-10-08T18:44:53.5106951Z 18:44:53 [B1] sample #12 soil moisture = 9.9% (temp=26.0C, hum=52.2%, light=331.0)
software (3.12)	Ten cross-phase integration scenarios	2026-10-08T18:44:53.5114780Z 18:44:53 [B1] next sampling interval = 0.1s
software (3.12)	Ten cross-phase integration scenarios	2026-10-08T18:44:53.5115160Z 18:44:53 [B2] sample #12 soil moisture = 49.9% (temp=35.8C, hum=79.6%, light=597.6)
software (3.12)	Ten cross-phase integration scenarios	2026-10-08T18:44:53.5115505Z 18:44:53 [B2] next sampling interval = 0.1s
software (3.12)	Ten cross-phase integration scenarios	2026-10-08T18:44:53.5126985Z 18:44:53 [A2] heartbeat -> A1
software (3.12)	Ten cross-phase integration scenarios	2026-10-08T18:44:53.5136193Z 18:44:53 [A1] heartbeat -> A2
software (3.12)	Ten cross-phase integration scenarios	2026-10-08T18:44:53.5763342Z 18:44:53 [A1] experiment offline batch, SENSOR_DATA queued locally (depth=15)
software (3.12)	Ten cross-phase integration scenarios	2026-10-08T18:44:53.5766433Z 18:44:53 [A1] experiment offline batch, SENSOR_DATA queued locally (depth=16)
software (3.12)	Ten cross-phase integration scenarios	2026-10-08T18:44:53.5770419Z 18:44:53 [A1] experiment offline batch, SENSOR_DATA queued locally (depth=17)
software (3.12)	Ten cross-phase integration scenarios	2026-10-08T18:44:53.7118748Z 18:44:53 [A1] experiment offline batch, SENSOR_DATA queued locally (depth=18)
software (3.12)	Ten cross-phase integration scenarios	2026-10-08T18:44:53.7122908Z 18:44:53 [A1] experiment offline batch, SENSOR_DATA queued locally (depth=19)
software (3.12)	Ten cross-phase integration scenarios	2026-10-08T18:44:53.7126681Z 18:44:53 [A1] experiment offline batch, SENSOR_DATA queued locally (depth=20)
software (3.12)	Ten cross-phase integration scenarios	2026-10-08T18:44:53.7224428Z 18:44:53 [A1] experiment offline batch, SENSOR_DATA queued locally (depth=21)
software (3.12)	Ten cross-phase integration scenarios	2026-10-08T18:44:53.7228256Z 18:44:53 [A1] experiment offline batch, SENSOR_DATA queued locally (depth=22)
software (3.12)	Ten cross-phase integration scenarios	2026-10-08T18:44:53.7232226Z 18:44:53 [A1] experiment offline batch, SENSOR_DATA queued locally (depth=23)
software (3.12)	Ten cross-phase integration scenarios	2026-10-08T18:44:53.7235929Z 18:44:53 [A1] experiment offline batch, SENSOR_DATA queued locally (depth=24)
software (3.12)	Ten cross-phase integration scenarios	2026-10-08T18:44:53.7239530Z 18:44:53 [A1] experiment offline batch, SENSOR_DATA queued locally (depth=25)
software (3.12)	Ten cross-phase integration scenarios	2026-10-08T18:44:53.7243162Z 18:44:53 [A1] experiment offline batch, SENSOR_DATA queued locally (depth=26)
software (3.12)	Ten cross-phase integration scenarios	2026-10-08T18:44:53.7246628Z 18:44:53 [A1] experiment offline batch, SENSOR_DATA queued locally (depth=27)
software (3.12)	Ten cross-phase integration scenarios	2026-10-08T18:44:53.7250163Z 18:44:53 [A1] experiment offline batch, SENSOR_DATA queued locally (depth=28)
software (3.12)	Ten cross-phase integration scenarios	2026-10-08T18:44:53.7254109Z 18:44:53 [A1] experiment offline batch, SENSOR_DATA queued locally (depth=29)
software (3.12)	Ten cross-phase integration scenarios	2026-10-08T18:44:53.7257824Z 18:44:53 [A1] experiment offline batch, SENSOR_DATA queued locally (depth=30)
software (3.12)	Ten cross-phase integration scenarios	2026-10-08T18:44:53.7261491Z 18:44:53 [A1] experiment offline batch, SENSOR_DATA queued locally (depth=31)
software (3.12)	Ten cross-phase integration scenarios	2026-10-08T18:44:53.7264927Z 18:44:53 [A1] experiment offline batch, SENSOR_DATA queued locally (depth=32)
software (3.12)	Ten cross-phase integration scenarios	2026-10-08T18:44:53.7268779Z 18:44:53 [A1] experiment offline batch, SENSOR_DATA queued locally (depth=33)
software (3.12)	Ten cross-phase integration scenarios	2026-10-08T18:44:53.7272183Z 18:44:53 [A1] experiment offline batch, SENSOR_DATA queued locally (depth=34)
software (3.12)	Ten cross-phase integration scenarios	2026-10-08T18:44:53.7275831Z 18:44:53 [A1] experiment offline batch, SENSOR_DATA queued locally (depth=35)
software (3.12)	Ten cross-phase integration scenarios	2026-10-08T18:44:53.7279816Z 18:44:53 [A1] experiment offline batch, SENSOR_DATA queued locally (depth=36)
software (3.12)	Ten cross-phase integration scenarios	2026-10-08T18:44:53.7283907Z 18:44:53 [A1] experiment offline batch, SENSOR_DATA queued locally (depth=37)
software (3.12)	Ten cross-phase integration scenarios	2026-10-08T18:44:53.7287581Z 18:44:53 [A1] experiment offline batch, SENSOR_DATA queued locally (depth=38)
software (3.12)	Ten cross-phase integration scenarios	2026-10-08T18:44:53.7291186Z 18:44:53 [A1] experiment offline batch, SENSOR_DATA queued locally (depth=39)
software (3.12)	Ten cross-phase integration scenarios	2026-10-08T18:44:53.7294745Z 18:44:53 [A1] experiment offline batch, SENSOR_DATA queued locally (depth=40)
software (3.12)	Ten cross-phase integration scenarios	2026-10-08T18:44:53.7298234Z 18:44:53 [A1] experiment offline batch, SENSOR_DATA queued locally (depth=41)
software (3.12)	Ten cross-phase integration scenarios	2026-10-08T18:44:53.7305328Z 18:44:53 [A1] experiment offline batch, SENSOR_DATA queued locally (depth=42)
software (3.12)	Ten cross-phase integration scenarios	2026-10-08T18:44:53.7308859Z 18:44:53 [A1] experiment offline batch, SENSOR_DATA queued locally (depth=43)
software (3.12)	Ten cross-phase integration scenarios	2026-10-08T18:44:53.7312572Z 18:44:53 [A1] experiment offline batch, SENSOR_DATA queued locally (depth=44)
software (3.12)	Ten cross-phase integration scenarios	2026-10-08T18:44:53.7315767Z 18:44:53 [A1] experiment offline batch, SENSOR_DATA queued locally (depth=45)
software (3.12)	Ten cross-phase integration scenarios	2026-10-08T18:44:53.7319181Z 18:44:53 [A1] experiment offline batch, SENSOR_DATA queued locally (depth=46)
software (3.12)	Ten cross-phase integration scenarios	2026-10-08T18:44:53.7323014Z 18:44:53 [A1] experiment offline batch, SENSOR_DATA queued locally (depth=47)
software (3.12)	Ten cross-phase integration scenarios	2026-10-08T18:44:53.7326684Z 18:44:53 [A1] experiment offline batch, SENSOR_DATA queued locally (depth=48)
software (3.12)	Ten cross-phase integration scenarios	2026-10-08T18:44:53.7330215Z 18:44:53 [A1] experiment offline batch, SENSOR_DATA queued locally (depth=49)
software (3.12)	Ten cross-phase integration scenarios	2026-10-08T18:44:53.7334631Z 18:44:53 [A1] experiment offline batch, SENSOR_DATA queued locally (depth=50)
software (3.12)	Ten cross-phase integration scenarios	2026-10-08T18:44:53.7350101Z 18:44:53 [A1] experiment offline batch, SENSOR_DATA queued locally (depth=51)
software (3.12)	Ten cross-phase integration scenarios	2026-10-08T18:44:53.7354053Z 18:44:53 [A1] experiment offline batch, SENSOR_DATA queued locally (depth=52)
software (3.12)	Ten cross-phase integration scenarios	2026-10-08T18:44:53.7358105Z 18:44:53 [A1] experiment offline batch, SENSOR_DATA queued locally (depth=53)
software (3.12)	Ten cross-phase integration scenarios	2026-10-08T18:44:53.7362053Z 18:44:53 [A1] experiment offline batch, SENSOR_DATA queued locally (depth=54)
software (3.12)	Ten cross-phase integration scenarios	2026-10-08T18:44:53.7366074Z 18:44:53 [A1] experiment offline batch, SENSOR_DATA queued locally (depth=55)
software (3.12)	Ten cross-phase integration scenarios	2026-10-08T18:44:53.7369573Z 18:44:53 [A1] experiment offline batch, SENSOR_DATA queued locally (depth=56)
software (3.12)	Ten cross-phase integration scenarios	2026-10-08T18:44:53.7373346Z 18:44:53 [A1] experiment offline batch, SENSOR_DATA queued locally (depth=57)
software (3.12)	Ten cross-phase integration scenarios	2026-10-08T18:44:53.7377113Z 18:44:53 [A1] experiment offline batch, SENSOR_DATA queued locally (depth=58)
software (3.12)	Ten cross-phase integration scenarios	2026-10-08T18:44:53.7381191Z 18:44:53 [A1] experiment offline batch, SENSOR_DATA queued locally (depth=59)
software (3.12)	Ten cross-phase integration scenarios	2026-10-08T18:44:53.8316759Z 18:44:53 [A1] experiment offline batch, SENSOR_DATA queued locally (depth=60)
software (3.12)	Ten cross-phase integration scenarios	2026-10-08T18:44:53.8321409Z 18:44:53 [A1] experiment offline batch, SENSOR_DATA queued locally (depth=61)
software (3.12)	Ten cross-phase integration scenarios	2026-10-08T18:44:53.8325904Z 18:44:53 [A1] experiment offline batch, SENSOR_DATA queued locally (depth=62)
software (3.12)	Ten cross-phase integration scenarios	2026-10-08T18:44:53.8329504Z 18:44:53 [A1] experiment offline batch, SENSOR_DATA queued locally (depth=63)
software (3.12)	Ten cross-phase integration scenarios	2026-10-08T18:44:53.8333371Z 18:44:53 [A1] experiment offline batch, SENSOR_DATA queued locally (depth=64)
software (3.12)	Ten cross-phase integration scenarios	2026-10-08T18:44:53.8336834Z 18:44:53 [A1] experiment offline batch, SENSOR_DATA queued locally (depth=65)
software (3.12)	Ten cross-phase integration scenarios	2026-10-08T18:44:53.9228981Z 18:44:53 [A1] experiment offline batch, SENSOR_DATA queued locally (depth=66)
software (3.12)	Ten cross-phase integration scenarios	2026-10-08T18:44:53.9236693Z 18:44:53 [A1] experiment offline batch, SENSOR_DATA queued locally (depth=67)
software (3.12)	Ten cross-phase integration scenarios	2026-10-08T18:44:53.9240446Z 18:44:53 [A1] experiment offline batch, SENSOR_DATA queued locally (depth=68)
software (3.12)	Ten cross-phase integration scenarios	2026-10-08T18:44:53.9244024Z 18:44:53 [A1] experiment offline batch, SENSOR_DATA queued locally (depth=69)
software (3.12)	Ten cross-phase integration scenarios	2026-10-08T18:44:53.9247502Z 18:44:53 [A1] experiment offline batch, SENSOR_DATA queued locally (depth=70)
software (3.12)	Ten cross-phase integration scenarios	2026-10-08T18:44:53.9251068Z 18:44:53 [A1] experiment offline batch, SENSOR_DATA queued locally (depth=71)
software (3.12)	Ten cross-phase integration scenarios	2026-10-08T18:44:53.9254499Z 18:44:53 [A1] experiment offline batch, SENSOR_DATA queued locally (depth=72)
software (3.12)	Ten cross-phase integration scenarios	2026-10-08T18:44:53.9258054Z 18:44:53 [A1] experiment offline batch, SENSOR_DATA queued locally (depth=73)
software (3.12)	Ten cross-phase integration scenarios	2026-10-08T18:44:53.9261542Z 18:44:53 [A1] experiment offline batch, SENSOR_DATA queued locally (depth=74)
software (3.12)	Ten cross-phase integration scenarios	2026-10-08T18:44:53.9264833Z 18:44:53 [A1] experiment offline batch, SENSOR_DATA queued locally (depth=75)
software (3.12)	Ten cross-phase integration scenarios	2026-10-08T18:44:53.9268333Z 18:44:53 [A1] experiment offline batch, SENSOR_DATA queued locally (depth=76)
software (3.12)	Ten cross-phase integration scenarios	2026-10-08T18:44:53.9271746Z 18:44:53 [A1] experiment offline batch, SENSOR_DATA queued locally (depth=77)
software (3.12)	Ten cross-phase integration scenarios	2026-10-08T18:44:53.9275204Z 18:44:53 [A1] experiment offline batch, SENSOR_DATA queued locally (depth=78)
software (3.12)	Ten cross-phase integration scenarios	2026-10-08T18:44:53.9278586Z 18:44:53 [A1] experiment offline batch, SENSOR_DATA queued locally (depth=79)
software (3.12)	Ten cross-phase integration scenarios	2026-10-08T18:44:53.9282203Z 18:44:53 [A1] experiment offline batch, SENSOR_DATA queued locally (depth=80)
software (3.12)	Ten cross-phase integration scenarios	2026-10-08T18:44:53.9285617Z 18:44:53 [A1] experiment offline batch, SENSOR_DATA queued locally (depth=81)
software (3.12)	Ten cross-phase integration scenarios	2026-10-08T18:44:53.9289287Z 18:44:53 [A1] experiment offline batch, SENSOR_DATA queued locally (depth=82)
software (3.12)	Ten cross-phase integration scenarios	2026-10-08T18:44:53.9292513Z 18:44:53 [A1] experiment offline batch, SENSOR_DATA queued locally (depth=83)
software (3.12)	Ten cross-phase integration scenarios	2026-10-08T18:44:53.9300521Z 18:44:53 [A1] experiment offline batch, SENSOR_DATA queued locally (depth=84)
software (3.12)	Ten cross-phase integration scenarios	2026-10-08T18:44:53.9310595Z 18:44:53 [A1] experiment offline batch, SENSOR_DATA queued locally (depth=85)
software (3.12)	Ten cross-phase integration scenarios	2026-10-08T18:44:53.9314010Z 18:44:53 [A1] experiment offline batch, SENSOR_DATA queued locally (depth=86)
software (3.12)	Ten cross-phase integration scenarios	2026-10-08T18:44:53.9317604Z 18:44:53 [A1] experiment offline batch, SENSOR_DATA queued locally (depth=87)
software (3.12)	Ten cross-phase integration scenarios	2026-10-08T18:44:53.9321254Z 18:44:53 [A1] experiment offline batch, SENSOR_DATA queued locally (depth=88)
software (3.12)	Ten cross-phase integration scenarios	2026-10-08T18:44:53.9324792Z 18:44:53 [A1] experiment offline batch, SENSOR_DATA queued locally (depth=89)
software (3.12)	Ten cross-phase integration scenarios	2026-10-08T18:44:53.9328414Z 18:44:53 [A1] experiment offline batch, SENSOR_DATA queued locally (depth=90)
software (3.12)	Ten cross-phase integration scenarios	2026-10-08T18:44:53.9331938Z 18:44:53 [A1] experiment offline batch, SENSOR_DATA queued locally (depth=91)
software (3.12)	Ten cross-phase integration scenarios	2026-10-08T18:44:53.9335317Z 18:44:53 [A1] experiment offline batch, SENSOR_DATA queued locally (depth=92)
software (3.12)	Ten cross-phase integration scenarios	2026-10-08T18:44:53.9542588Z 18:44:53 [A1] experiment offline batch, SENSOR_DATA queued locally (depth=93)
software (3.12)	Ten cross-phase integration scenarios	2026-10-08T18:44:53.9546248Z 18:44:53 [A1] experiment offline batch, SENSOR_DATA queued locally (depth=94)
software (3.12)	Ten cross-phase integration scenarios	2026-10-08T18:44:53.9549544Z 18:44:53 [A1] experiment offline batch, SENSOR_DATA queued locally (depth=95)
software (3.12)	Ten cross-phase integration scenarios	2026-10-08T18:44:53.9553316Z 18:44:53 [A1] experiment offline batch, SENSOR_DATA queued locally (depth=96)
software (3.12)	Ten cross-phase integration scenarios	2026-10-08T18:44:53.9556854Z 18:44:53 [A1] experiment offline batch, SENSOR_DATA queued locally (depth=97)
software (3.12)	Ten cross-phase integration scenarios	2026-10-08T18:44:53.9560743Z 18:44:53 [A1] experiment offline batch, SENSOR_DATA queued locally (depth=98)
software (3.12)	Ten cross-phase integration scenarios	2026-10-08T18:44:53.9564303Z 18:44:53 [A1] experiment offline batch, SENSOR_DATA queued locally (depth=99)
software (3.12)	Ten cross-phase integration scenarios	2026-10-08T18:44:53.9567525Z 18:44:53 [A1] experiment offline batch, SENSOR_DATA queued locally (depth=100)
software (3.12)	Ten cross-phase integration scenarios	2026-10-08T18:44:53.9570923Z 18:44:53 [A1] experiment offline batch, SENSOR_DATA queued locally (depth=101)
software (3.12)	Ten cross-phase integration scenarios	2026-10-08T18:44:53.9574197Z 18:44:53 [A1] experiment offline batch, SENSOR_DATA queued locally (depth=102)
software (3.12)	Ten cross-phase integration scenarios	2026-10-08T18:44:53.9577587Z 18:44:53 [A1] experiment offline batch, SENSOR_DATA queued locally (depth=103)
software (3.12)	Ten cross-phase integration scenarios	2026-10-08T18:44:53.9581318Z 18:44:53 [A1] experiment offline batch, SENSOR_DATA queued locally (depth=104)
software (3.12)	Ten cross-phase integration scenarios	2026-10-08T18:44:53.9585016Z 18:44:53 [A1] experiment offline batch, SENSOR_DATA queued locally (depth=105)
software (3.12)	Ten cross-phase integration scenarios	2026-10-08T18:44:53.9588291Z 18:44:53 [A1] experiment offline batch, SENSOR_DATA queued locally (depth=106)
software (3.12)	Ten cross-phase integration scenarios	2026-10-08T18:44:53.9591438Z 18:44:53 [A1] experiment offline batch, SENSOR_DATA queued locally (depth=107)
software (3.12)	Ten cross-phase integration scenarios	2026-10-08T18:44:53.9594914Z 18:44:53 [A1] experiment offline batch, SENSOR_DATA queued locally (depth=108)
software (3.12)	Ten cross-phase integration scenarios	2026-10-08T18:44:53.9601176Z 18:44:53 [A1] experiment offline batch, SENSOR_DATA queued locally (depth=109)
software (3.12)	Ten cross-phase integration scenarios	2026-10-08T18:44:53.9604634Z 18:44:53 [A1] experiment offline batch, SENSOR_DATA queued locally (depth=110)
software (3.12)	Ten cross-phase integration scenarios	2026-10-08T18:44:53.9609117Z 18:44:53 [A1] experiment offline batch, SENSOR_DATA queued locally (depth=111)
software (3.12)	Ten cross-phase integration scenarios	2026-10-08T18:44:53.9612892Z 18:44:53 [A1] experiment offline batch, SENSOR_DATA queued locally (depth=112)
software (3.12)	Ten cross-phase integration scenarios	2026-10-08T18:44:53.9616322Z 18:44:53 [A1] experiment offline batch, SENSOR_DATA queued locally (depth=113)
software (3.12)	Ten cross-phase integration scenarios	2026-10-08T18:44:53.9619681Z 18:44:53 [A1] experiment offline batch, SENSOR_DATA queued locally (depth=114)
software (3.12)	Ten cross-phase integration scenarios	2026-10-08T18:44:53.9623114Z 18:44:53 [A1] experiment offline batch, SENSOR_DATA queued locally (depth=115)
software (3.12)	Ten cross-phase integration scenarios	2026-10-08T18:44:53.9626491Z 18:44:53 [A1] experiment offline batch, SENSOR_DATA queued locally (depth=116)
software (3.12)	Ten cross-phase integration scenarios	2026-10-08T18:44:53.9629927Z 18:44:53 [A1] experiment offline batch, SENSOR_DATA queued locally (depth=117)
software (3.12)	Ten cross-phase integration scenarios	2026-10-08T18:44:53.9633777Z 18:44:53 [A1] experiment offline batch, SENSOR_DATA queued locally (depth=118)
software (3.12)	Ten cross-phase integration scenarios	2026-10-08T18:44:53.9636911Z 18:44:53 [A1] experiment offline batch, SENSOR_DATA queued locally (depth=119)
software (3.12)	Ten cross-phase integration scenarios	2026-10-08T18:44:53.9640397Z 18:44:53 [A1] experiment offline batch, SENSOR_DATA queued locally (depth=120)
software (3.12)	Ten cross-phase integration scenarios	2026-10-08T18:44:53.9644149Z 18:44:53 [A1] experiment offline batch, SENSOR_DATA queued locally (depth=121)
software (3.12)	Ten cross-phase integration scenarios	2026-10-08T18:44:53.9647457Z 18:44:53 [A1] experiment offline batch, SENSOR_DATA queued locally (depth=122)
software (3.12)	Ten cross-phase integration scenarios	2026-10-08T18:44:53.9651001Z 18:44:53 [A1] experiment offline batch, SENSOR_DATA queued locally (depth=123)
software (3.12)	Ten cross-phase integration scenarios	2026-10-08T18:44:53.9654193Z 18:44:53 [A1] experiment offline batch, SENSOR_DATA queued locally (depth=124)
software (3.12)	Ten cross-phase integration scenarios	2026-10-08T18:44:53.9657539Z 18:44:53 [A1] experiment offline batch, SENSOR_DATA queued locally (depth=125)
software (3.12)	Ten cross-phase integration scenarios	2026-10-08T18:44:53.9661314Z 18:44:53 [A1] experiment offline batch, SENSOR_DATA queued locally (depth=126)
software (3.12)	Ten cross-phase integration scenarios	2026-10-08T18:44:53.9664815Z 18:44:53 [A1] experiment offline batch, SENSOR_DATA queued locally (depth=127)
software (3.12)	Ten cross-phase integration scenarios	2026-10-08T18:44:53.9668394Z 18:44:53 [A1] experiment offline batch, SENSOR_DATA queued locally (depth=128)
software (3.12)	Ten cross-phase integration scenarios	2026-10-08T18:44:53.9671928Z 18:44:53 [A1] experiment offline batch, SENSOR_DATA queued locally (depth=129)
software (3.12)	Ten cross-phase integration scenarios	2026-10-08T18:44:53.9675176Z 18:44:53 [A1] experiment offline batch, SENSOR_DATA queued locally (depth=130)
software (3.12)	Ten cross-phase integration scenarios	2026-10-08T18:44:53.9678542Z 18:44:53 [A1] experiment offline batch, SENSOR_DATA queued locally (depth=131)
software (3.12)	Ten cross-phase integration scenarios	2026-10-08T18:44:53.9681994Z 18:44:53 [A1] experiment offline batch, SENSOR_DATA queued locally (depth=132)
software (3.12)	Ten cross-phase integration scenarios	2026-10-08T18:44:53.9685475Z 18:44:53 [A1] experiment offline batch, SENSOR_DATA queued locally (depth=133)
software (3.12)	Ten cross-phase integration scenarios	2026-10-08T18:44:53.9688722Z 18:44:53 [A1] experiment offline batch, SENSOR_DATA queued locally (depth=134)
software (3.12)	Ten cross-phase integration scenarios	2026-10-08T18:44:53.9692257Z 18:44:53 [A1] experiment offline batch, SENSOR_DATA queued locally (depth=135)
software (3.12)	Ten cross-phase integration scenarios	2026-10-08T18:44:53.9697971Z 18:44:53 [A1] experiment offline batch, SENSOR_DATA queued locally (depth=136)
software (3.12)	Ten cross-phase integration scenarios	2026-10-08T18:44:53.9704916Z 18:44:53 [A1] experiment offline batch, SENSOR_DATA queued locally (depth=137)
software (3.12)	Ten cross-phase integration scenarios	2026-10-08T18:44:53.9710539Z 18:44:53 [A1] experiment offline batch, SENSOR_DATA queued locally (depth=138)
software (3.12)	Ten cross-phase integration scenarios	2026-10-08T18:44:53.9714323Z 18:44:53 [A1] experiment offline batch, SENSOR_DATA queued locally (depth=139)
software (3.12)	Ten cross-phase integration scenarios	2026-10-08T18:44:53.9718090Z 18:44:53 [A1] experiment offline batch, SENSOR_DATA queued locally (depth=140)
software (3.12)	Ten cross-phase integration scenarios	2026-10-08T18:44:54.0325897Z 18:44:54 [A1] experiment offline batch, SENSOR_DATA queued locally (depth=141)
software (3.12)	Ten cross-phase integration scenarios	2026-10-08T18:44:54.0334732Z 18:44:54 [A1] experiment offline batch, SENSOR_DATA queued locally (depth=142)
software (3.12)	Ten cross-phase integration scenarios	2026-10-08T18:44:54.0338410Z 18:44:54 [A1] experiment offline batch, SENSOR_DATA queued locally (depth=143)
software (3.12)	Ten cross-phase integration scenarios	2026-10-08T18:44:54.0342036Z 18:44:54 [A1] experiment offline batch, SENSOR_DATA queued locally (depth=144)
software (3.12)	Ten cross-phase integration scenarios	2026-10-08T18:44:54.0906671Z 18:44:54 [A1] experiment offline batch, SENSOR_DATA queued locally (depth=145)
software (3.12)	Ten cross-phase integration scenarios	2026-10-08T18:44:54.0910440Z 18:44:54 [A1] experiment offline batch, SENSOR_DATA queued locally (depth=146)
software (3.12)	Ten cross-phase integration scenarios	2026-10-08T18:44:54.0914005Z 18:44:54 [A1] experiment offline batch, SENSOR_DATA queued locally (depth=147)
software (3.12)	Ten cross-phase integration scenarios	2026-10-08T18:44:54.0917608Z 18:44:54 [A1] experiment offline batch, SENSOR_DATA queued locally (depth=148)
software (3.12)	Ten cross-phase integration scenarios	2026-10-08T18:44:54.0921096Z 18:44:54 [A1] experiment offline batch, SENSOR_DATA queued locally (depth=149)
software (3.12)	Ten cross-phase integration scenarios	2026-10-08T18:44:54.0924407Z 18:44:54 [A1] experiment offline batch, SENSOR_DATA queued locally (depth=150)
software (3.12)	Ten cross-phase integration scenarios	2026-10-08T18:44:54.0927844Z 18:44:54 [A1] experiment offline batch, SENSOR_DATA queued locally (depth=151)
software (3.12)	Ten cross-phase integration scenarios	2026-10-08T18:44:54.0931396Z 18:44:54 [A1] experiment offline batch, SENSOR_DATA queued locally (depth=152)
software (3.12)	Ten cross-phase integration scenarios	2026-10-08T18:44:54.0934720Z 18:44:54 [A1] experiment offline batch, SENSOR_DATA queued locally (depth=153)
software (3.12)	Ten cross-phase integration scenarios	2026-10-08T18:44:54.0938206Z 18:44:54 [A1] experiment offline batch, SENSOR_DATA queued locally (depth=154)
software (3.12)	Ten cross-phase integration scenarios	2026-10-08T18:44:54.0941463Z 18:44:54 [A1] experiment offline batch, SENSOR_DATA queued locally (depth=155)
software (3.12)	Ten cross-phase integration scenarios	2026-10-08T18:44:54.0944811Z 18:44:54 [A1] experiment offline batch, SENSOR_DATA queued locally (depth=156)
software (3.12)	Ten cross-phase integration scenarios	2026-10-08T18:44:54.0948221Z 18:44:54 [A1] experiment offline batch, SENSOR_DATA queued locally (depth=157)
software (3.12)	Ten cross-phase integration scenarios	2026-10-08T18:44:54.0951591Z 18:44:54 [A1] experiment offline batch, SENSOR_DATA queued locally (depth=158)
software (3.12)	Ten cross-phase integration scenarios	2026-10-08T18:44:54.0954787Z 18:44:54 [A1] experiment offline batch, SENSOR_DATA queued locally (depth=159)
software (3.12)	Ten cross-phase integration scenarios	2026-10-08T18:44:54.0958329Z 18:44:54 [A1] experiment offline batch, SENSOR_DATA queued locally (depth=160)
software (3.12)	Ten cross-phase integration scenarios	2026-10-08T18:44:54.0961824Z 18:44:54 [A1] experiment offline batch, SENSOR_DATA queued locally (depth=161)
software (3.12)	Ten cross-phase integration scenarios	2026-10-08T18:44:54.0965553Z 18:44:54 [A1] experiment offline batch, SENSOR_DATA queued locally (depth=162)
software (3.12)	Ten cross-phase integration scenarios	2026-10-08T18:44:54.0969436Z 18:44:54 [A1] experiment offline batch, SENSOR_DATA queued locally (depth=163)
software (3.12)	Ten cross-phase integration scenarios	2026-10-08T18:44:54.0972696Z 18:44:54 [A1] experiment offline batch, SENSOR_DATA queued locally (depth=164)
software (3.12)	Ten cross-phase integration scenarios	2026-10-08T18:44:54.0976230Z 18:44:54 [A1] experiment offline batch, SENSOR_DATA queued locally (depth=165)
software (3.12)	Ten cross-phase integration scenarios	2026-10-08T18:44:54.0979548Z 18:44:54 [A1] experiment offline batch, SENSOR_DATA queued locally (depth=166)
software (3.12)	Ten cross-phase integration scenarios	2026-10-08T18:44:54.0982939Z 18:44:54 [A1] experiment offline batch, SENSOR_DATA queued locally (depth=167)
software (3.12)	Ten cross-phase integration scenarios	2026-10-08T18:44:54.0986310Z 18:44:54 [A1] experiment offline batch, SENSOR_DATA queued locally (depth=168)
software (3.12)	Ten cross-phase integration scenarios	2026-10-08T18:44:54.0989489Z 18:44:54 [A1] experiment offline batch, SENSOR_DATA queued locally (depth=169)
software (3.12)	Ten cross-phase integration scenarios	2026-10-08T18:44:54.0998721Z 18:44:54 [A1] experiment offline batch, SENSOR_DATA queued locally (depth=170)
software (3.12)	Ten cross-phase integration scenarios	2026-10-08T18:44:54.1002351Z 18:44:54 [A1] experiment offline batch, SENSOR_DATA queued locally (depth=171)
software (3.12)	Ten cross-phase integration scenarios	2026-10-08T18:44:54.1005635Z 18:44:54 [A1] experiment offline batch, SENSOR_DATA queued locally (depth=172)
software (3.12)	Ten cross-phase integration scenarios	2026-10-08T18:44:54.1008960Z 18:44:54 [A1] experiment offline batch, SENSOR_DATA queued locally (depth=173)
software (3.12)	Ten cross-phase integration scenarios	2026-10-08T18:44:54.1012463Z 18:44:54 [A1] experiment offline batch, SENSOR_DATA queued locally (depth=174)
software (3.12)	Ten cross-phase integration scenarios	2026-10-08T18:44:54.1015913Z 18:44:54 [A1] experiment offline batch, SENSOR_DATA queued locally (depth=175)
software (3.12)	Ten cross-phase integration scenarios	2026-10-08T18:44:54.1019408Z 18:44:54 [A1] experiment offline batch, SENSOR_DATA queued locally (depth=176)
software (3.12)	Ten cross-phase integration scenarios	2026-10-08T18:44:54.1022812Z 18:44:54 [A1] experiment offline batch, SENSOR_DATA queued locally (depth=177)
software (3.12)	Ten cross-phase integration scenarios	2026-10-08T18:44:54.1026243Z 18:44:54 [A1] experiment offline batch, SENSOR_DATA queued locally (depth=178)
software (3.12)	Ten cross-phase integration scenarios	2026-10-08T18:44:54.1029616Z 18:44:54 [A1] experiment offline batch, SENSOR_DATA queued locally (depth=179)
software (3.12)	Ten cross-phase integration scenarios	2026-10-08T18:44:54.1032975Z 18:44:54 [A1] experiment offline batch, SENSOR_DATA queued locally (depth=180)
software (3.12)	Ten cross-phase integration scenarios	2026-10-08T18:44:54.1036259Z 18:44:54 [A1] experiment offline batch, SENSOR_DATA queued locally (depth=181)
software (3.12)	Ten cross-phase integration scenarios	2026-10-08T18:44:54.1039614Z 18:44:54 [A1] experiment offline batch, SENSOR_DATA queued locally (depth=182)
software (3.12)	Ten cross-phase integration scenarios	2026-10-08T18:44:54.1044108Z 18:44:54 [A1] experiment offline batch, SENSOR_DATA queued locally (depth=183)
software (3.12)	Ten cross-phase integration scenarios	2026-10-08T18:44:54.1047595Z 18:44:54 [A1] experiment offline batch, SENSOR_DATA queued locally (depth=184)
software (3.12)	Ten cross-phase integration scenarios	2026-10-08T18:44:54.1051012Z 18:44:54 [A1] experiment offline batch, SENSOR_DATA queued locally (depth=185)
software (3.12)	Ten cross-phase integration scenarios	2026-10-08T18:44:54.1054649Z 18:44:54 [A1] experiment offline batch, SENSOR_DATA queued locally (depth=186)
software (3.12)	Ten cross-phase integration scenarios	2026-10-08T18:44:54.1058254Z 18:44:54 [A1] experiment offline batch, SENSOR_DATA queued locally (depth=187)
software (3.12)	Ten cross-phase integration scenarios	2026-10-08T18:44:54.1061890Z 18:44:54 [A1] experiment offline batch, SENSOR_DATA queued locally (depth=188)
software (3.12)	Ten cross-phase integration scenarios	2026-10-08T18:44:54.1065249Z 18:44:54 [A1] experiment offline batch, SENSOR_DATA queued locally (depth=189)
software (3.12)	Ten cross-phase integration scenarios	2026-10-08T18:44:54.1069561Z 18:44:54 [A1] experiment offline batch, SENSOR_DATA queued locally (depth=190)
software (3.12)	Ten cross-phase integration scenarios	2026-10-08T18:44:54.1073055Z 18:44:54 [A1] experiment offline batch, SENSOR_DATA queued locally (depth=191)
software (3.12)	Ten cross-phase integration scenarios	2026-10-08T18:44:54.1076527Z 18:44:54 [A1] experiment offline batch, SENSOR_DATA queued locally (depth=192)
software (3.12)	Ten cross-phase integration scenarios	2026-10-08T18:44:54.1080176Z 18:44:54 [A1] experiment offline batch, SENSOR_DATA queued locally (depth=193)
software (3.12)	Ten cross-phase integration scenarios	2026-10-08T18:44:54.1083641Z 18:44:54 [A1] experiment offline batch, SENSOR_DATA queued locally (depth=194)
software (3.12)	Ten cross-phase integration scenarios	2026-10-08T18:44:54.1087105Z 18:44:54 [A1] experiment offline batch, SENSOR_DATA queued locally (depth=195)
software (3.12)	Ten cross-phase integration scenarios	2026-10-08T18:44:54.1090838Z 18:44:54 [A1] experiment offline batch, SENSOR_DATA queued locally (depth=196)
software (3.12)	Ten cross-phase integration scenarios	2026-10-08T18:44:54.1098300Z 18:44:54 [A1] experiment offline batch, SENSOR_DATA queued locally (depth=197)
software (3.12)	Ten cross-phase integration scenarios	2026-10-08T18:44:54.1102129Z 18:44:54 [A1] experiment offline batch, SENSOR_DATA queued locally (depth=198)
software (3.12)	Ten cross-phase integration scenarios	2026-10-08T18:44:54.1105642Z 18:44:54 [A1] experiment offline batch, SENSOR_DATA queued locally (depth=199)
software (3.12)	Ten cross-phase integration scenarios	2026-10-08T18:44:54.1109393Z 18:44:54 [A1] experiment offline batch, SENSOR_DATA queued locally (depth=200)
software (3.12)	Ten cross-phase integration scenarios	2026-10-08T18:44:54.1112956Z 18:44:54 [A1] experiment offline batch, SENSOR_DATA queued locally (depth=201)
software (3.12)	Ten cross-phase integration scenarios	2026-10-08T18:44:54.1116254Z 18:44:54 [A1] experiment offline batch, SENSOR_DATA queued locally (depth=202)
software (3.12)	Ten cross-phase integration scenarios	2026-10-08T18:44:54.1119809Z 18:44:54 [A1] experiment offline batch, SENSOR_DATA queued locally (depth=203)
software (3.12)	Ten cross-phase integration scenarios	2026-10-08T18:44:54.1123530Z 18:44:54 [A1] experiment offline batch, SENSOR_DATA queued locally (depth=204)
software (3.12)	Ten cross-phase integration scenarios	2026-10-08T18:44:54.1127543Z 18:44:54 [A1] experiment offline batch, SENSOR_DATA queued locally (depth=205)
software (3.12)	Ten cross-phase integration scenarios	2026-10-08T18:44:54.1131132Z 18:44:54 [A1] experiment offline batch, SENSOR_DATA queued locally (depth=206)
software (3.12)	Ten cross-phase integration scenarios	2026-10-08T18:44:54.1134534Z 18:44:54 [A1] experiment offline batch, SENSOR_DATA queued locally (depth=207)
software (3.12)	Ten cross-phase integration scenarios	2026-10-08T18:44:54.1138332Z 18:44:54 [A1] experiment offline batch, SENSOR_DATA queued locally (depth=208)
software (3.12)	Ten cross-phase integration scenarios	2026-10-08T18:44:54.1141839Z 18:44:54 [A1] experiment offline batch, SENSOR_DATA queued locally (depth=209)
software (3.12)	Ten cross-phase integration scenarios	2026-10-08T18:44:54.1145377Z 18:44:54 [A1] experiment offline batch, SENSOR_DATA queued locally (depth=210)
software (3.12)	Ten cross-phase integration scenarios	2026-10-08T18:44:54.1148774Z 18:44:54 [A1] experiment offline batch, SENSOR_DATA queued locally (depth=211)
software (3.12)	Ten cross-phase integration scenarios	2026-10-08T18:44:54.1152082Z 18:44:54 [A1] experiment offline batch, SENSOR_DATA queued locally (depth=212)
software (3.12)	Ten cross-phase integration scenarios	2026-10-08T18:44:54.1155476Z 18:44:54 [A1] experiment offline batch, SENSOR_DATA queued locally (depth=213)
software (3.12)	Ten cross-phase integration scenarios	2026-10-08T18:44:54.1158995Z 18:44:54 [A1] experiment offline batch, SENSOR_DATA queued locally (depth=214)
software (3.12)	Ten cross-phase integration scenarios	2026-10-08T18:44:54.1162405Z 18:44:54 [A1] experiment offline batch, SENSOR_DATA queued locally (depth=215)
software (3.12)	Ten cross-phase integration scenarios	2026-10-08T18:44:54.1166253Z 18:44:54 [A1] experiment offline batch, SENSOR_DATA queued locally (depth=216)
software (3.12)	Ten cross-phase integration scenarios	2026-10-08T18:44:54.1169509Z 18:44:54 [A1] experiment offline batch, SENSOR_DATA queued locally (depth=217)
software (3.12)	Ten cross-phase integration scenarios	2026-10-08T18:44:54.1173048Z 18:44:54 [A1] experiment offline batch, SENSOR_DATA queued locally (depth=218)
software (3.12)	Ten cross-phase integration scenarios	2026-10-08T18:44:54.1176483Z 18:44:54 [A1] experiment offline batch, SENSOR_DATA queued locally (depth=219)
software (3.12)	Ten cross-phase integration scenarios	2026-10-08T18:44:54.1179864Z 18:44:54 [A1] experiment offline batch, SENSOR_DATA queued locally (depth=220)
software (3.12)	Ten cross-phase integration scenarios	2026-10-08T18:44:54.1183288Z 18:44:54 [A1] experiment offline batch, SENSOR_DATA queued locally (depth=221)
software (3.12)	Ten cross-phase integration scenarios	2026-10-08T18:44:54.1186719Z 18:44:54 [A1] experiment offline batch, SENSOR_DATA queued locally (depth=222)
software (3.12)	Ten cross-phase integration scenarios	2026-10-08T18:44:54.1190377Z 18:44:54 [A1] experiment offline batch, SENSOR_DATA queued locally (depth=223)
software (3.12)	Ten cross-phase integration scenarios	2026-10-08T18:44:54.1197542Z 18:44:54 [A1] experiment offline batch, SENSOR_DATA queued locally (depth=224)
software (3.12)	Ten cross-phase integration scenarios	2026-10-08T18:44:54.1201044Z 18:44:54 [A1] experiment offline batch, SENSOR_DATA queued locally (depth=225)
software (3.12)	Ten cross-phase integration scenarios	2026-10-08T18:44:54.1204515Z 18:44:54 [A1] experiment offline batch, SENSOR_DATA queued locally (depth=226)
software (3.12)	Ten cross-phase integration scenarios	2026-10-08T18:44:54.1208310Z 18:44:54 [A1] experiment offline batch, SENSOR_DATA queued locally (depth=227)
software (3.12)	Ten cross-phase integration scenarios	2026-10-08T18:44:54.1211634Z 18:44:54 [A1] experiment offline batch, SENSOR_DATA queued locally (depth=228)
software (3.12)	Ten cross-phase integration scenarios	2026-10-08T18:44:54.1215129Z 18:44:54 [A1] experiment offline batch, SENSOR_DATA queued locally (depth=229)
software (3.12)	Ten cross-phase integration scenarios	2026-10-08T18:44:54.1218505Z 18:44:54 [A1] experiment offline batch, SENSOR_DATA queued locally (depth=230)
software (3.12)	Ten cross-phase integration scenarios	2026-10-08T18:44:54.1222091Z 18:44:54 [A1] experiment offline batch, SENSOR_DATA queued locally (depth=231)
software (3.12)	Ten cross-phase integration scenarios	2026-10-08T18:44:54.1225531Z 18:44:54 [A1] experiment offline batch, SENSOR_DATA queued locally (depth=232)
software (3.12)	Ten cross-phase integration scenarios	2026-10-08T18:44:54.1228946Z 18:44:54 [A1] experiment offline batch, SENSOR_DATA queued locally (depth=233)
software (3.12)	Ten cross-phase integration scenarios	2026-10-08T18:44:54.1232412Z 18:44:54 [A1] experiment offline batch, SENSOR_DATA queued locally (depth=234)
software (3.12)	Ten cross-phase integration scenarios	2026-10-08T18:44:54.1235765Z 18:44:54 [A1] experiment offline batch, SENSOR_DATA queued locally (depth=235)
software (3.12)	Ten cross-phase integration scenarios	2026-10-08T18:44:54.1239122Z 18:44:54 [A1] experiment offline batch, SENSOR_DATA queued locally (depth=236)
software (3.12)	Ten cross-phase integration scenarios	2026-10-08T18:44:54.1242463Z 18:44:54 [A1] experiment offline batch, SENSOR_DATA queued locally (depth=237)
software (3.12)	Ten cross-phase integration scenarios	2026-10-08T18:44:54.1245885Z 18:44:54 [A1] experiment offline batch, SENSOR_DATA queued locally (depth=238)
software (3.12)	Ten cross-phase integration scenarios	2026-10-08T18:44:54.1249524Z 18:44:54 [A1] experiment offline batch, SENSOR_DATA queued locally (depth=239)
software (3.12)	Ten cross-phase integration scenarios	2026-10-08T18:44:54.1252977Z 18:44:54 [A1] experiment offline batch, SENSOR_DATA queued locally (depth=240)
software (3.12)	Ten cross-phase integration scenarios	2026-10-08T18:44:54.1256312Z 18:44:54 [A1] experiment offline batch, SENSOR_DATA queued locally (depth=241)
software (3.12)	Ten cross-phase integration scenarios	2026-10-08T18:44:54.1259703Z 18:44:54 [A1] experiment offline batch, SENSOR_DATA queued locally (depth=242)
software (3.12)	Ten cross-phase integration scenarios	2026-10-08T18:44:54.1262970Z 18:44:54 [A1] experiment offline batch, SENSOR_DATA queued locally (depth=243)
software (3.12)	Ten cross-phase integration scenarios	2026-10-08T18:44:54.1266370Z 18:44:54 [A1] experiment offline batch, SENSOR_DATA queued locally (depth=244)
software (3.12)	Ten cross-phase integration scenarios	2026-10-08T18:44:54.1269652Z 18:44:54 [A1] experiment offline batch, SENSOR_DATA queued locally (depth=245)
software (3.12)	Ten cross-phase integration scenarios	2026-10-08T18:44:54.1273255Z 18:44:54 [A1] experiment offline batch, SENSOR_DATA queued locally (depth=246)
software (3.12)	Ten cross-phase integration scenarios	2026-10-08T18:44:54.1276588Z 18:44:54 [A1] experiment offline batch, SENSOR_DATA queued locally (depth=247)
software (3.12)	Ten cross-phase integration scenarios	2026-10-08T18:44:54.1281845Z 18:44:54 [A1] experiment offline batch, SENSOR_DATA queued locally (depth=248)
software (3.12)	Ten cross-phase integration scenarios	2026-10-08T18:44:54.1285609Z 18:44:54 [A1] experiment offline batch, SENSOR_DATA queued locally (depth=249)
software (3.12)	Ten cross-phase integration scenarios	2026-10-08T18:44:54.1289564Z 18:44:54 [A1] experiment offline batch, SENSOR_DATA queued locally (depth=250)
software (3.12)	Ten cross-phase integration scenarios	2026-10-08T18:44:54.1295662Z 18:44:54 [A1] experiment offline batch, SENSOR_DATA queued locally (depth=251)
software (3.12)	Ten cross-phase integration scenarios	2026-10-08T18:44:54.1299540Z 18:44:54 [A1] experiment offline batch, SENSOR_DATA queued locally (depth=252)
software (3.12)	Ten cross-phase integration scenarios	2026-10-08T18:44:54.1303057Z 18:44:54 [A1] experiment offline batch, SENSOR_DATA queued locally (depth=253)
software (3.12)	Ten cross-phase integration scenarios	2026-10-08T18:44:54.1306575Z 18:44:54 [A1] experiment offline batch, SENSOR_DATA queued locally (depth=254)
software (3.12)	Ten cross-phase integration scenarios	2026-10-08T18:44:54.1310062Z 18:44:54 [A1] experiment offline batch, SENSOR_DATA queued locally (depth=255)
software (3.12)	Ten cross-phase integration scenarios	2026-10-08T18:44:54.1313466Z 18:44:54 [A1] experiment offline batch, SENSOR_DATA queued locally (depth=256)
software (3.12)	Ten cross-phase integration scenarios	2026-10-08T18:44:54.1316980Z 18:44:54 [A1] experiment offline batch, SENSOR_DATA queued locally (depth=257)
software (3.12)	Ten cross-phase integration scenarios	2026-10-08T18:44:54.1320423Z 18:44:54 [A1] experiment offline batch, SENSOR_DATA queued locally (depth=258)
software (3.12)	Ten cross-phase integration scenarios	2026-10-08T18:44:54.1323771Z 18:44:54 [A1] experiment offline batch, SENSOR_DATA queued locally (depth=259)
software (3.12)	Ten cross-phase integration scenarios	2026-10-08T18:44:54.1327480Z 18:44:54 [A1] experiment offline batch, SENSOR_DATA queued locally (depth=260)
software (3.12)	Ten cross-phase integration scenarios	2026-10-08T18:44:54.1331258Z 18:44:54 [A1] experiment offline batch, SENSOR_DATA queued locally (depth=261)
software (3.12)	Ten cross-phase integration scenarios	2026-10-08T18:44:54.1334725Z 18:44:54 [A1] experiment offline batch, SENSOR_DATA queued locally (depth=262)
software (3.12)	Ten cross-phase integration scenarios	2026-10-08T18:44:54.1338221Z 18:44:54 [A1] experiment offline batch, SENSOR_DATA queued locally (depth=263)
software (3.12)	Ten cross-phase integration scenarios	2026-10-08T18:44:54.1341532Z 18:44:54 [A1] experiment offline batch, SENSOR_DATA queued locally (depth=264)
software (3.12)	Ten cross-phase integration scenarios	2026-10-08T18:44:54.1350629Z 18:44:54 [B1] sample #13 soil moisture = 9.9% (temp=26.1C, hum=51.1%, light=261.2)
software (3.12)	Ten cross-phase integration scenarios	2026-10-08T18:44:54.1352656Z 18:44:54 [B1] next sampling interval = 0.1s
software (3.12)	Ten cross-phase integration scenarios	2026-10-08T18:44:54.1353082Z 18:44:54 [B2] sample #13 soil moisture = 49.9% (temp=36.1C, hum=76.0%, light=566.0)
software (3.12)	Ten cross-phase integration scenarios	2026-10-08T18:44:54.1354591Z 18:44:54 [B2] next sampling interval = 0.1s
software (3.12)	Ten cross-phase integration scenarios	2026-10-08T18:44:54.1354960Z 18:44:54 [A2] FAILOVER A1 -> OFFLINE
software (3.12)	Ten cross-phase integration scenarios	2026-10-08T18:44:54.1355173Z 18:44:54 [A2] taking ownership of B1
software (3.12)	Ten cross-phase integration scenarios	2026-10-08T18:44:54.1355371Z 18:44:54 [A2] taking ownership of C1
software (3.12)	Ten cross-phase integration scenarios	2026-10-08T18:44:54.1355582Z 18:44:54 [A2] ownership generation = 1 -> 2
software (3.12)	Ten cross-phase integration scenarios	2026-10-08T18:44:54.1371378Z 18:44:54 [A2] heartbeat -> A1
software (3.12)	Ten cross-phase integration scenarios	2026-10-08T18:44:54.1371716Z 18:44:54 [A1] FAILOVER A2 -> OFFLINE
software (3.12)	Ten cross-phase integration scenarios	2026-10-08T18:44:54.1371943Z 18:44:54 [A1] taking ownership of B2
software (3.12)	Ten cross-phase integration scenarios	2026-10-08T18:44:54.1372151Z 18:44:54 [A1] taking ownership of C2
software (3.12)	Ten cross-phase integration scenarios	2026-10-08T18:44:54.1372358Z 18:44:54 [A1] ownership generation = 1 -> 2
software (3.12)	Ten cross-phase integration scenarios	2026-10-08T18:44:54.1388125Z 18:44:54 [A1] heartbeat -> A2
software (3.12)	Ten cross-phase integration scenarios	2026-10-08T18:44:54.1397089Z 18:44:54 [A2] awaiting server durable receipt, ALERT queued locally (depth=10)
software (3.12)	Ten cross-phase integration scenarios	2026-10-08T18:44:54.1404400Z 18:44:54 [A1] awaiting server durable receipt, ALERT queued locally (depth=265)
software (3.12)	Ten cross-phase integration scenarios	2026-10-08T18:44:54.1409286Z 18:44:54 [SERVER] listening on 127.0.0.1:34357 (sqlite: /home/runner/work/_temp/smart-agriculture/phase123/server-replay/server.db)
software (3.12)	Ten cross-phase integration scenarios	2026-10-08T18:44:54.2147856Z 18:44:54 [C2] owner_gateway = A2 (generation=2)
software (3.12)	Ten cross-phase integration scenarios	2026-10-08T18:44:54.2148345Z 18:44:54 [B2] owner_gateway=A2 generation=2
software (3.12)	Ten cross-phase integration scenarios	2026-10-08T18:44:54.2148670Z 18:44:54 [C1] owner_gateway = A1 (generation=2)
software (3.12)	Ten cross-phase integration scenarios	2026-10-08T18:44:54.2148910Z 18:44:54 [B1] owner_gateway=A1 generation=2
software (3.12)	Ten cross-phase integration scenarios	2026-10-08T18:44:54.2363434Z 18:44:54 [B1] sample #14 soil moisture = 9.9% (temp=25.8C, hum=54.6%, light=287.4)
software (3.12)	Ten cross-phase integration scenarios	2026-10-08T18:44:54.2365002Z 18:44:54 [B1] next sampling interval = 0.1s
software (3.12)	Ten cross-phase integration scenarios	2026-10-08T18:44:54.2365508Z 18:44:54 [B2] sample #14 soil moisture = 50.1% (temp=35.8C, hum=76.9%, light=578.4)
software (3.12)	Ten cross-phase integration scenarios	2026-10-08T18:44:54.2366633Z 18:44:54 [B2] next sampling interval = 0.1s
software (3.12)	Ten cross-phase integration scenarios	2026-10-08T18:44:54.2377984Z 18:44:54 [A2] A1 is online
software (3.12)	Ten cross-phase integration scenarios	2026-10-08T18:44:54.2384056Z 18:44:54 [A2] heartbeat -> A1
software (3.12)	Ten cross-phase integration scenarios	2026-10-08T18:44:54.2398560Z 18:44:54 [A1] A2 is online
software (3.12)	Ten cross-phase integration scenarios	2026-10-08T18:44:54.2404222Z 18:44:54 [A1] heartbeat -> A2
software (3.12)	Ten cross-phase integration scenarios	2026-10-08T18:44:54.3372522Z 18:44:54 [B1] sample #15 soil moisture = 9.8% (temp=25.5C, hum=56.5%, light=258.5)
software (3.12)	Ten cross-phase integration scenarios	2026-10-08T18:44:54.3379745Z 18:44:54 [B1] next sampling interval = 0.1s
software (3.12)	Ten cross-phase integration scenarios	2026-10-08T18:44:54.3380261Z 18:44:54 [B2] sample #15 soil moisture = 50.1% (temp=35.3C, hum=76.8%, light=687.7)
software (3.12)	Ten cross-phase integration scenarios	2026-10-08T18:44:54.3381149Z 18:44:54 [B2] next sampling interval = 0.1s
software (3.12)	Ten cross-phase integration scenarios	2026-10-08T18:44:54.3383768Z 18:44:54 [A1] received SENSOR_DATA from B1
software (3.12)	Ten cross-phase integration scenarios	2026-10-08T18:44:54.3384220Z 18:44:54 [A1] edge decision = IRRIGATION (soil_moisture 9.8 < 25.0)
software (3.12)	Ten cross-phase integration scenarios	2026-10-08T18:44:54.3392452Z 18:44:54 [A1] awaiting server durable receipt, SENSOR_DATA queued locally (depth=266)
software (3.12)	Ten cross-phase integration scenarios	2026-10-08T18:44:54.3394952Z 18:44:54 [A1] command sent to C1 (IRRIGATION 10s, command_id=f4fac3795c19, generation=2)
software (3.12)	Ten cross-phase integration scenarios	2026-10-08T18:44:54.3399493Z 18:44:54 [A1] awaiting server durable receipt, CONTROL_COMMAND queued locally (depth=267)
software (3.12)	Ten cross-phase integration scenarios	2026-10-08T18:44:54.3404729Z 18:44:54 [A2] heartbeat -> A1
software (3.12)	Ten cross-phase integration scenarios	2026-10-08T18:44:54.3405897Z 18:44:54 [C1] IRRIGATION command received (command_id=f4fac3795c19, duration=10s, generation=2)
software (3.12)	Ten cross-phase integration scenarios	2026-10-08T18:44:54.3407575Z 18:44:54 [C1] ACK sent (command_id=f4fac3795c19)
software (3.12)	Ten cross-phase integration scenarios	2026-10-08T18:44:54.3408698Z 18:44:54 [C1] safety check passed
software (3.12)	Ten cross-phase integration scenarios	2026-10-08T18:44:54.3417689Z 18:44:54 [A1] heartbeat -> A2
software (3.12)	Ten cross-phase integration scenarios	2026-10-08T18:44:54.3418634Z 18:44:54 [A1] ACK received (message_id=f4fac3795c19)
software (3.12)	Ten cross-phase integration scenarios	2026-10-08T18:44:54.3916136Z 18:44:54 [C1] irrigation executed
software (3.12)	Ten cross-phase integration scenarios	2026-10-08T18:44:54.3919912Z 18:44:54 [C1] CONTROL_RESULT sent to A1
software (3.12)	Ten cross-phase integration scenarios	2026-10-08T18:44:54.4035910Z 18:44:54 [A1] awaiting server durable receipt, CONTROL_RESULT queued locally (depth=268)
software (3.12)	Ten cross-phase integration scenarios	2026-10-08T18:44:54.4384852Z 18:44:54 [B1] sample #16 soil moisture = 9.8% (temp=26.0C, hum=57.6%, light=302.8)
software (3.12)	Ten cross-phase integration scenarios	2026-10-08T18:44:54.4386320Z 18:44:54 [B1] next sampling interval = 0.1s
software (3.12)	Ten cross-phase integration scenarios	2026-10-08T18:44:54.4386808Z 18:44:54 [B2] sample #16 soil moisture = 50.3% (temp=35.6C, hum=73.2%, light=712.1)
software (3.12)	Ten cross-phase integration scenarios	2026-10-08T18:44:54.4393687Z 18:44:54 [B2] next sampling interval = 0.1s
software (3.12)	Ten cross-phase integration scenarios	2026-10-08T18:44:54.4395255Z 18:44:54 [A2] received SENSOR_DATA from B2
software (3.12)	Ten cross-phase integration scenarios	2026-10-08T18:44:54.4395730Z 18:44:54 [A2] edge decision = VENTILATION (temperature 35.6 > 32.0)
software (3.12)	Ten cross-phase integration scenarios	2026-10-08T18:44:54.4403414Z 18:44:54 [A2] awaiting server durable receipt, SENSOR_DATA queued locally (depth=11)
software (3.12)	Ten cross-phase integration scenarios	2026-10-08T18:44:54.4405948Z 18:44:54 [A2] command sent to C2 (VENTILATION 5s, command_id=a062d020df7f, generation=2)
software (3.12)	Ten cross-phase integration scenarios	2026-10-08T18:44:54.4410567Z 18:44:54 [A2] awaiting server durable receipt, CONTROL_COMMAND queued locally (depth=12)
software (3.12)	Ten cross-phase integration scenarios	2026-10-08T18:44:54.4413599Z 18:44:54 [C2] VENTILATION command received (command_id=a062d020df7f, duration=5s, generation=2)
software (3.12)	Ten cross-phase integration scenarios	2026-10-08T18:44:54.4414200Z 18:44:54 [C2] ACK sent (command_id=a062d020df7f)
software (3.12)	Ten cross-phase integration scenarios	2026-10-08T18:44:54.4414561Z 18:44:54 [C2] safety check passed
software (3.12)	Ten cross-phase integration scenarios	2026-10-08T18:44:54.4419591Z 18:44:54 [A2] heartbeat -> A1
software (3.12)	Ten cross-phase integration scenarios	2026-10-08T18:44:54.4420978Z 18:44:54 [A2] ACK received (message_id=a062d020df7f)
software (3.12)	Ten cross-phase integration scenarios	2026-10-08T18:44:54.4430312Z 18:44:54 [A1] heartbeat -> A2
software (3.12)	Ten cross-phase integration scenarios	2026-10-08T18:44:54.4917843Z 18:44:54 [C2] ventilation executed
software (3.12)	Ten cross-phase integration scenarios	2026-10-08T18:44:54.4922208Z 18:44:54 [C2] CONTROL_RESULT sent to A2
software (3.12)	Ten cross-phase integration scenarios	2026-10-08T18:44:54.4928479Z 18:44:54 [A2] awaiting server durable receipt, CONTROL_RESULT queued locally (depth=13)
software (3.12)	Ten cross-phase integration scenarios	2026-10-08T18:44:54.5007816Z 18:44:54 [A2] connected to server 127.0.0.1:34357
software (3.12)	Ten cross-phase integration scenarios	2026-10-08T18:44:54.5008279Z 18:44:54 [A1] connected to server 127.0.0.1:34357
software (3.12)	Ten cross-phase integration scenarios	2026-10-08T18:44:54.6410882Z 18:44:54 [SERVER] gateway A2 connected
software (3.12)	Ten cross-phase integration scenarios	2026-10-08T18:44:54.6412527Z 18:44:54 [SERVER] sensor data stored (B2 soil=49.8% temp=35.6C)
software (3.12)	Ten cross-phase integration scenarios	2026-10-08T18:44:54.6421020Z 18:44:54 [SERVER] gateway A1 connected
software (3.12)	Ten cross-phase integration scenarios	2026-10-08T18:44:54.6421915Z 18:44:54 [SERVER] control result stored (IRRIGATION -> EXECUTED)
software (3.12)	Ten cross-phase integration scenarios	2026-10-08T18:44:54.6427543Z 18:44:54 [B1] sample #17 soil moisture = 9.7% (temp=26.5C, hum=59.8%, light=190.5)
software (3.12)	Ten cross-phase integration scenarios	2026-10-08T18:44:54.6434329Z 18:44:54 [B1] next sampling interval = 0.1s
software (3.12)	Ten cross-phase integration scenarios	2026-10-08T18:44:54.6434963Z 18:44:54 [B2] sample #17 soil moisture = 50.2% (temp=35.1C, hum=70.2%, light=751.7)
software (3.12)	Ten cross-phase integration scenarios	2026-10-08T18:44:54.6436733Z 18:44:54 [B2] next sampling interval = 0.1s
software (3.12)	Ten cross-phase integration scenarios	2026-10-08T18:44:54.6442589Z 18:44:54 [A2] heartbeat -> A1
software (3.12)	Ten cross-phase integration scenarios	2026-10-08T18:44:54.6448687Z 18:44:54 [A1] heartbeat -> A2
software (3.12)	Ten cross-phase integration scenarios	2026-10-08T18:44:54.6471193Z 18:44:54 [A1] received SENSOR_DATA from B1
software (3.12)	Ten cross-phase integration scenarios	2026-10-08T18:44:54.6471681Z 18:44:54 [A1] edge decision = IRRIGATION (soil_moisture 9.7 < 25.0)
software (3.12)	Ten cross-phase integration scenarios	2026-10-08T18:44:54.6496836Z 18:44:54 [A1] awaiting server durable receipt, SENSOR_DATA queued locally (depth=268)
software (3.12)	Ten cross-phase integration scenarios	2026-10-08T18:44:54.6499347Z 18:44:54 [A1] command sent to C1 (IRRIGATION 10s, command_id=5caaf718526f, generation=2)
software (3.12)	Ten cross-phase integration scenarios	2026-10-08T18:44:54.6511105Z 18:44:54 [A1] awaiting server durable receipt, CONTROL_COMMAND queued locally (depth=269)
software (3.12)	Ten cross-phase integration scenarios	2026-10-08T18:44:54.6511863Z 18:44:54 [C1] IRRIGATION command received (command_id=5caaf718526f, duration=10s, generation=2)
software (3.12)	Ten cross-phase integration scenarios	2026-10-08T18:44:54.6516657Z 18:44:54 [C1] ACK sent (command_id=5caaf718526f)
software (3.12)	Ten cross-phase integration scenarios	2026-10-08T18:44:54.6517181Z 18:44:54 [C1] safety check passed
software (3.12)	Ten cross-phase integration scenarios	2026-10-08T18:44:54.6521747Z 18:44:54 [SERVER] sensor data stored (B1 soil=10.1% temp=24.8C)
software (3.12)	Ten cross-phase integration scenarios	2026-10-08T18:44:54.6525871Z 18:44:54 [A1] ACK received (message_id=5caaf718526f)
software (3.12)	Ten cross-phase integration scenarios	2026-10-08T18:44:54.6541706Z 18:44:54 [SERVER] control result stored (VENTILATION -> EXECUTED)
software (3.12)	Ten cross-phase integration scenarios	2026-10-08T18:44:54.6564744Z 18:44:54 [SERVER] sensor data stored (B2 soil=49.9% temp=35.0C)
software (3.12)	Ten cross-phase integration scenarios	2026-10-08T18:44:54.6569067Z 18:44:54 [SERVER] control result stored (IRRIGATION -> EXECUTED)
software (3.12)	Ten cross-phase integration scenarios	2026-10-08T18:44:54.8099047Z 18:44:54 [SERVER] control result stored (IRRIGATION -> DUPLICATE, reason=DUPLICATE_COMMAND_ID)
software (3.12)	Ten cross-phase integration scenarios	2026-10-08T18:44:54.8786371Z 18:44:54 [C1] irrigation executed
software (3.12)	Ten cross-phase integration scenarios	2026-10-08T18:44:54.8790493Z 18:44:54 [C1] CONTROL_RESULT sent to A1
software (3.12)	Ten cross-phase integration scenarios	2026-10-08T18:44:54.8791065Z 18:44:54 [B1] sample #18 soil moisture = 9.6% (temp=26.2C, hum=57.9%, light=296.8)
software (3.12)	Ten cross-phase integration scenarios	2026-10-08T18:44:54.8793496Z 18:44:54 [B1] next sampling interval = 0.1s
software (3.12)	Ten cross-phase integration scenarios	2026-10-08T18:44:54.8794020Z 18:44:54 [B2] sample #18 soil moisture = 50.0% (temp=34.6C, hum=72.6%, light=760.1)
software (3.12)	Ten cross-phase integration scenarios	2026-10-08T18:44:54.8800313Z 18:44:54 [B2] next sampling interval = 0.1s
software (3.12)	Ten cross-phase integration scenarios	2026-10-08T18:44:54.8805584Z 18:44:54 [A2] heartbeat -> A1
software (3.12)	Ten cross-phase integration scenarios	2026-10-08T18:44:54.8811581Z 18:44:54 [A1] heartbeat -> A2
software (3.12)	Ten cross-phase integration scenarios	2026-10-08T18:44:54.8838998Z 18:44:54 [A2] received SENSOR_DATA from B2
software (3.12)	Ten cross-phase integration scenarios	2026-10-08T18:44:54.8839485Z 18:44:54 [A2] edge decision = VENTILATION (temperature 34.6 > 32.0)
software (3.12)	Ten cross-phase integration scenarios	2026-10-08T18:44:54.8852140Z 18:44:54 [A1] awaiting server durable receipt, CONTROL_RESULT queued locally (depth=266)
software (3.12)	Ten cross-phase integration scenarios	2026-10-08T18:44:54.8856512Z 18:44:54 [A2] awaiting server durable receipt, SENSOR_DATA queued locally (depth=9)
software (3.12)	Ten cross-phase integration scenarios	2026-10-08T18:44:54.8859620Z 18:44:54 [A2] command sent to C2 (VENTILATION 5s, command_id=4ffbc8dac296, generation=2)
software (3.12)	Ten cross-phase integration scenarios	2026-10-08T18:44:54.8863519Z 18:44:54 [A2] awaiting server durable receipt, CONTROL_COMMAND queued locally (depth=10)
software (3.12)	Ten cross-phase integration scenarios	2026-10-08T18:44:54.8864397Z 18:44:54 [SERVER] control result stored (VENTILATION -> EXECUTED)
software (3.12)	Ten cross-phase integration scenarios	2026-10-08T18:44:54.8870519Z 18:44:54 [SERVER] sensor data stored (B1 soil=10.0% temp=25.8C)
software (3.12)	Ten cross-phase integration scenarios	2026-10-08T18:44:54.8879185Z 18:44:54 [C2] VENTILATION command received (command_id=4ffbc8dac296, duration=5s, generation=2)
software (3.12)	Ten cross-phase integration scenarios	2026-10-08T18:44:54.8880983Z 18:44:54 [C2] ACK sent (command_id=4ffbc8dac296)
software (3.12)	Ten cross-phase integration scenarios	2026-10-08T18:44:54.8882051Z 18:44:54 [C2] safety check passed
software (3.12)	Ten cross-phase integration scenarios	2026-10-08T18:44:54.8883952Z 18:44:54 [A2] ACK received (message_id=4ffbc8dac296)
software (3.12)	Ten cross-phase integration scenarios	2026-10-08T18:44:55.0418345Z 18:44:55 [C2] ventilation executed
software (3.12)	Ten cross-phase integration scenarios	2026-10-08T18:44:55.0422436Z 18:44:55 [C2] CONTROL_RESULT sent to A2
software (3.12)	Ten cross-phase integration scenarios	2026-10-08T18:44:55.0422973Z 18:44:55 [B1] sample #19 soil moisture = 9.7% (temp=26.7C, hum=56.5%, light=271.8)
software (3.12)	Ten cross-phase integration scenarios	2026-10-08T18:44:55.0425081Z 18:44:55 [B1] next sampling interval = 0.1s
software (3.12)	Ten cross-phase integration scenarios	2026-10-08T18:44:55.0425680Z 18:44:55 [B2] sample #19 soil moisture = 49.9% (temp=34.6C, hum=68.9%, light=857.0)
software (3.12)	Ten cross-phase integration scenarios	2026-10-08T18:44:55.0426534Z 18:44:55 [B2] next sampling interval = 0.1s
software (3.12)	Ten cross-phase integration scenarios	2026-10-08T18:44:55.0432438Z 18:44:55 [A2] heartbeat -> A1
software (3.12)	Ten cross-phase integration scenarios	2026-10-08T18:44:55.0438479Z 18:44:55 [A1] heartbeat -> A2
software (3.12)	Ten cross-phase integration scenarios	2026-10-08T18:44:55.0447188Z 18:44:55 [SERVER] sensor data stored (B2 soil=50.0% temp=35.8C)
software (3.12)	Ten cross-phase integration scenarios	2026-10-08T18:44:55.0626782Z 18:44:55 [A2] awaiting server durable receipt, CONTROL_RESULT queued locally (depth=10)
software (3.12)	Ten cross-phase integration scenarios	2026-10-08T18:44:55.0645628Z 18:44:55 [SERVER] control result stored (IRRIGATION -> EXECUTED)
software (3.12)	Ten cross-phase integration scenarios	2026-10-08T18:44:55.0663504Z 18:44:55 [SERVER] control result stored (VENTILATION -> EXECUTED)
software (3.12)	Ten cross-phase integration scenarios	2026-10-08T18:44:55.0669202Z 18:44:55 [SERVER] sensor data stored (B1 soil=10.1% temp=26.2C)
software (3.12)	Ten cross-phase integration scenarios	2026-10-08T18:44:55.0689526Z 18:44:55 [SERVER] alert stored (GATEWAY_FAILOVER: takeover from A1)
software (3.12)	Ten cross-phase integration scenarios	2026-10-08T18:44:55.0712108Z 18:44:55 [SERVER] sensor data stored (B2 soil=50.3% temp=35.6C)
software (3.12)	Ten cross-phase integration scenarios	2026-10-08T18:44:55.0716289Z 18:44:55 [SERVER] control result stored (IRRIGATION -> EXECUTED)
software (3.12)	Ten cross-phase integration scenarios	2026-10-08T18:44:55.0740168Z 18:44:55 [SERVER] sensor data stored (B1 soil=10.0% temp=26.5C)
software (3.12)	Ten cross-phase integration scenarios	2026-10-08T18:44:55.0757860Z 18:44:55 [SERVER] control result stored (VENTILATION -> EXECUTED)
software (3.12)	Ten cross-phase integration scenarios	2026-10-08T18:44:55.0786749Z 18:44:55 [SERVER] sensor data stored (B2 soil=50.0% temp=34.6C)
software (3.12)	Ten cross-phase integration scenarios	2026-10-08T18:44:55.0791179Z 18:44:55 [SERVER] control result stored (IRRIGATION -> EXECUTED)
software (3.12)	Ten cross-phase integration scenarios	2026-10-08T18:44:55.1015338Z 18:44:55 [SERVER] sensor data stored (B1 soil=None% temp=25C)
software (3.12)	Ten cross-phase integration scenarios	2026-10-08T18:44:55.1032680Z 18:44:55 [SERVER] control result stored (VENTILATION -> EXECUTED)
software (3.12)	Ten cross-phase integration scenarios	2026-10-08T18:44:55.1036996Z 18:44:55 [SERVER] sensor data stored (B1 soil=None% temp=25C)
software (3.12)	Ten cross-phase integration scenarios	2026-10-08T18:44:55.1047142Z 18:44:55 [A2] offline queue empty
software (3.12)	Ten cross-phase integration scenarios	2026-10-08T18:44:55.1051802Z 18:44:55 [SERVER] sensor data stored (B1 soil=None% temp=25C)
software (3.12)	Ten cross-phase integration scenarios	2026-10-08T18:44:55.1062646Z 18:44:55 [SERVER] sensor data stored (B1 soil=None% temp=25C)
software (3.12)	Ten cross-phase integration scenarios	2026-10-08T18:44:55.1077779Z 18:44:55 [SERVER] sensor data stored (B1 soil=None% temp=25C)
software (3.12)	Ten cross-phase integration scenarios	2026-10-08T18:44:55.1094123Z 18:44:55 [SERVER] sensor data stored (B1 soil=None% temp=25C)
software (3.12)	Ten cross-phase integration scenarios	2026-10-08T18:44:55.1102948Z 18:44:55 [SERVER] sensor data stored (B1 soil=None% temp=25C)
software (3.12)	Ten cross-phase integration scenarios	2026-10-08T18:44:55.1113517Z 18:44:55 [SERVER] sensor data stored (B1 soil=None% temp=25C)
software (3.12)	Ten cross-phase integration scenarios	2026-10-08T18:44:55.1121857Z 18:44:55 [SERVER] sensor data stored (B1 soil=None% temp=25C)
software (3.12)	Ten cross-phase integration scenarios	2026-10-08T18:44:55.1130043Z 18:44:55 [SERVER] sensor data stored (B1 soil=None% temp=25C)
software (3.12)	Ten cross-phase integration scenarios	2026-10-08T18:44:55.1138708Z 18:44:55 [SERVER] sensor data stored (B1 soil=None% temp=25C)
software (3.12)	Ten cross-phase integration scenarios	2026-10-08T18:44:55.1147047Z 18:44:55 [SERVER] sensor data stored (B1 soil=None% temp=25C)
software (3.12)	Ten cross-phase integration scenarios	2026-10-08T18:44:55.1156262Z 18:44:55 [SERVER] sensor data stored (B1 soil=None% temp=25C)
software (3.12)	Ten cross-phase integration scenarios	2026-10-08T18:44:55.1164396Z 18:44:55 [SERVER] sensor data stored (B1 soil=None% temp=25C)
software (3.12)	Ten cross-phase integration scenarios	2026-10-08T18:44:55.1177453Z 18:44:55 [SERVER] sensor data stored (B1 soil=None% temp=25C)
software (3.12)	Ten cross-phase integration scenarios	2026-10-08T18:44:55.1185732Z 18:44:55 [SERVER] sensor data stored (B1 soil=None% temp=25C)
software (3.12)	Ten cross-phase integration scenarios	2026-10-08T18:44:55.1193743Z 18:44:55 [SERVER] sensor data stored (B1 soil=None% temp=25C)
software (3.12)	Ten cross-phase integration scenarios	2026-10-08T18:44:55.1202124Z 18:44:55 [SERVER] sensor data stored (B1 soil=None% temp=25C)
software (3.12)	Ten cross-phase integration scenarios	2026-10-08T18:44:55.1210931Z 18:44:55 [SERVER] sensor data stored (B1 soil=None% temp=25C)
software (3.12)	Ten cross-phase integration scenarios	2026-10-08T18:44:55.1219483Z 18:44:55 [SERVER] sensor data stored (B1 soil=None% temp=25C)
software (3.12)	Ten cross-phase integration scenarios	2026-10-08T18:44:55.1227764Z 18:44:55 [SERVER] sensor data stored (B1 soil=None% temp=25C)
software (3.12)	Ten cross-phase integration scenarios	2026-10-08T18:44:55.1235790Z 18:44:55 [SERVER] sensor data stored (B1 soil=None% temp=25C)
software (3.12)	Ten cross-phase integration scenarios	2026-10-08T18:44:55.1244382Z 18:44:55 [SERVER] sensor data stored (B1 soil=None% temp=25C)
software (3.12)	Ten cross-phase integration scenarios	2026-10-08T18:44:55.1253147Z 18:44:55 [SERVER] sensor data stored (B1 soil=None% temp=25C)
software (3.12)	Ten cross-phase integration scenarios	2026-10-08T18:44:55.1261957Z 18:44:55 [SERVER] sensor data stored (B1 soil=None% temp=25C)
software (3.12)	Ten cross-phase integration scenarios	2026-10-08T18:44:55.1288614Z 18:44:55 [SERVER] sensor data stored (B1 soil=None% temp=25C)
software (3.12)	Ten cross-phase integration scenarios	2026-10-08T18:44:55.1296534Z 18:44:55 [SERVER] sensor data stored (B1 soil=None% temp=25C)
software (3.12)	Ten cross-phase integration scenarios	2026-10-08T18:44:55.3483221Z 18:44:55 [B1] sample #20 soil moisture = 9.6% (temp=27.2C, hum=56.1%, light=210.9)
software (3.12)	Ten cross-phase integration scenarios	2026-10-08T18:44:55.3484718Z 18:44:55 [B1] next sampling interval = 0.1s
software (3.12)	Ten cross-phase integration scenarios	2026-10-08T18:44:55.3485306Z 18:44:55 [B2] sample #20 soil moisture = 50.0% (temp=35.1C, hum=65.9%, light=974.4)
software (3.12)	Ten cross-phase integration scenarios	2026-10-08T18:44:55.3492331Z 18:44:55 [B2] next sampling interval = 0.1s
software (3.12)	Ten cross-phase integration scenarios	2026-10-08T18:44:55.3497438Z 18:44:55 [A2] heartbeat -> A1
software (3.12)	Ten cross-phase integration scenarios	2026-10-08T18:44:55.3503218Z 18:44:55 [A1] heartbeat -> A2
software (3.12)	Ten cross-phase integration scenarios	2026-10-08T18:44:55.3507450Z 18:44:55 [SERVER] SERVER_POLICY v1 pushed to A1, A2
software (3.12)	Ten cross-phase integration scenarios	2026-10-08T18:44:55.3520278Z 18:44:55 [A2] SERVER_POLICY v1 ignored (already at v1)
software (3.12)	Ten cross-phase integration scenarios	2026-10-08T18:44:55.3521344Z 18:44:55 [A1] SERVER_POLICY v1 ignored (already at v1)
software (3.12)	Ten cross-phase integration scenarios	2026-10-08T18:44:55.3524318Z 18:44:55 [A2] received SENSOR_DATA from B2
software (3.12)	Ten cross-phase integration scenarios	2026-10-08T18:44:55.3524740Z 18:44:55 [A2] edge decision = VENTILATION (temperature 35.1 > 32.0)
software (3.12)	Ten cross-phase integration scenarios	2026-10-08T18:44:55.3539191Z 18:44:55 [A2] awaiting server durable receipt, SENSOR_DATA queued locally (depth=1)
software (3.12)	Ten cross-phase integration scenarios	2026-10-08T18:44:55.3541812Z 18:44:55 [A2] command sent to C2 (VENTILATION 5s, command_id=6ef60ac6fbee, generation=2)
software (3.12)	Ten cross-phase integration scenarios	2026-10-08T18:44:55.3549650Z 18:44:55 [A2] awaiting server durable receipt, CONTROL_COMMAND queued locally (depth=2)
software (3.12)	Ten cross-phase integration scenarios	2026-10-08T18:44:55.3550715Z 18:44:55 [SERVER] sensor data stored (B1 soil=None% temp=25C)
software (3.12)	Ten cross-phase integration scenarios	2026-10-08T18:44:55.3555150Z 18:44:55 [C2] VENTILATION command received (command_id=6ef60ac6fbee, duration=5s, generation=2)
software (3.12)	Ten cross-phase integration scenarios	2026-10-08T18:44:55.3556681Z 18:44:55 [C2] ACK sent (command_id=6ef60ac6fbee)
software (3.12)	Ten cross-phase integration scenarios	2026-10-08T18:44:55.3558000Z 18:44:55 [C2] safety check passed
software (3.12)	Ten cross-phase integration scenarios	2026-10-08T18:44:55.3560404Z 18:44:55 [SERVER] sensor data stored (B2 soil=50.0% temp=35.1C)
software (3.12)	Ten cross-phase integration scenarios	2026-10-08T18:44:55.3567500Z 18:44:55 [A2] ACK received (message_id=6ef60ac6fbee)
software (3.12)	Ten cross-phase integration scenarios	2026-10-08T18:44:55.3579256Z 18:44:55 [SERVER] sensor data stored (B1 soil=None% temp=25C)
software (3.12)	Ten cross-phase integration scenarios	2026-10-08T18:44:55.3611331Z 18:44:55 [A2] offline queue empty
software (3.12)	Ten cross-phase integration scenarios	2026-10-08T18:44:55.3612362Z 18:44:55 [SERVER] sensor data stored (B1 soil=None% temp=25C)
software (3.12)	Ten cross-phase integration scenarios	2026-10-08T18:44:55.5779252Z 18:44:55 [C2] ventilation executed
software (3.12)	Ten cross-phase integration scenarios	2026-10-08T18:44:55.5782719Z 18:44:55 [C2] CONTROL_RESULT sent to A2
software (3.12)	Ten cross-phase integration scenarios	2026-10-08T18:44:55.5785228Z 18:44:55 [B1] sample #21 soil moisture = 9.7% (temp=27.3C, hum=54.2%, light=306.4)
software (3.12)	Ten cross-phase integration scenarios	2026-10-08T18:44:55.5790381Z 18:44:55 [B1] next sampling interval = 0.1s
software (3.12)	Ten cross-phase integration scenarios	2026-10-08T18:44:55.5790864Z 18:44:55 [B2] sample #21 soil moisture = 49.9% (temp=35.6C, hum=69.0%, light=1026.5)
software (3.12)	Ten cross-phase integration scenarios	2026-10-08T18:44:55.5792399Z 18:44:55 [B2] next sampling interval = 0.1s
software (3.12)	Ten cross-phase integration scenarios	2026-10-08T18:44:55.5797713Z 18:44:55 [A2] heartbeat -> A1
software (3.12)	Ten cross-phase integration scenarios	2026-10-08T18:44:55.5803503Z 18:44:55 [A1] heartbeat -> A2
software (3.12)	Ten cross-phase integration scenarios	2026-10-08T18:44:55.5820442Z 18:44:55 [A1] received SENSOR_DATA from B1
software (3.12)	Ten cross-phase integration scenarios	2026-10-08T18:44:55.5820940Z 18:44:55 [A1] edge decision = IRRIGATION (soil_moisture 9.7 < 25.0)
software (3.12)	Ten cross-phase integration scenarios	2026-10-08T18:44:55.5833862Z 18:44:55 [A2] awaiting server durable receipt, CONTROL_RESULT queued locally (depth=1)
software (3.12)	Ten cross-phase integration scenarios	2026-10-08T18:44:55.5838784Z 18:44:55 [A1] awaiting server durable receipt, SENSOR_DATA queued locally (depth=228)
software (3.12)	Ten cross-phase integration scenarios	2026-10-08T18:44:55.5841297Z 18:44:55 [A1] command sent to C1 (IRRIGATION 10s, command_id=4f4a0233bca1, generation=2)
software (3.12)	Ten cross-phase integration scenarios	2026-10-08T18:44:55.5848081Z 18:44:55 [A1] awaiting server durable receipt, CONTROL_COMMAND queued locally (depth=229)
software (3.12)	Ten cross-phase integration scenarios	2026-10-08T18:44:55.5849120Z 18:44:55 [SERVER] sensor data stored (B1 soil=None% temp=25C)
software (3.12)	Ten cross-phase integration scenarios	2026-10-08T18:44:55.5853480Z 18:44:55 [C1] IRRIGATION command received (command_id=4f4a0233bca1, duration=10s, generation=2)
software (3.12)	Ten cross-phase integration scenarios	2026-10-08T18:44:55.5855104Z 18:44:55 [C1] ACK sent (command_id=4f4a0233bca1)
software (3.12)	Ten cross-phase integration scenarios	2026-10-08T18:44:55.5856451Z 18:44:55 [C1] safety check passed
software (3.12)	Ten cross-phase integration scenarios	2026-10-08T18:44:55.5858145Z 18:44:55 [SERVER] control result stored (VENTILATION -> EXECUTED)
software (3.12)	Ten cross-phase integration scenarios	2026-10-08T18:44:55.5863201Z 18:44:55 [A1] ACK received (message_id=4f4a0233bca1)
software (3.12)	Ten cross-phase integration scenarios	2026-10-08T18:44:55.5870079Z 18:44:55 [A2] offline queue empty
software (3.12)	Ten cross-phase integration scenarios	2026-10-08T18:44:55.5871309Z 18:44:55 [SERVER] sensor data stored (B1 soil=None% temp=25C)
software (3.12)	Ten cross-phase integration scenarios	2026-10-08T18:44:55.5879779Z 18:44:55 [SERVER] sensor data stored (B1 soil=None% temp=25C)
software (3.12)	Ten cross-phase integration scenarios	2026-10-08T18:44:55.5888481Z 18:44:55 [SERVER] sensor data stored (B1 soil=None% temp=25C)
software (3.12)	Ten cross-phase integration scenarios	2026-10-08T18:44:55.5948235Z 18:44:55 [SERVER] sensor data stored (B1 soil=None% temp=25C)
software (3.12)	Ten cross-phase integration scenarios	2026-10-08T18:44:55.5958122Z 18:44:55 [SERVER] sensor data stored (B1 soil=None% temp=25C)
software (3.12)	Ten cross-phase integration scenarios	2026-10-08T18:44:55.5966586Z 18:44:55 [SERVER] sensor data stored (B1 soil=None% temp=25C)
software (3.12)	Ten cross-phase integration scenarios	2026-10-08T18:44:55.5975800Z 18:44:55 [SERVER] sensor data stored (B1 soil=None% temp=25C)
software (3.12)	Ten cross-phase integration scenarios	2026-10-08T18:44:55.5984130Z 18:44:55 [SERVER] sensor data stored (B1 soil=None% temp=25C)
software (3.12)	Ten cross-phase integration scenarios	2026-10-08T18:44:55.5993083Z 18:44:55 [SERVER] sensor data stored (B1 soil=None% temp=25C)
software (3.12)	Ten cross-phase integration scenarios	2026-10-08T18:44:55.6001609Z 18:44:55 [SERVER] sensor data stored (B1 soil=None% temp=25C)
software (3.12)	Ten cross-phase integration scenarios	2026-10-08T18:44:55.6009515Z 18:44:55 [SERVER] sensor data stored (B1 soil=None% temp=25C)
software (3.12)	Ten cross-phase integration scenarios	2026-10-08T18:44:55.6017809Z 18:44:55 [SERVER] sensor data stored (B1 soil=None% temp=25C)
software (3.12)	Ten cross-phase integration scenarios	2026-10-08T18:44:55.6027006Z 18:44:55 [SERVER] sensor data stored (B1 soil=None% temp=25C)
software (3.12)	Ten cross-phase integration scenarios	2026-10-08T18:44:55.6034804Z 18:44:55 [SERVER] sensor data stored (B1 soil=None% temp=25C)
software (3.12)	Ten cross-phase integration scenarios	2026-10-08T18:44:55.6042771Z 18:44:55 [SERVER] sensor data stored (B1 soil=None% temp=25C)
software (3.12)	Ten cross-phase integration scenarios	2026-10-08T18:44:55.6050754Z 18:44:55 [SERVER] sensor data stored (B1 soil=None% temp=25C)
software (3.12)	Ten cross-phase integration scenarios	2026-10-08T18:44:55.6061142Z 18:44:55 [SERVER] sensor data stored (B1 soil=None% temp=25C)
software (3.12)	Ten cross-phase integration scenarios	2026-10-08T18:44:55.6069273Z 18:44:55 [SERVER] sensor data stored (B1 soil=None% temp=25C)
software (3.12)	Ten cross-phase integration scenarios	2026-10-08T18:44:55.6077459Z 18:44:55 [SERVER] sensor data stored (B1 soil=None% temp=25C)
software (3.12)	Ten cross-phase integration scenarios	2026-10-08T18:44:55.8171049Z 18:44:55 [C1] irrigation executed
software (3.12)	Ten cross-phase integration scenarios	2026-10-08T18:44:55.8175508Z 18:44:55 [C1] CONTROL_RESULT sent to A1
software (3.12)	Ten cross-phase integration scenarios	2026-10-08T18:44:55.8176039Z 18:44:55 [B1] sample #22 soil moisture = 9.8% (temp=27.1C, hum=52.0%, light=308.7)
software (3.12)	Ten cross-phase integration scenarios	2026-10-08T18:44:55.8178305Z 18:44:55 [B1] next sampling interval = 0.1s
software (3.12)	Ten cross-phase integration scenarios	2026-10-08T18:44:55.8178787Z 18:44:55 [B2] sample #22 soil moisture = 50.0% (temp=35.6C, hum=72.5%, light=1109.0)
software (3.12)	Ten cross-phase integration scenarios	2026-10-08T18:44:55.8185006Z 18:44:55 [B2] next sampling interval = 0.1s
software (3.12)	Ten cross-phase integration scenarios	2026-10-08T18:44:55.8190407Z 18:44:55 [A2] heartbeat -> A1
software (3.12)	Ten cross-phase integration scenarios	2026-10-08T18:44:55.8196048Z 18:44:55 [A1] heartbeat -> A2
software (3.12)	Ten cross-phase integration scenarios	2026-10-08T18:44:55.8202104Z 18:44:55 [SERVER] sensor data stored (B1 soil=None% temp=25C)
software (3.12)	Ten cross-phase integration scenarios	2026-10-08T18:44:55.8214630Z 18:44:55 [A2] received SENSOR_DATA from B2
software (3.12)	Ten cross-phase integration scenarios	2026-10-08T18:44:55.8215125Z 18:44:55 [A2] edge decision = VENTILATION (temperature 35.6 > 32.0)
software (3.12)	Ten cross-phase integration scenarios	2026-10-08T18:44:55.8226998Z 18:44:55 [A1] awaiting server durable receipt, CONTROL_RESULT queued locally (depth=210)
software (3.12)	Ten cross-phase integration scenarios	2026-10-08T18:44:55.8231644Z 18:44:55 [A2] awaiting server durable receipt, SENSOR_DATA queued locally (depth=1)
software (3.12)	Ten cross-phase integration scenarios	2026-10-08T18:44:55.8234283Z 18:44:55 [A2] command sent to C2 (VENTILATION 5s, command_id=d5818c1f1c64, generation=2)
software (3.12)	Ten cross-phase integration scenarios	2026-10-08T18:44:55.8242282Z 18:44:55 [A2] awaiting server durable receipt, CONTROL_COMMAND queued locally (depth=2)
software (3.12)	Ten cross-phase integration scenarios	2026-10-08T18:44:55.8246218Z 18:44:55 [C2] VENTILATION command received (command_id=d5818c1f1c64, duration=5s, generation=2)
software (3.12)	Ten cross-phase integration scenarios	2026-10-08T18:44:55.8247978Z 18:44:55 [C2] ACK sent (command_id=d5818c1f1c64)
software (3.12)	Ten cross-phase integration scenarios	2026-10-08T18:44:55.8249050Z 18:44:55 [C2] safety check passed
software (3.12)	Ten cross-phase integration scenarios	2026-10-08T18:44:55.8251519Z 18:44:55 [SERVER] sensor data stored (B2 soil=50.0% temp=35.6C)
software (3.12)	Ten cross-phase integration scenarios	2026-10-08T18:44:55.8256435Z 18:44:55 [SERVER] sensor data stored (B1 soil=None% temp=25C)
software (3.12)	Ten cross-phase integration scenarios	2026-10-08T18:44:55.8260197Z 18:44:55 [A2] ACK received (message_id=d5818c1f1c64)
software (3.12)	Ten cross-phase integration scenarios	2026-10-08T18:44:55.8275849Z 18:44:55 [SERVER] sensor data stored (B1 soil=None% temp=25C)
software (3.12)	Ten cross-phase integration scenarios	2026-10-08T18:44:55.8283550Z 18:44:55 [A2] offline queue empty
software (3.12)	Ten cross-phase integration scenarios	2026-10-08T18:44:55.8289694Z 18:44:55 [SERVER] sensor data stored (B1 soil=None% temp=25C)
software (3.12)	Ten cross-phase integration scenarios	2026-10-08T18:44:55.8298721Z 18:44:55 [SERVER] sensor data stored (B1 soil=None% temp=25C)
software (3.12)	Ten cross-phase integration scenarios	2026-10-08T18:44:55.8306746Z 18:44:55 [SERVER] sensor data stored (B1 soil=None% temp=25C)
software (3.12)	Ten cross-phase integration scenarios	2026-10-08T18:44:55.8315120Z 18:44:55 [SERVER] sensor data stored (B1 soil=None% temp=25C)
software (3.12)	Ten cross-phase integration scenarios	2026-10-08T18:44:55.8323049Z 18:44:55 [SERVER] sensor data stored (B1 soil=None% temp=25C)
software (3.12)	Ten cross-phase integration scenarios	2026-10-08T18:44:55.8330960Z 18:44:55 [SERVER] sensor data stored (B1 soil=None% temp=25C)
software (3.12)	Ten cross-phase integration scenarios	2026-10-08T18:44:55.8339164Z 18:44:55 [SERVER] sensor data stored (B1 soil=None% temp=25C)
software (3.12)	Ten cross-phase integration scenarios	2026-10-08T18:44:55.8347102Z 18:44:55 [SERVER] sensor data stored (B1 soil=None% temp=25C)
software (3.12)	Ten cross-phase integration scenarios	2026-10-08T18:44:55.8358635Z 18:44:55 [SERVER] sensor data stored (B1 soil=None% temp=25C)
software (3.12)	Ten cross-phase integration scenarios	2026-10-08T18:44:55.8366573Z 18:44:55 [SERVER] sensor data stored (B1 soil=None% temp=25C)
software (3.12)	Ten cross-phase integration scenarios	2026-10-08T18:44:55.8374474Z 18:44:55 [SERVER] sensor data stored (B1 soil=None% temp=25C)
software (3.12)	Ten cross-phase integration scenarios	2026-10-08T18:44:55.8384149Z 18:44:55 [SERVER] sensor data stored (B1 soil=None% temp=25C)
software (3.12)	Ten cross-phase integration scenarios	2026-10-08T18:44:55.8393007Z 18:44:55 [SERVER] sensor data stored (B1 soil=None% temp=25C)
software (3.12)	Ten cross-phase integration scenarios	2026-10-08T18:44:55.8401325Z 18:44:55 [SERVER] sensor data stored (B1 soil=None% temp=25C)
software (3.12)	Ten cross-phase integration scenarios	2026-10-08T18:44:55.8409163Z 18:44:55 [SERVER] sensor data stored (B1 soil=None% temp=25C)
software (3.12)	Ten cross-phase integration scenarios	2026-10-08T18:44:55.8417344Z 18:44:55 [SERVER] sensor data stored (B1 soil=None% temp=25C)
software (3.12)	Ten cross-phase integration scenarios	2026-10-08T18:44:55.8425581Z 18:44:55 [SERVER] sensor data stored (B1 soil=None% temp=25C)
software (3.12)	Ten cross-phase integration scenarios	2026-10-08T18:44:55.8433449Z 18:44:55 [SERVER] sensor data stored (B1 soil=None% temp=25C)
software (3.12)	Ten cross-phase integration scenarios	2026-10-08T18:44:55.8441822Z 18:44:55 [SERVER] sensor data stored (B1 soil=None% temp=25C)
software (3.12)	Ten cross-phase integration scenarios	2026-10-08T18:44:55.8449513Z 18:44:55 [SERVER] sensor data stored (B1 soil=None% temp=25C)
software (3.12)	Ten cross-phase integration scenarios	2026-10-08T18:44:55.8457561Z 18:44:55 [SERVER] sensor data stored (B1 soil=None% temp=25C)
software (3.12)	Ten cross-phase integration scenarios	2026-10-08T18:44:55.8465428Z 18:44:55 [SERVER] sensor data stored (B1 soil=None% temp=25C)
software (3.12)	Ten cross-phase integration scenarios	2026-10-08T18:44:55.8475669Z 18:44:55 [SERVER] sensor data stored (B1 soil=None% temp=25C)
software (3.12)	Ten cross-phase integration scenarios	2026-10-08T18:44:55.8484562Z 18:44:55 [SERVER] sensor data stored (B1 soil=None% temp=25C)
software (3.12)	Ten cross-phase integration scenarios	2026-10-08T18:44:56.0157762Z 18:44:56 [SERVER] SERVER_POLICY v1 pushed to A1, A2
software (3.12)	Ten cross-phase integration scenarios	2026-10-08T18:44:56.0158706Z 18:44:56 [C2] ventilation executed
software (3.12)	Ten cross-phase integration scenarios	2026-10-08T18:44:56.0162311Z 18:44:56 [C2] CONTROL_RESULT sent to A2
software (3.12)	Ten cross-phase integration scenarios	2026-10-08T18:44:56.0163001Z 18:44:56 [B1] sample #23 soil moisture = 9.7% (temp=26.6C, hum=48.4%, light=339.3)
software (3.12)	Ten cross-phase integration scenarios	2026-10-08T18:44:56.0170810Z 18:44:56 [B1] next sampling interval = 0.1s
software (3.12)	Ten cross-phase integration scenarios	2026-10-08T18:44:56.0171279Z 18:44:56 [B2] sample #23 soil moisture = 50.0% (temp=36.1C, hum=71.6%, light=1011.3)
software (3.12)	Ten cross-phase integration scenarios	2026-10-08T18:44:56.0172765Z 18:44:56 [B2] next sampling interval = 0.1s
software (3.12)	Ten cross-phase integration scenarios	2026-10-08T18:44:56.0178313Z 18:44:56 [A2] heartbeat -> A1
software (3.12)	Ten cross-phase integration scenarios	2026-10-08T18:44:56.0184961Z 18:44:56 [A1] heartbeat -> A2
software (3.12)	Ten cross-phase integration scenarios	2026-10-08T18:44:56.0193336Z 18:44:56 [A2] SERVER_POLICY v1 ignored (already at v1)
software (3.12)	Ten cross-phase integration scenarios	2026-10-08T18:44:56.0194314Z 18:44:56 [A1] SERVER_POLICY v1 ignored (already at v1)
software (3.12)	Ten cross-phase integration scenarios	2026-10-08T18:44:56.0205053Z 18:44:56 [A1] received SENSOR_DATA from B1
software (3.12)	Ten cross-phase integration scenarios	2026-10-08T18:44:56.0205547Z 18:44:56 [A1] edge decision = IRRIGATION (soil_moisture 9.7 < 25.0)
software (3.12)	Ten cross-phase integration scenarios	2026-10-08T18:44:56.0223368Z 18:44:56 [A2] awaiting server durable receipt, CONTROL_RESULT queued locally (depth=1)
software (3.12)	Ten cross-phase integration scenarios	2026-10-08T18:44:56.0226222Z 18:44:56 [A1] awaiting server durable receipt, SENSOR_DATA queued locally (depth=184)
software (3.12)	Ten cross-phase integration scenarios	2026-10-08T18:44:56.0229027Z 18:44:56 [A1] command sent to C1 (IRRIGATION 10s, command_id=f5dbf77fed20, generation=2)
software (3.12)	Ten cross-phase integration scenarios	2026-10-08T18:44:56.0235389Z 18:44:56 [A1] awaiting server durable receipt, CONTROL_COMMAND queued locally (depth=185)
software (3.12)	Ten cross-phase integration scenarios	2026-10-08T18:44:56.0236437Z 18:44:56 [SERVER] sensor data stored (B1 soil=None% temp=25C)
software (3.12)	Ten cross-phase integration scenarios	2026-10-08T18:44:56.0241358Z 18:44:56 [C1] IRRIGATION command received (command_id=f5dbf77fed20, duration=10s, generation=2)
software (3.12)	Ten cross-phase integration scenarios	2026-10-08T18:44:56.0242869Z 18:44:56 [C1] ACK sent (command_id=f5dbf77fed20)
software (3.12)	Ten cross-phase integration scenarios	2026-10-08T18:44:56.0244274Z 18:44:56 [C1] safety check passed
software (3.12)	Ten cross-phase integration scenarios	2026-10-08T18:44:56.0245758Z 18:44:56 [SERVER] control result stored (VENTILATION -> EXECUTED)
software (3.12)	Ten cross-phase integration scenarios	2026-10-08T18:44:56.0251087Z 18:44:56 [A1] ACK received (message_id=f5dbf77fed20)
software (3.12)	Ten cross-phase integration scenarios	2026-10-08T18:44:56.0258423Z 18:44:56 [A2] offline queue empty
software (3.12)	Ten cross-phase integration scenarios	2026-10-08T18:44:56.0259568Z 18:44:56 [SERVER] sensor data stored (B1 soil=None% temp=25C)
software (3.12)	Ten cross-phase integration scenarios	2026-10-08T18:44:56.0269711Z 18:44:56 [SERVER] sensor data stored (B1 soil=None% temp=25C)
software (3.12)	Ten cross-phase integration scenarios	2026-10-08T18:44:56.0287502Z 18:44:56 [SERVER] sensor data stored (B1 soil=None% temp=25C)
software (3.12)	Ten cross-phase integration scenarios	2026-10-08T18:44:56.0297397Z 18:44:56 [SERVER] sensor data stored (B1 soil=None% temp=25C)
software (3.12)	Ten cross-phase integration scenarios	2026-10-08T18:44:56.0306590Z 18:44:56 [SERVER] sensor data stored (B1 soil=None% temp=25C)
software (3.12)	Ten cross-phase integration scenarios	2026-10-08T18:44:56.0316505Z 18:44:56 [SERVER] sensor data stored (B1 soil=None% temp=25C)
software (3.12)	Ten cross-phase integration scenarios	2026-10-08T18:44:56.0325925Z 18:44:56 [SERVER] sensor data stored (B1 soil=None% temp=25C)
software (3.12)	Ten cross-phase integration scenarios	2026-10-08T18:44:56.0336169Z 18:44:56 [SERVER] sensor data stored (B1 soil=None% temp=25C)
software (3.12)	Ten cross-phase integration scenarios	2026-10-08T18:44:56.0353819Z 18:44:56 [SERVER] sensor data stored (B1 soil=None% temp=25C)
software (3.12)	Ten cross-phase integration scenarios	2026-10-08T18:44:56.0362674Z 18:44:56 [SERVER] sensor data stored (B1 soil=None% temp=25C)
software (3.12)	Ten cross-phase integration scenarios	2026-10-08T18:44:56.0372140Z 18:44:56 [SERVER] sensor data stored (B1 soil=None% temp=25C)
software (3.12)	Ten cross-phase integration scenarios	2026-10-08T18:44:56.0380306Z 18:44:56 [SERVER] sensor data stored (B1 soil=None% temp=25C)
software (3.12)	Ten cross-phase integration scenarios	2026-10-08T18:44:56.0388255Z 18:44:56 [SERVER] sensor data stored (B1 soil=None% temp=25C)
software (3.12)	Ten cross-phase integration scenarios	2026-10-08T18:44:56.0396295Z 18:44:56 [SERVER] sensor data stored (B1 soil=None% temp=25C)
software (3.12)	Ten cross-phase integration scenarios	2026-10-08T18:44:56.0404600Z 18:44:56 [SERVER] sensor data stored (B1 soil=None% temp=25C)
software (3.12)	Ten cross-phase integration scenarios	2026-10-08T18:44:56.0412829Z 18:44:56 [SERVER] sensor data stored (B1 soil=None% temp=25C)
software (3.12)	Ten cross-phase integration scenarios	2026-10-08T18:44:56.0420628Z 18:44:56 [SERVER] sensor data stored (B1 soil=None% temp=25C)
software (3.12)	Ten cross-phase integration scenarios	2026-10-08T18:44:56.0429027Z 18:44:56 [SERVER] sensor data stored (B1 soil=None% temp=25C)
software (3.12)	Ten cross-phase integration scenarios	2026-10-08T18:44:56.0437851Z 18:44:56 [SERVER] sensor data stored (B1 soil=None% temp=25C)
software (3.12)	Ten cross-phase integration scenarios	2026-10-08T18:44:56.0449013Z 18:44:56 [SERVER] sensor data stored (B1 soil=None% temp=25C)
software (3.12)	Ten cross-phase integration scenarios	2026-10-08T18:44:56.0556161Z 18:44:56 [SERVER] sensor data stored (B1 soil=None% temp=25C)
software (3.12)	Ten cross-phase integration scenarios	2026-10-08T18:44:56.0564378Z 18:44:56 [SERVER] sensor data stored (B1 soil=None% temp=25C)
software (3.12)	Ten cross-phase integration scenarios	2026-10-08T18:44:56.0572925Z 18:44:56 [SERVER] sensor data stored (B1 soil=None% temp=25C)
software (3.12)	Ten cross-phase integration scenarios	2026-10-08T18:44:56.0581013Z 18:44:56 [SERVER] sensor data stored (B1 soil=None% temp=25C)
software (3.12)	Ten cross-phase integration scenarios	2026-10-08T18:44:56.0592190Z 18:44:56 [SERVER] sensor data stored (B1 soil=None% temp=25C)
software (3.12)	Ten cross-phase integration scenarios	2026-10-08T18:44:56.0601538Z 18:44:56 [SERVER] sensor data stored (B1 soil=None% temp=25C)
software (3.12)	Ten cross-phase integration scenarios	2026-10-08T18:44:56.0611034Z 18:44:56 [SERVER] sensor data stored (B1 soil=None% temp=25C)
software (3.12)	Ten cross-phase integration scenarios	2026-10-08T18:44:56.0619599Z 18:44:56 [SERVER] sensor data stored (B1 soil=None% temp=25C)
software (3.12)	Ten cross-phase integration scenarios	2026-10-08T18:44:56.0628802Z 18:44:56 [SERVER] sensor data stored (B1 soil=None% temp=25C)
software (3.12)	Ten cross-phase integration scenarios	2026-10-08T18:44:56.0637477Z 18:44:56 [SERVER] sensor data stored (B1 soil=None% temp=25C)
software (3.12)	Ten cross-phase integration scenarios	2026-10-08T18:44:56.0649411Z 18:44:56 [SERVER] sensor data stored (B1 soil=None% temp=25C)
software (3.12)	Ten cross-phase integration scenarios	2026-10-08T18:44:56.0658517Z 18:44:56 [SERVER] sensor data stored (B1 soil=None% temp=25C)
software (3.12)	Ten cross-phase integration scenarios	2026-10-08T18:44:56.0682033Z 18:44:56 [SERVER] sensor data stored (B1 soil=None% temp=25C)
software (3.12)	Ten cross-phase integration scenarios	2026-10-08T18:44:56.0690759Z 18:44:56 [SERVER] sensor data stored (B1 soil=None% temp=25C)
software (3.12)	Ten cross-phase integration scenarios	2026-10-08T18:44:56.0699291Z 18:44:56 [SERVER] sensor data stored (B1 soil=None% temp=25C)
software (3.12)	Ten cross-phase integration scenarios	2026-10-08T18:44:56.0707692Z 18:44:56 [SERVER] sensor data stored (B1 soil=None% temp=25C)
software (3.12)	Ten cross-phase integration scenarios	2026-10-08T18:44:56.0715988Z 18:44:56 [SERVER] sensor data stored (B1 soil=None% temp=25C)
software (3.12)	Ten cross-phase integration scenarios	2026-10-08T18:44:56.0725787Z 18:44:56 [SERVER] sensor data stored (B1 soil=None% temp=25C)
software (3.12)	Ten cross-phase integration scenarios	2026-10-08T18:44:56.0734464Z 18:44:56 [SERVER] sensor data stored (B1 soil=None% temp=25C)
software (3.12)	Ten cross-phase integration scenarios	2026-10-08T18:44:56.0747555Z 18:44:56 [C1] irrigation executed
software (3.12)	Ten cross-phase integration scenarios	2026-10-08T18:44:56.0751580Z 18:44:56 [C1] CONTROL_RESULT sent to A1
software (3.12)	Ten cross-phase integration scenarios	2026-10-08T18:44:56.0753008Z 18:44:56 [SERVER] sensor data stored (B1 soil=None% temp=25C)
software (3.12)	Ten cross-phase integration scenarios	2026-10-08T18:44:56.0762497Z 18:44:56 [A1] awaiting server durable receipt, CONTROL_RESULT queued locally (depth=146)
software (3.12)	Ten cross-phase integration scenarios	2026-10-08T18:44:56.0766689Z 18:44:56 [SERVER] sensor data stored (B1 soil=None% temp=25C)
software (3.12)	Ten cross-phase integration scenarios	2026-10-08T18:44:56.0775056Z 18:44:56 [SERVER] sensor data stored (B1 soil=None% temp=25C)
software (3.12)	Ten cross-phase integration scenarios	2026-10-08T18:44:56.0783641Z 18:44:56 [SERVER] sensor data stored (B1 soil=None% temp=25C)
software (3.12)	Ten cross-phase integration scenarios	2026-10-08T18:44:56.0793116Z 18:44:56 [SERVER] sensor data stored (B1 soil=None% temp=25C)
software (3.12)	Ten cross-phase integration scenarios	2026-10-08T18:44:56.0801129Z 18:44:56 [SERVER] sensor data stored (B1 soil=None% temp=25C)
software (3.12)	Ten cross-phase integration scenarios	2026-10-08T18:44:56.0809322Z 18:44:56 [SERVER] sensor data stored (B1 soil=None% temp=25C)
software (3.12)	Ten cross-phase integration scenarios	2026-10-08T18:44:56.0818092Z 18:44:56 [SERVER] sensor data stored (B1 soil=None% temp=25C)
software (3.12)	Ten cross-phase integration scenarios	2026-10-08T18:44:56.0826503Z 18:44:56 [SERVER] sensor data stored (B1 soil=None% temp=25C)
software (3.12)	Ten cross-phase integration scenarios	2026-10-08T18:44:56.0835586Z 18:44:56 [SERVER] sensor data stored (B1 soil=None% temp=25C)
software (3.12)	Ten cross-phase integration scenarios	2026-10-08T18:44:56.0844712Z 18:44:56 [SERVER] sensor data stored (B1 soil=None% temp=25C)
software (3.12)	Ten cross-phase integration scenarios	2026-10-08T18:44:56.0853197Z 18:44:56 [SERVER] sensor data stored (B1 soil=None% temp=25C)
software (3.12)	Ten cross-phase integration scenarios	2026-10-08T18:44:56.0862238Z 18:44:56 [SERVER] sensor data stored (B1 soil=None% temp=25C)
software (3.12)	Ten cross-phase integration scenarios	2026-10-08T18:44:56.0883007Z 18:44:56 [SERVER] sensor data stored (B1 soil=None% temp=25C)
software (3.12)	Ten cross-phase integration scenarios	2026-10-08T18:44:56.0891594Z 18:44:56 [SERVER] sensor data stored (B1 soil=None% temp=25C)
software (3.12)	Ten cross-phase integration scenarios	2026-10-08T18:44:56.0899729Z 18:44:56 [SERVER] sensor data stored (B1 soil=None% temp=25C)
software (3.12)	Ten cross-phase integration scenarios	2026-10-08T18:44:56.1572377Z 18:44:56 [B1] sample #24 soil moisture = 9.6% (temp=27.0C, hum=47.7%, light=310.9)
software (3.12)	Ten cross-phase integration scenarios	2026-10-08T18:44:56.1574777Z 18:44:56 [B1] next sampling interval = 0.1s
software (3.12)	Ten cross-phase integration scenarios	2026-10-08T18:44:56.1575164Z 18:44:56 [B2] sample #24 soil moisture = 50.0% (temp=35.7C, hum=75.1%, light=1055.7)
software (3.12)	Ten cross-phase integration scenarios	2026-10-08T18:44:56.1577468Z 18:44:56 [B2] next sampling interval = 0.1s
software (3.12)	Ten cross-phase integration scenarios	2026-10-08T18:44:56.1583377Z 18:44:56 [A2] heartbeat -> A1
software (3.12)	Ten cross-phase integration scenarios	2026-10-08T18:44:56.1589496Z 18:44:56 [A1] heartbeat -> A2
software (3.12)	Ten cross-phase integration scenarios	2026-10-08T18:44:56.1617995Z 18:44:56 [SERVER] sensor data stored (B1 soil=None% temp=25C)
software (3.12)	Ten cross-phase integration scenarios	2026-10-08T18:44:56.2668666Z 18:44:56 [B1] sample #25 soil moisture = 9.7% (temp=27.6C, hum=48.0%, light=397.5)
software (3.12)	Ten cross-phase integration scenarios	2026-10-08T18:44:56.2676969Z 18:44:56 [B1] next sampling interval = 0.1s
software (3.12)	Ten cross-phase integration scenarios	2026-10-08T18:44:56.2677673Z 18:44:56 [B2] sample #25 soil moisture = 50.0% (temp=35.8C, hum=73.2%, light=1154.7)
software (3.12)	Ten cross-phase integration scenarios	2026-10-08T18:44:56.2679611Z 18:44:56 [B2] next sampling interval = 0.1s
software (3.12)	Ten cross-phase integration scenarios	2026-10-08T18:44:56.2684767Z 18:44:56 [A2] heartbeat -> A1
software (3.12)	Ten cross-phase integration scenarios	2026-10-08T18:44:56.2690847Z 18:44:56 [A1] heartbeat -> A2
software (3.12)	Ten cross-phase integration scenarios	2026-10-08T18:44:56.2707666Z 18:44:56 [A1] received SENSOR_DATA from B1
software (3.12)	Ten cross-phase integration scenarios	2026-10-08T18:44:56.2709580Z 18:44:56 [A1] edge decision = IRRIGATION (soil_moisture 9.7 < 25.0)
software (3.12)	Ten cross-phase integration scenarios	2026-10-08T18:44:56.2724252Z 18:44:56 [A1] awaiting server durable receipt, SENSOR_DATA queued locally (depth=130)
software (3.12)	Ten cross-phase integration scenarios	2026-10-08T18:44:56.2727416Z 18:44:56 [A1] command sent to C1 (IRRIGATION 10s, command_id=e9720172300d, generation=2)
software (3.12)	Ten cross-phase integration scenarios	2026-10-08T18:44:56.2730220Z 18:44:56 [A1] awaiting server durable receipt, CONTROL_COMMAND queued locally (depth=131)
software (3.12)	Ten cross-phase integration scenarios	2026-10-08T18:44:56.2731193Z 18:44:56 [SERVER] sensor data stored (B1 soil=None% temp=25C)
software (3.12)	Ten cross-phase integration scenarios	2026-10-08T18:44:56.2736564Z 18:44:56 [C1] IRRIGATION command received (command_id=e9720172300d, duration=10s, generation=2)
software (3.12)	Ten cross-phase integration scenarios	2026-10-08T18:44:56.2738275Z 18:44:56 [C1] ACK sent (command_id=e9720172300d)
software (3.12)	Ten cross-phase integration scenarios	2026-10-08T18:44:56.2740365Z 18:44:56 [C1] safety check passed
software (3.12)	Ten cross-phase integration scenarios	2026-10-08T18:44:56.2741511Z 18:44:56 [A1] ACK received (message_id=e9720172300d)
software (3.12)	Ten cross-phase integration scenarios	2026-10-08T18:44:56.2746413Z 18:44:56 [SERVER] sensor data stored (B1 soil=None% temp=25C)
software (3.12)	Ten cross-phase integration scenarios	2026-10-08T18:44:56.2754940Z 18:44:56 [SERVER] sensor data stored (B1 soil=None% temp=25C)
software (3.12)	Ten cross-phase integration scenarios	2026-10-08T18:44:56.2763429Z 18:44:56 [SERVER] sensor data stored (B1 soil=None% temp=25C)
software (3.12)	Ten cross-phase integration scenarios	2026-10-08T18:44:56.2773128Z 18:44:56 [SERVER] sensor data stored (B1 soil=None% temp=25C)
software (3.12)	Ten cross-phase integration scenarios	2026-10-08T18:44:56.2781854Z 18:44:56 [SERVER] sensor data stored (B1 soil=None% temp=25C)
software (3.12)	Ten cross-phase integration scenarios	2026-10-08T18:44:56.2789847Z 18:44:56 [SERVER] sensor data stored (B1 soil=None% temp=25C)
software (3.12)	Ten cross-phase integration scenarios	2026-10-08T18:44:56.2797765Z 18:44:56 [SERVER] sensor data stored (B1 soil=None% temp=25C)
software (3.12)	Ten cross-phase integration scenarios	2026-10-08T18:44:56.2806626Z 18:44:56 [SERVER] sensor data stored (B1 soil=None% temp=25C)
software (3.12)	Ten cross-phase integration scenarios	2026-10-08T18:44:56.2814730Z 18:44:56 [SERVER] sensor data stored (B1 soil=None% temp=25C)
software (3.12)	Ten cross-phase integration scenarios	2026-10-08T18:44:56.2822889Z 18:44:56 [SERVER] sensor data stored (B1 soil=None% temp=25C)
software (3.12)	Ten cross-phase integration scenarios	2026-10-08T18:44:56.2830917Z 18:44:56 [SERVER] sensor data stored (B1 soil=None% temp=25C)
software (3.12)	Ten cross-phase integration scenarios	2026-10-08T18:44:56.2843247Z 18:44:56 [SERVER] sensor data stored (B1 soil=None% temp=25C)
software (3.12)	Ten cross-phase integration scenarios	2026-10-08T18:44:56.2851731Z 18:44:56 [SERVER] sensor data stored (B1 soil=None% temp=25C)
software (3.12)	Ten cross-phase integration scenarios	2026-10-08T18:44:56.2859927Z 18:44:56 [SERVER] sensor data stored (B1 soil=None% temp=25C)
software (3.12)	Ten cross-phase integration scenarios	2026-10-08T18:44:56.2868359Z 18:44:56 [SERVER] sensor data stored (B1 soil=None% temp=25C)
software (3.12)	Ten cross-phase integration scenarios	2026-10-08T18:44:56.2877712Z 18:44:56 [SERVER] sensor data stored (B1 soil=None% temp=25C)
software (3.12)	Ten cross-phase integration scenarios	2026-10-08T18:44:56.2886376Z 18:44:56 [SERVER] sensor data stored (B1 soil=None% temp=25C)
software (3.12)	Ten cross-phase integration scenarios	2026-10-08T18:44:56.2894224Z 18:44:56 [SERVER] sensor data stored (B1 soil=None% temp=25C)
software (3.12)	Ten cross-phase integration scenarios	2026-10-08T18:44:56.2902597Z 18:44:56 [SERVER] sensor data stored (B1 soil=None% temp=25C)
software (3.12)	Ten cross-phase integration scenarios	2026-10-08T18:44:56.2910989Z 18:44:56 [SERVER] sensor data stored (B1 soil=None% temp=25C)
software (3.12)	Ten cross-phase integration scenarios	2026-10-08T18:44:56.2919070Z 18:44:56 [SERVER] sensor data stored (B1 soil=None% temp=25C)
software (3.12)	Ten cross-phase integration scenarios	2026-10-08T18:44:56.2928862Z 18:44:56 [SERVER] sensor data stored (B1 soil=None% temp=25C)
software (3.12)	Ten cross-phase integration scenarios	2026-10-08T18:44:56.2938900Z 18:44:56 [SERVER] sensor data stored (B1 soil=None% temp=25C)
software (3.12)	Ten cross-phase integration scenarios	2026-10-08T18:44:56.2948180Z 18:44:56 [SERVER] sensor data stored (B1 soil=None% temp=25C)
software (3.12)	Ten cross-phase integration scenarios	2026-10-08T18:44:56.2955887Z 18:44:56 [SERVER] sensor data stored (B1 soil=None% temp=25C)
software (3.12)	Ten cross-phase integration scenarios	2026-10-08T18:44:56.2964448Z 18:44:56 [SERVER] sensor data stored (B1 soil=None% temp=25C)
software (3.12)	Ten cross-phase integration scenarios	2026-10-08T18:44:56.2973016Z 18:44:56 [SERVER] sensor data stored (B1 soil=None% temp=25C)
software (3.12)	Ten cross-phase integration scenarios	2026-10-08T18:44:56.2982307Z 18:44:56 [SERVER] sensor data stored (B1 soil=None% temp=25C)
software (3.12)	Ten cross-phase integration scenarios	2026-10-08T18:44:56.2990564Z 18:44:56 [SERVER] sensor data stored (B1 soil=None% temp=25C)
software (3.12)	Ten cross-phase integration scenarios	2026-10-08T18:44:56.2998681Z 18:44:56 [SERVER] sensor data stored (B1 soil=None% temp=25C)
software (3.12)	Ten cross-phase integration scenarios	2026-10-08T18:44:56.3007199Z 18:44:56 [SERVER] sensor data stored (B1 soil=None% temp=25C)
software (3.12)	Ten cross-phase integration scenarios	2026-10-08T18:44:56.3015458Z 18:44:56 [SERVER] sensor data stored (B1 soil=None% temp=25C)
software (3.12)	Ten cross-phase integration scenarios	2026-10-08T18:44:56.3023295Z 18:44:56 [SERVER] sensor data stored (B1 soil=None% temp=25C)
software (3.12)	Ten cross-phase integration scenarios	2026-10-08T18:44:56.3031355Z 18:44:56 [SERVER] sensor data stored (B1 soil=None% temp=25C)
software (3.12)	Ten cross-phase integration scenarios	2026-10-08T18:44:56.3043239Z 18:44:56 [SERVER] sensor data stored (B1 soil=None% temp=25C)
software (3.12)	Ten cross-phase integration scenarios	2026-10-08T18:44:56.3051282Z 18:44:56 [SERVER] sensor data stored (B1 soil=None% temp=25C)
software (3.12)	Ten cross-phase integration scenarios	2026-10-08T18:44:56.3059388Z 18:44:56 [SERVER] sensor data stored (B1 soil=None% temp=25C)
software (3.12)	Ten cross-phase integration scenarios	2026-10-08T18:44:56.3067685Z 18:44:56 [SERVER] sensor data stored (B1 soil=None% temp=25C)
software (3.12)	Ten cross-phase integration scenarios	2026-10-08T18:44:56.3076073Z 18:44:56 [SERVER] sensor data stored (B1 soil=None% temp=25C)
software (3.12)	Ten cross-phase integration scenarios	2026-10-08T18:44:56.3084958Z 18:44:56 [SERVER] sensor data stored (B1 soil=None% temp=25C)
software (3.12)	Ten cross-phase integration scenarios	2026-10-08T18:44:56.3092972Z 18:44:56 [SERVER] sensor data stored (B1 soil=None% temp=25C)
software (3.12)	Ten cross-phase integration scenarios	2026-10-08T18:44:56.3101724Z 18:44:56 [SERVER] sensor data stored (B1 soil=None% temp=25C)
software (3.12)	Ten cross-phase integration scenarios	2026-10-08T18:44:56.3110097Z 18:44:56 [SERVER] sensor data stored (B1 soil=None% temp=25C)
software (3.12)	Ten cross-phase integration scenarios	2026-10-08T18:44:56.3118150Z 18:44:56 [SERVER] sensor data stored (B1 soil=None% temp=25C)
software (3.12)	Ten cross-phase integration scenarios	2026-10-08T18:44:56.3126542Z 18:44:56 [SERVER] sensor data stored (B1 soil=None% temp=25C)
software (3.12)	Ten cross-phase integration scenarios	2026-10-08T18:44:56.3135661Z 18:44:56 [SERVER] sensor data stored (B1 soil=None% temp=25C)
software (3.12)	Ten cross-phase integration scenarios	2026-10-08T18:44:56.3146926Z 18:44:56 [SERVER] sensor data stored (B1 soil=None% temp=25C)
software (3.12)	Ten cross-phase integration scenarios	2026-10-08T18:44:56.3155547Z 18:44:56 [SERVER] sensor data stored (B1 soil=None% temp=25C)
software (3.12)	Ten cross-phase integration scenarios	2026-10-08T18:44:56.3164168Z 18:44:56 [SERVER] sensor data stored (B1 soil=None% temp=25C)
software (3.12)	Ten cross-phase integration scenarios	2026-10-08T18:44:56.3173404Z 18:44:56 [SERVER] sensor data stored (B1 soil=None% temp=25C)
software (3.12)	Ten cross-phase integration scenarios	2026-10-08T18:44:56.3182649Z 18:44:56 [SERVER] sensor data stored (B1 soil=None% temp=25C)
software (3.12)	Ten cross-phase integration scenarios	2026-10-08T18:44:56.3970983Z 18:44:56 [SERVER] sensor data stored (B1 soil=None% temp=25C)
software (3.12)	Ten cross-phase integration scenarios	2026-10-08T18:44:56.3975321Z 18:44:56 [C1] irrigation executed
software (3.12)	Ten cross-phase integration scenarios	2026-10-08T18:44:56.3980103Z 18:44:56 [C1] CONTROL_RESULT sent to A1
software (3.12)	Ten cross-phase integration scenarios	2026-10-08T18:44:56.3982002Z 18:44:56 [B1] sample #26 soil moisture = 9.7% (temp=27.0C, hum=49.7%, light=406.3)
software (3.12)	Ten cross-phase integration scenarios	2026-10-08T18:44:56.3985283Z 18:44:56 [B1] next sampling interval = 0.1s
software (3.12)	Ten cross-phase integration scenarios	2026-10-08T18:44:56.3985801Z 18:44:56 [B2] sample #26 soil moisture = 49.9% (temp=35.6C, hum=71.9%, light=1077.4)
software (3.12)	Ten cross-phase integration scenarios	2026-10-08T18:44:56.3988234Z 18:44:56 [B2] next sampling interval = 0.1s
software (3.12)	Ten cross-phase integration scenarios	2026-10-08T18:44:56.3994072Z 18:44:56 [A2] heartbeat -> A1
software (3.12)	Ten cross-phase integration scenarios	2026-10-08T18:44:56.4000967Z 18:44:56 [A1] heartbeat -> A2
software (3.12)	Ten cross-phase integration scenarios	2026-10-08T18:44:56.5766756Z 18:44:56 [A1] awaiting server durable receipt, CONTROL_RESULT queued locally (depth=79)
software (3.12)	Ten cross-phase integration scenarios	2026-10-08T18:44:56.5770223Z 18:44:56 [B1] sample #27 soil moisture = 9.6% (temp=26.7C, hum=50.9%, light=390.7)
software (3.12)	Ten cross-phase integration scenarios	2026-10-08T18:44:56.5772988Z 18:44:56 [B1] next sampling interval = 0.1s
software (3.12)	Ten cross-phase integration scenarios	2026-10-08T18:44:56.5773471Z 18:44:56 [B2] sample #27 soil moisture = 50.1% (temp=36.0C, hum=73.6%, light=1118.1)
software (3.12)	Ten cross-phase integration scenarios	2026-10-08T18:44:56.5775419Z 18:44:56 [B2] next sampling interval = 0.1s
software (3.12)	Ten cross-phase integration scenarios	2026-10-08T18:44:56.5781522Z 18:44:56 [A2] heartbeat -> A1
software (3.12)	Ten cross-phase integration scenarios	2026-10-08T18:44:56.5786799Z 18:44:56 [A1] heartbeat -> A2
software (3.12)	Ten cross-phase integration scenarios	2026-10-08T18:44:56.5791506Z 18:44:56 [SERVER] SERVER_POLICY v1 pushed to A1, A2
software (3.12)	Ten cross-phase integration scenarios	2026-10-08T18:44:56.5794506Z 18:44:56 [SERVER] sensor data stored (B1 soil=None% temp=25C)
software (3.12)	Ten cross-phase integration scenarios	2026-10-08T18:44:56.7251424Z 18:44:56 [A2] SERVER_POLICY v1 ignored (already at v1)
software (3.12)	Ten cross-phase integration scenarios	2026-10-08T18:44:56.7252297Z 18:44:56 [A1] SERVER_POLICY v1 ignored (already at v1)
software (3.12)	Ten cross-phase integration scenarios	2026-10-08T18:44:56.7258359Z 18:44:56 [B1] sample #28 soil moisture = 9.7% (temp=26.7C, hum=54.5%, light=333.9)
software (3.12)	Ten cross-phase integration scenarios	2026-10-08T18:44:56.7265749Z 18:44:56 [B1] next sampling interval = 0.1s
software (3.12)	Ten cross-phase integration scenarios	2026-10-08T18:44:56.7266232Z 18:44:56 [B2] sample #28 soil moisture = 50.0% (temp=36.5C, hum=71.4%, light=1050.1)
software (3.12)	Ten cross-phase integration scenarios	2026-10-08T18:44:56.7268331Z 18:44:56 [B2] next sampling interval = 0.1s
software (3.12)	Ten cross-phase integration scenarios	2026-10-08T18:44:56.7273465Z 18:44:56 [A2] heartbeat -> A1
software (3.12)	Ten cross-phase integration scenarios	2026-10-08T18:44:56.7286898Z 18:44:56 [A1] heartbeat -> A2
software (3.12)	Ten cross-phase integration scenarios	2026-10-08T18:44:56.7302379Z 18:44:56 [A1] received SENSOR_DATA from B1
software (3.12)	Ten cross-phase integration scenarios	2026-10-08T18:44:56.7302796Z 18:44:56 [A1] edge decision = IRRIGATION (soil_moisture 9.7 < 25.0)
software (3.12)	Ten cross-phase integration scenarios	2026-10-08T18:44:56.7311478Z 18:44:56 [A1] awaiting server durable receipt, SENSOR_DATA queued locally (depth=79)
software (3.12)	Ten cross-phase integration scenarios	2026-10-08T18:44:56.7313872Z 18:44:56 [A1] command sent to C1 (IRRIGATION 10s, command_id=855906cf9e21, generation=2)
software (3.12)	Ten cross-phase integration scenarios	2026-10-08T18:44:56.7316227Z 18:44:56 [A1] awaiting server durable receipt, CONTROL_COMMAND queued locally (depth=80)
software (3.12)	Ten cross-phase integration scenarios	2026-10-08T18:44:56.7317372Z 18:44:56 [SERVER] sensor data stored (B1 soil=None% temp=25C)
software (3.12)	Ten cross-phase integration scenarios	2026-10-08T18:44:56.7320072Z 18:44:56 [C1] IRRIGATION command received (command_id=855906cf9e21, duration=10s, generation=2)
software (3.12)	Ten cross-phase integration scenarios	2026-10-08T18:44:56.7321482Z 18:44:56 [C1] ACK sent (command_id=855906cf9e21)
software (3.12)	Ten cross-phase integration scenarios	2026-10-08T18:44:56.7323154Z 18:44:56 [C1] safety check passed
software (3.12)	Ten cross-phase integration scenarios	2026-10-08T18:44:56.7324425Z 18:44:56 [A1] ACK received (message_id=855906cf9e21)
software (3.12)	Ten cross-phase integration scenarios	2026-10-08T18:44:56.7332615Z 18:44:56 [SERVER] sensor data stored (B1 soil=None% temp=25C)
software (3.12)	Ten cross-phase integration scenarios	2026-10-08T18:44:56.7339398Z 18:44:56 [SERVER] sensor data stored (B1 soil=None% temp=25C)
software (3.12)	Ten cross-phase integration scenarios	2026-10-08T18:44:56.7345630Z 18:44:56 [SERVER] sensor data stored (B1 soil=None% temp=25C)
software (3.12)	Ten cross-phase integration scenarios	2026-10-08T18:44:56.7352410Z 18:44:56 [SERVER] sensor data stored (B1 soil=None% temp=25C)
software (3.12)	Ten cross-phase integration scenarios	2026-10-08T18:44:56.7359217Z 18:44:56 [SERVER] sensor data stored (B1 soil=None% temp=25C)
software (3.12)	Ten cross-phase integration scenarios	2026-10-08T18:44:56.7366083Z 18:44:56 [SERVER] sensor data stored (B1 soil=None% temp=25C)
software (3.12)	Ten cross-phase integration scenarios	2026-10-08T18:44:56.7372622Z 18:44:56 [SERVER] sensor data stored (B1 soil=None% temp=25C)
software (3.12)	Ten cross-phase integration scenarios	2026-10-08T18:44:56.7378760Z 18:44:56 [SERVER] sensor data stored (B1 soil=None% temp=25C)
software (3.12)	Ten cross-phase integration scenarios	2026-10-08T18:44:56.7384864Z 18:44:56 [SERVER] sensor data stored (B1 soil=None% temp=25C)
software (3.12)	Ten cross-phase integration scenarios	2026-10-08T18:44:56.7391244Z 18:44:56 [SERVER] sensor data stored (B1 soil=None% temp=25C)
software (3.12)	Ten cross-phase integration scenarios	2026-10-08T18:44:56.7397963Z 18:44:56 [SERVER] sensor data stored (B1 soil=None% temp=25C)
software (3.12)	Ten cross-phase integration scenarios	2026-10-08T18:44:56.7404532Z 18:44:56 [SERVER] sensor data stored (B1 soil=None% temp=25C)
software (3.12)	Ten cross-phase integration scenarios	2026-10-08T18:44:56.7410990Z 18:44:56 [SERVER] sensor data stored (B1 soil=None% temp=25C)
software (3.12)	Ten cross-phase integration scenarios	2026-10-08T18:44:56.7418146Z 18:44:56 [SERVER] sensor data stored (B1 soil=None% temp=25C)
software (3.12)	Ten cross-phase integration scenarios	2026-10-08T18:44:56.7424429Z 18:44:56 [SERVER] sensor data stored (B1 soil=None% temp=25C)
software (3.12)	Ten cross-phase integration scenarios	2026-10-08T18:44:56.7432357Z 18:44:56 [SERVER] sensor data stored (B1 soil=None% temp=25C)
software (3.12)	Ten cross-phase integration scenarios	2026-10-08T18:44:56.7438957Z 18:44:56 [SERVER] sensor data stored (B1 soil=None% temp=25C)
software (3.12)	Ten cross-phase integration scenarios	2026-10-08T18:44:56.7445297Z 18:44:56 [SERVER] sensor data stored (B1 soil=None% temp=25C)
software (3.12)	Ten cross-phase integration scenarios	2026-10-08T18:44:56.8348584Z 18:44:56 [C1] irrigation executed
software (3.12)	Ten cross-phase integration scenarios	2026-10-08T18:44:56.8352968Z 18:44:56 [C1] CONTROL_RESULT sent to A1
software (3.12)	Ten cross-phase integration scenarios	2026-10-08T18:44:56.8353423Z 18:44:56 [B1] sample #29 soil moisture = 9.9% (temp=26.7C, hum=51.9%, light=422.8)
software (3.12)	Ten cross-phase integration scenarios	2026-10-08T18:44:56.8356090Z 18:44:56 [B1] next sampling interval = 0.1s
software (3.12)	Ten cross-phase integration scenarios	2026-10-08T18:44:56.8356561Z 18:44:56 [B2] sample #29 soil moisture = 49.9% (temp=36.4C, hum=75.3%, light=1040.1)
software (3.12)	Ten cross-phase integration scenarios	2026-10-08T18:44:56.8358695Z 18:44:56 [B2] next sampling interval = 0.1s
software (3.12)	Ten cross-phase integration scenarios	2026-10-08T18:44:56.8364055Z 18:44:56 [A2] heartbeat -> A1
software (3.12)	Ten cross-phase integration scenarios	2026-10-08T18:44:56.8369731Z 18:44:56 [A1] heartbeat -> A2
software (3.12)	Ten cross-phase integration scenarios	2026-10-08T18:44:56.8375674Z 18:44:56 [SERVER] sensor data stored (B1 soil=None% temp=25C)
software (3.12)	Ten cross-phase integration scenarios	2026-10-08T18:44:56.9568618Z 18:44:56 [B1] sample #30 soil moisture = 9.9% (temp=26.4C, hum=53.0%, light=339.5)
software (3.12)	Ten cross-phase integration scenarios	2026-10-08T18:44:56.9570659Z 18:44:56 [B1] next sampling interval = 0.1s
software (3.12)	Ten cross-phase integration scenarios	2026-10-08T18:44:56.9571400Z 18:44:56 [B2] sample #30 soil moisture = 49.9% (temp=35.9C, hum=71.5%, light=1067.3)
software (3.12)	Ten cross-phase integration scenarios	2026-10-08T18:44:56.9573120Z 18:44:56 [B2] next sampling interval = 0.1s
software (3.12)	Ten cross-phase integration scenarios	2026-10-08T18:44:56.9578527Z 18:44:56 [A2] heartbeat -> A1
software (3.12)	Ten cross-phase integration scenarios	2026-10-08T18:44:56.9583873Z 18:44:56 [A1] heartbeat -> A2
software (3.12)	Ten cross-phase integration scenarios	2026-10-08T18:44:56.9842839Z 18:44:56 [A1] awaiting server durable receipt, CONTROL_RESULT queued locally (depth=62)
software (3.12)	Ten cross-phase integration scenarios	2026-10-08T18:44:56.9863846Z 18:44:56 [SERVER] sensor data stored (B1 soil=None% temp=25C)
software (3.12)	Ten cross-phase integration scenarios	2026-10-08T18:44:56.9870773Z 18:44:56 [SERVER] sensor data stored (B1 soil=None% temp=25C)
software (3.12)	Ten cross-phase integration scenarios	2026-10-08T18:44:56.9877340Z 18:44:56 [SERVER] sensor data stored (B1 soil=None% temp=25C)
software (3.12)	Ten cross-phase integration scenarios	2026-10-08T18:44:56.9883492Z 18:44:56 [SERVER] sensor data stored (B1 soil=None% temp=25C)
software (3.12)	Ten cross-phase integration scenarios	2026-10-08T18:44:56.9889628Z 18:44:56 [SERVER] sensor data stored (B1 soil=None% temp=25C)
software (3.12)	Ten cross-phase integration scenarios	2026-10-08T18:44:56.9895904Z 18:44:56 [SERVER] sensor data stored (B1 soil=None% temp=25C)
software (3.12)	Ten cross-phase integration scenarios	2026-10-08T18:44:56.9911237Z 18:44:56 [SERVER] sensor data stored (B1 soil=None% temp=25C)
software (3.12)	Ten cross-phase integration scenarios	2026-10-08T18:44:56.9917520Z 18:44:56 [SERVER] sensor data stored (B1 soil=None% temp=25C)
software (3.12)	Ten cross-phase integration scenarios	2026-10-08T18:44:56.9926965Z 18:44:56 [SERVER] sensor data stored (B1 soil=None% temp=25C)
software (3.12)	Ten cross-phase integration scenarios	2026-10-08T18:44:56.9933659Z 18:44:56 [SERVER] sensor data stored (B1 soil=None% temp=25C)
software (3.12)	Ten cross-phase integration scenarios	2026-10-08T18:44:56.9940108Z 18:44:56 [SERVER] sensor data stored (B1 soil=None% temp=25C)
software (3.12)	Ten cross-phase integration scenarios	2026-10-08T18:44:56.9946720Z 18:44:56 [SERVER] sensor data stored (B1 soil=None% temp=25C)
software (3.12)	Ten cross-phase integration scenarios	2026-10-08T18:44:56.9953083Z 18:44:56 [SERVER] sensor data stored (B1 soil=None% temp=25C)
software (3.12)	Ten cross-phase integration scenarios	2026-10-08T18:44:56.9959511Z 18:44:56 [SERVER] sensor data stored (B1 soil=None% temp=25C)
software (3.12)	Ten cross-phase integration scenarios	2026-10-08T18:44:56.9967313Z 18:44:56 [SERVER] sensor data stored (B1 soil=None% temp=25C)
software (3.12)	Ten cross-phase integration scenarios	2026-10-08T18:44:56.9973614Z 18:44:56 [SERVER] sensor data stored (B1 soil=None% temp=25C)
software (3.12)	Ten cross-phase integration scenarios	2026-10-08T18:44:56.9980072Z 18:44:56 [SERVER] sensor data stored (B1 soil=None% temp=25C)
software (3.12)	Ten cross-phase integration scenarios	2026-10-08T18:44:56.9999809Z 18:44:56 [SERVER] sensor data stored (B1 soil=None% temp=25C)
software (3.12)	Ten cross-phase integration scenarios	2026-10-08T18:44:57.0007000Z 18:44:56 [SERVER] sensor data stored (B1 soil=None% temp=25C)
software (3.12)	Ten cross-phase integration scenarios	2026-10-08T18:44:57.0013821Z 18:44:56 [SERVER] sensor data stored (B1 soil=None% temp=25C)
software (3.12)	Ten cross-phase integration scenarios	2026-10-08T18:44:57.0020373Z 18:44:57 [SERVER] sensor data stored (B1 soil=None% temp=25C)
software (3.12)	Ten cross-phase integration scenarios	2026-10-08T18:44:57.0029606Z 18:44:57 [SERVER] sensor data stored (B1 soil=None% temp=25C)
software (3.12)	Ten cross-phase integration scenarios	2026-10-08T18:44:57.0035765Z 18:44:57 [SERVER] sensor data stored (B1 soil=None% temp=25C)
software (3.12)	Ten cross-phase integration scenarios	2026-10-08T18:44:57.0042211Z 18:44:57 [SERVER] sensor data stored (B1 soil=None% temp=25C)
software (3.12)	Ten cross-phase integration scenarios	2026-10-08T18:44:57.0048782Z 18:44:57 [SERVER] sensor data stored (B1 soil=None% temp=25C)
software (3.12)	Ten cross-phase integration scenarios	2026-10-08T18:44:57.0055056Z 18:44:57 [SERVER] sensor data stored (B1 soil=None% temp=25C)
software (3.12)	Ten cross-phase integration scenarios	2026-10-08T18:44:57.0061095Z 18:44:57 [SERVER] sensor data stored (B1 soil=None% temp=25C)
software (3.12)	Ten cross-phase integration scenarios	2026-10-08T18:44:57.0067498Z 18:44:57 [SERVER] sensor data stored (B1 soil=None% temp=25C)
software (3.12)	Ten cross-phase integration scenarios	2026-10-08T18:44:57.0074691Z 18:44:57 [SERVER] sensor data stored (B1 soil=None% temp=25C)
software (3.12)	Ten cross-phase integration scenarios	2026-10-08T18:44:57.0092557Z 18:44:57 [SERVER] sensor data stored (B1 soil=None% temp=25C)
software (3.12)	Ten cross-phase integration scenarios	2026-10-08T18:44:57.0099360Z 18:44:57 [SERVER] sensor data stored (B1 soil=None% temp=25C)
software (3.12)	Ten cross-phase integration scenarios	2026-10-08T18:44:57.0106278Z 18:44:57 [SERVER] sensor data stored (B1 soil=None% temp=25C)
software (3.12)	Ten cross-phase integration scenarios	2026-10-08T18:44:57.0112793Z 18:44:57 [SERVER] sensor data stored (B1 soil=None% temp=25C)
software (3.12)	Ten cross-phase integration scenarios	2026-10-08T18:44:57.0119183Z 18:44:57 [SERVER] sensor data stored (B1 soil=None% temp=25C)
software (3.12)	Ten cross-phase integration scenarios	2026-10-08T18:44:57.0128017Z 18:44:57 [SERVER] sensor data stored (B1 soil=None% temp=25C)
software (3.12)	Ten cross-phase integration scenarios	2026-10-08T18:44:57.0134457Z 18:44:57 [SERVER] sensor data stored (B1 soil=None% temp=25C)
software (3.12)	Ten cross-phase integration scenarios	2026-10-08T18:44:57.0141052Z 18:44:57 [SERVER] sensor data stored (B1 soil=None% temp=25C)
software (3.12)	Ten cross-phase integration scenarios	2026-10-08T18:44:57.0147737Z 18:44:57 [SERVER] sensor data stored (B1 soil=None% temp=25C)
software (3.12)	Ten cross-phase integration scenarios	2026-10-08T18:44:57.0153940Z 18:44:57 [SERVER] sensor data stored (B1 soil=None% temp=25C)
software (3.12)	Ten cross-phase integration scenarios	2026-10-08T18:44:57.0160033Z 18:44:57 [SERVER] sensor data stored (B1 soil=None% temp=25C)
software (3.12)	Ten cross-phase integration scenarios	2026-10-08T18:44:57.0166251Z 18:44:57 [SERVER] sensor data stored (B1 soil=None% temp=25C)
software (3.12)	Ten cross-phase integration scenarios	2026-10-08T18:44:57.0172565Z 18:44:57 [SERVER] sensor data stored (B1 soil=None% temp=25C)
software (3.12)	Ten cross-phase integration scenarios	2026-10-08T18:44:57.0179829Z 18:44:57 [SERVER] alert stored (GATEWAY_FAILOVER: takeover from A2)
software (3.12)	Ten cross-phase integration scenarios	2026-10-08T18:44:57.0187130Z 18:44:57 [SERVER] sensor data stored (B1 soil=9.8% temp=25.5C)
software (3.12)	Ten cross-phase integration scenarios	2026-10-08T18:44:57.0200562Z 18:44:57 [SERVER] control result stored (IRRIGATION -> EXECUTED)
software (3.12)	Ten cross-phase integration scenarios	2026-10-08T18:44:57.0207985Z 18:44:57 [SERVER] sensor data stored (B1 soil=9.7% temp=26.5C)
software (3.12)	Ten cross-phase integration scenarios	2026-10-08T18:44:57.0220390Z 18:44:57 [SERVER] control result stored (IRRIGATION -> EXECUTED)
software (3.12)	Ten cross-phase integration scenarios	2026-10-08T18:44:57.0228557Z 18:44:57 [SERVER] sensor data stored (B1 soil=9.7% temp=27.3C)
software (3.12)	Ten cross-phase integration scenarios	2026-10-08T18:44:57.0245916Z 18:44:57 [SERVER] control result stored (IRRIGATION -> EXECUTED)
software (3.12)	Ten cross-phase integration scenarios	2026-10-08T18:44:57.0254208Z 18:44:57 [SERVER] sensor data stored (B1 soil=9.7% temp=26.6C)
software (3.12)	Ten cross-phase integration scenarios	2026-10-08T18:44:57.0276751Z 18:44:57 [SERVER] control result stored (IRRIGATION -> EXECUTED)
software (3.12)	Ten cross-phase integration scenarios	2026-10-08T18:44:57.0285608Z 18:44:57 [SERVER] sensor data stored (B1 soil=9.7% temp=27.6C)
software (3.12)	Ten cross-phase integration scenarios	2026-10-08T18:44:57.2146996Z 18:44:57 [B1] sample #31 soil moisture = 10.0% (temp=26.7C, hum=53.4%, light=346.8)
software (3.12)	Ten cross-phase integration scenarios	2026-10-08T18:44:57.2149025Z 18:44:57 [B1] next sampling interval = 0.1s
software (3.12)	Ten cross-phase integration scenarios	2026-10-08T18:44:57.2149519Z 18:44:57 [B2] sample #31 soil moisture = 50.0% (temp=35.9C, hum=74.8%, light=1175.5)
software (3.12)	Ten cross-phase integration scenarios	2026-10-08T18:44:57.2151587Z 18:44:57 [B2] next sampling interval = 0.1s
software (3.12)	Ten cross-phase integration scenarios	2026-10-08T18:44:57.2157670Z 18:44:57 [A2] heartbeat -> A1
software (3.12)	Ten cross-phase integration scenarios	2026-10-08T18:44:57.2162976Z 18:44:57 [A1] heartbeat -> A2
software (3.12)	Ten cross-phase integration scenarios	2026-10-08T18:44:57.2167109Z 18:44:57 [SERVER] SERVER_POLICY v1 pushed to A1, A2
software (3.12)	Ten cross-phase integration scenarios	2026-10-08T18:44:57.2169975Z 18:44:57 [SERVER] control result stored (IRRIGATION -> EXECUTED)
software (3.12)	Ten cross-phase integration scenarios	2026-10-08T18:44:57.2179949Z 18:44:57 [A2] SERVER_POLICY v1 ignored (already at v1)
software (3.12)	Ten cross-phase integration scenarios	2026-10-08T18:44:57.2180993Z 18:44:57 [A1] SERVER_POLICY v1 ignored (already at v1)
software (3.12)	Ten cross-phase integration scenarios	2026-10-08T18:44:57.2193333Z 18:44:57 [SERVER] sensor data stored (B1 soil=9.7% temp=26.7C)
software (3.12)	Ten cross-phase integration scenarios	2026-10-08T18:44:57.2205677Z 18:44:57 [SERVER] control result stored (IRRIGATION -> EXECUTED)
software (3.12)	Ten cross-phase integration scenarios	2026-10-08T18:44:57.2209644Z 18:44:57 [A1] offline queue empty
software (3.12)	Ten cross-phase integration scenarios	2026-10-08T18:44:57.3156637Z 18:44:57 [B1] sample #32 soil moisture = 9.8% (temp=26.1C, hum=51.9%, light=449.8)
software (3.12)	Ten cross-phase integration scenarios	2026-10-08T18:44:57.3159197Z 18:44:57 [B1] next sampling interval = 0.1s
software (3.12)	Ten cross-phase integration scenarios	2026-10-08T18:44:57.3159734Z 18:44:57 [B2] sample #32 soil moisture = 49.9% (temp=36.0C, hum=72.9%, light=1238.9)
software (3.12)	Ten cross-phase integration scenarios	2026-10-08T18:44:57.3161702Z 18:44:57 [B2] next sampling interval = 0.1s
software (3.12)	Ten cross-phase integration scenarios	2026-10-08T18:44:57.3168944Z 18:44:57 [A2] heartbeat -> A1
software (3.12)	Ten cross-phase integration scenarios	2026-10-08T18:44:57.3180253Z 18:44:57 [A1] heartbeat -> A2
software (3.12)	Ten cross-phase integration scenarios	2026-10-08T18:44:57.4170751Z 18:44:57 [B1] sample #33 soil moisture = 9.8% (temp=26.6C, hum=54.6%, light=343.7)
software (3.12)	Ten cross-phase integration scenarios	2026-10-08T18:44:57.4173225Z 18:44:57 [B1] next sampling interval = 0.1s
software (3.12)	Ten cross-phase integration scenarios	2026-10-08T18:44:57.4173745Z 18:44:57 [B2] sample #33 soil moisture = 50.0% (temp=35.6C, hum=69.0%, light=1148.8)
software (3.12)	Ten cross-phase integration scenarios	2026-10-08T18:44:57.4175455Z 18:44:57 [B2] next sampling interval = 0.1s
software (3.12)	Ten cross-phase integration scenarios	2026-10-08T18:44:57.4182679Z 18:44:57 [A2] heartbeat -> A1
software (3.12)	Ten cross-phase integration scenarios	2026-10-08T18:44:57.4192754Z 18:44:57 [A1] heartbeat -> A2
software (3.12)	Ten cross-phase integration scenarios	2026-10-08T18:44:57.5182259Z 18:44:57 [B1] sample #34 soil moisture = 9.7% (temp=27.1C, hum=58.2%, light=340.3)
software (3.12)	Ten cross-phase integration scenarios	2026-10-08T18:44:57.5185165Z 18:44:57 [B1] next sampling interval = 0.1s
software (3.12)	Ten cross-phase integration scenarios	2026-10-08T18:44:57.5185735Z 18:44:57 [B2] sample #34 soil moisture = 49.9% (temp=35.7C, hum=66.6%, light=1032.4)
software (3.12)	Ten cross-phase integration scenarios	2026-10-08T18:44:57.5193686Z 18:44:57 [B2] next sampling interval = 0.1s
software (3.12)	Ten cross-phase integration scenarios	2026-10-08T18:44:57.5200579Z 18:44:57 [A2] heartbeat -> A1
software (3.12)	Ten cross-phase integration scenarios	2026-10-08T18:44:57.5205735Z 18:44:57 [A1] heartbeat -> A2
software (3.12)	Ten cross-phase integration scenarios	2026-10-08T18:44:57.5206439Z 18:44:57 [A2] received SENSOR_DATA from B2
software (3.12)	Ten cross-phase integration scenarios	2026-10-08T18:44:57.5207029Z 18:44:57 [A2] edge decision = VENTILATION (temperature 35.7 > 32.0)
software (3.12)	Ten cross-phase integration scenarios	2026-10-08T18:44:57.5230646Z 18:44:57 [A2] awaiting server durable receipt, SENSOR_DATA queued locally (depth=1)
software (3.12)	Ten cross-phase integration scenarios	2026-10-08T18:44:57.5234121Z 18:44:57 [A2] command sent to C2 (VENTILATION 5s, command_id=80aca16f2cca, generation=2)
software (3.12)	Ten cross-phase integration scenarios	2026-10-08T18:44:57.5251927Z 18:44:57 [A2] awaiting server durable receipt, CONTROL_COMMAND queued locally (depth=2)
software (3.12)	Ten cross-phase integration scenarios	2026-10-08T18:44:57.6525107Z 18:44:57 [SERVER] sensor data stored (B2 soil=49.9% temp=35.7C)
software (3.12)	Ten cross-phase integration scenarios	2026-10-08T18:44:57.6531757Z 18:44:57 [C2] VENTILATION command received (command_id=80aca16f2cca, duration=5s, generation=2)
software (3.12)	Ten cross-phase integration scenarios	2026-10-08T18:44:57.6533674Z 18:44:57 [C2] ACK sent (command_id=80aca16f2cca)
software (3.12)	Ten cross-phase integration scenarios	2026-10-08T18:44:57.6535109Z 18:44:57 [C2] safety check passed
software (3.12)	Ten cross-phase integration scenarios	2026-10-08T18:44:57.6536992Z 18:44:57 [A2] ACK timeout for command_id=80aca16f2cca, retry 1/3
software (3.12)	Ten cross-phase integration scenarios	2026-10-08T18:44:57.6537683Z 18:44:57 [B1] sample #35 soil moisture = 9.7% (temp=26.5C, hum=60.3%, light=251.1)
software (3.12)	Ten cross-phase integration scenarios	2026-10-08T18:44:57.6544938Z 18:44:57 [B1] next sampling interval = 0.1s
software (3.12)	Ten cross-phase integration scenarios	2026-10-08T18:44:57.6545418Z 18:44:57 [B2] sample #35 soil moisture = 49.9% (temp=35.6C, hum=65.2%, light=944.5)
software (3.12)	Ten cross-phase integration scenarios	2026-10-08T18:44:57.6547423Z 18:44:57 [B2] next sampling interval = 0.1s
software (3.12)	Ten cross-phase integration scenarios	2026-10-08T18:44:57.6553844Z 18:44:57 [A2] heartbeat -> A1
software (3.12)	Ten cross-phase integration scenarios	2026-10-08T18:44:57.6559115Z 18:44:57 [A1] heartbeat -> A2
software (3.12)	Ten cross-phase integration scenarios	2026-10-08T18:44:57.6564492Z 18:44:57 [A2] command sent to C2 (VENTILATION 5s, command_id=80aca16f2cca, generation=2)
software (3.12)	Ten cross-phase integration scenarios	2026-10-08T18:44:57.6565818Z 18:44:57 [A2] awaiting server durable receipt, CONTROL_COMMAND queued locally (depth=2)
software (3.12)	Ten cross-phase integration scenarios	2026-10-08T18:44:57.6566779Z 18:44:57 [A2] ACK received (message_id=80aca16f2cca)
software (3.12)	Ten cross-phase integration scenarios	2026-10-08T18:44:57.6942953Z 18:44:57 [A1] received SENSOR_DATA from B1
software (3.12)	Ten cross-phase integration scenarios	2026-10-08T18:44:57.6943452Z 18:44:57 [A1] edge decision = IRRIGATION (soil_moisture 9.7 < 25.0)
software (3.12)	Ten cross-phase integration scenarios	2026-10-08T18:44:57.6955346Z 18:44:57 [A1] awaiting server durable receipt, SENSOR_DATA queued locally (depth=1)
software (3.12)	Ten cross-phase integration scenarios	2026-10-08T18:44:57.6958565Z 18:44:57 [A1] command sent to C1 (IRRIGATION 10s, command_id=577b66318039, generation=2)
software (3.12)	Ten cross-phase integration scenarios	2026-10-08T18:44:57.6963865Z 18:44:57 [A1] awaiting server durable receipt, CONTROL_COMMAND queued locally (depth=2)
software (3.12)	Ten cross-phase integration scenarios	2026-10-08T18:44:57.6967336Z 18:44:57 [C1] IRRIGATION command received (command_id=577b66318039, duration=10s, generation=2)
software (3.12)	Ten cross-phase integration scenarios	2026-10-08T18:44:57.6969043Z 18:44:57 [C1] ACK sent (command_id=577b66318039)
software (3.12)	Ten cross-phase integration scenarios	2026-10-08T18:44:57.6970869Z 18:44:57 [C1] safety check passed
software (3.12)	Ten cross-phase integration scenarios	2026-10-08T18:44:57.6973361Z 18:44:57 [SERVER] sensor data stored (B1 soil=9.7% temp=26.5C)
software (3.12)	Ten cross-phase integration scenarios	2026-10-08T18:44:57.6976160Z 18:44:57 [A1] ACK received (message_id=577b66318039)
software (3.12)	Ten cross-phase integration scenarios	2026-10-08T18:44:57.6980364Z 18:44:57 [A2] offline queue empty
software (3.12)	Ten cross-phase integration scenarios	2026-10-08T18:44:57.6988317Z 18:44:57 [A1] offline queue empty
software (3.12)	Ten cross-phase integration scenarios	2026-10-08T18:44:57.7039511Z 18:44:57 [C2] ventilation executed
software (3.12)	Ten cross-phase integration scenarios	2026-10-08T18:44:57.7043146Z 18:44:57 [C2] CONTROL_RESULT sent to A2
software (3.12)	Ten cross-phase integration scenarios	2026-10-08T18:44:57.7043789Z 18:44:57 [C2] VENTILATION command received (command_id=80aca16f2cca, duration=5s, generation=2)
software (3.12)	Ten cross-phase integration scenarios	2026-10-08T18:44:57.7045071Z 18:44:57 [C2] ACK sent (command_id=80aca16f2cca)
software (3.12)	Ten cross-phase integration scenarios	2026-10-08T18:44:57.7045628Z 18:44:57 [C2] VENTILATION command is a duplicate (command_id=80aca16f2cca) - not executed again
software (3.12)	Ten cross-phase integration scenarios	2026-10-08T18:44:57.7047010Z 18:44:57 [C2] CONTROL_RESULT sent to A2
software (3.12)	Ten cross-phase integration scenarios	2026-10-08T18:44:57.7052852Z 18:44:57 [A2] awaiting server durable receipt, CONTROL_RESULT queued locally (depth=1)
software (3.12)	Ten cross-phase integration scenarios	2026-10-08T18:44:57.7056496Z 18:44:57 [A2] awaiting server durable receipt, CONTROL_RESULT queued locally (depth=2)
software (3.12)	Ten cross-phase integration scenarios	2026-10-08T18:44:57.7061964Z 18:44:57 [SERVER] control result stored (VENTILATION -> EXECUTED)
software (3.12)	Ten cross-phase integration scenarios	2026-10-08T18:44:57.7071370Z 18:44:57 [SERVER] control result stored (VENTILATION -> DUPLICATE, reason=DUPLICATE_COMMAND_ID)
software (3.12)	Ten cross-phase integration scenarios	2026-10-08T18:44:57.7076768Z 18:44:57 [A2] offline queue empty
software (3.12)	Ten cross-phase integration scenarios	2026-10-08T18:44:57.7179377Z 18:44:57 [SERVER] SERVER_POLICY v1 pushed to A1, A2
software (3.12)	Ten cross-phase integration scenarios	2026-10-08T18:44:57.7181112Z 18:44:57 [A2] SERVER_POLICY v1 ignored (already at v1)
software (3.12)	Ten cross-phase integration scenarios	2026-10-08T18:44:57.7182134Z 18:44:57 [A1] SERVER_POLICY v1 ignored (already at v1)
software (3.12)	Ten cross-phase integration scenarios	2026-10-08T18:44:57.7476132Z 18:44:57 [C1] irrigation executed
software (3.12)	Ten cross-phase integration scenarios	2026-10-08T18:44:57.7480764Z 18:44:57 [C1] CONTROL_RESULT sent to A1
software (3.12)	Ten cross-phase integration scenarios	2026-10-08T18:44:57.7485486Z 18:44:57 [A1] awaiting server durable receipt, CONTROL_RESULT queued locally (depth=1)
software (3.12)	Ten cross-phase integration scenarios	2026-10-08T18:44:57.7489546Z 18:44:57 [SERVER] control result stored (IRRIGATION -> EXECUTED)
software (3.12)	Ten cross-phase integration scenarios	2026-10-08T18:44:57.7493832Z 18:44:57 [A1] offline queue empty
software (3.12)	Ten cross-phase integration scenarios	2026-10-08T18:44:57.7555471Z 18:44:57 [B1] sample #36 soil moisture = 9.7% (temp=26.5C, hum=60.7%, light=340.5)
software (3.12)	Ten cross-phase integration scenarios	2026-10-08T18:44:57.7558337Z 18:44:57 [B1] next sampling interval = 0.1s
software (3.12)	Ten cross-phase integration scenarios	2026-10-08T18:44:57.7558795Z 18:44:57 [B2] sample #36 soil moisture = 49.8% (temp=35.6C, hum=66.8%, light=835.0)
software (3.12)	Ten cross-phase integration scenarios	2026-10-08T18:44:57.7561138Z 18:44:57 [B2] next sampling interval = 0.1s
software (3.12)	Ten cross-phase integration scenarios	2026-10-08T18:44:57.7566677Z 18:44:57 [A2] heartbeat -> A1
software (3.12)	Ten cross-phase integration scenarios	2026-10-08T18:44:57.7576611Z 18:44:57 [A1] heartbeat -> A2
software (3.12)	Ten cross-phase integration scenarios	2026-10-08T18:44:57.8564450Z 18:44:57 [B1] sample #37 soil moisture = 9.7% (temp=26.4C, hum=58.4%, light=395.7)
software (3.12)	Ten cross-phase integration scenarios	2026-10-08T18:44:57.8566613Z 18:44:57 [B1] next sampling interval = 0.1s
software (3.12)	Ten cross-phase integration scenarios	2026-10-08T18:44:57.8567100Z 18:44:57 [B2] sample #37 soil moisture = 49.7% (temp=35.4C, hum=68.3%, light=870.4)
software (3.12)	Ten cross-phase integration scenarios	2026-10-08T18:44:57.8569477Z 18:44:57 [B2] next sampling interval = 0.1s
software (3.12)	Ten cross-phase integration scenarios	2026-10-08T18:44:57.8576410Z 18:44:57 [A2] heartbeat -> A1
software (3.12)	Ten cross-phase integration scenarios	2026-10-08T18:44:57.8586611Z 18:44:57 [A1] heartbeat -> A2
software (3.12)	Ten cross-phase integration scenarios	2026-10-08T18:44:57.9579277Z 18:44:57 [B1] sample #38 soil moisture = 9.8% (temp=26.1C, hum=56.8%, light=431.7)
software (3.12)	Ten cross-phase integration scenarios	2026-10-08T18:44:57.9582008Z 18:44:57 [B1] next sampling interval = 0.1s
software (3.12)	Ten cross-phase integration scenarios	2026-10-08T18:44:57.9582486Z 18:44:57 [B2] sample #38 soil moisture = 49.6% (temp=34.9C, hum=70.0%, light=804.0)
software (3.12)	Ten cross-phase integration scenarios	2026-10-08T18:44:57.9590776Z 18:44:57 [B2] next sampling interval = 0.1s
software (3.12)	Ten cross-phase integration scenarios	2026-10-08T18:44:57.9598247Z 18:44:57 [A2] heartbeat -> A1
software (3.12)	Ten cross-phase integration scenarios	2026-10-08T18:44:57.9605031Z 18:44:57 [A1] heartbeat -> A2
software (3.12)	Ten cross-phase integration scenarios	2026-10-08T18:44:57.9605812Z 18:44:57 [A2] received SENSOR_DATA from B2
software (3.12)	Ten cross-phase integration scenarios	2026-10-08T18:44:57.9606451Z 18:44:57 [A2] edge decision = VENTILATION (temperature 34.9 > 32.0)
software (3.12)	Ten cross-phase integration scenarios	2026-10-08T18:44:57.9619765Z 18:44:57 [A2] awaiting server durable receipt, SENSOR_DATA queued locally (depth=1)
software (3.12)	Ten cross-phase integration scenarios	2026-10-08T18:44:57.9622360Z 18:44:57 [A2] command sent to C2 (VENTILATION 5s, command_id=2f7d4f0af03c, generation=2)
software (3.12)	Ten cross-phase integration scenarios	2026-10-08T18:44:57.9636767Z 18:44:57 [A2] awaiting server durable receipt, CONTROL_COMMAND queued locally (depth=2)
software (3.12)	Ten cross-phase integration scenarios	2026-10-08T18:44:57.9640932Z 18:44:57 [C2] VENTILATION command received (command_id=2f7d4f0af03c, duration=5s, generation=2)
software (3.12)	Ten cross-phase integration scenarios	2026-10-08T18:44:57.9642488Z 18:44:57 [C2] ACK sent (command_id=2f7d4f0af03c)
software (3.12)	Ten cross-phase integration scenarios	2026-10-08T18:44:57.9643969Z 18:44:57 [C2] safety check passed
software (3.12)	Ten cross-phase integration scenarios	2026-10-08T18:44:57.9646318Z 18:44:57 [SERVER] sensor data stored (B2 soil=49.6% temp=34.9C)
software (3.12)	Ten cross-phase integration scenarios	2026-10-08T18:44:57.9648802Z 18:44:57 [A2] ACK received (message_id=2f7d4f0af03c)
software (3.12)	Ten cross-phase integration scenarios	2026-10-08T18:44:57.9662199Z 18:44:57 [A2] offline queue empty
software (3.12)	Ten cross-phase integration scenarios	2026-10-08T18:44:58.0155928Z 18:44:58 [C2] ventilation executed
software (3.12)	Ten cross-phase integration scenarios	2026-10-08T18:44:58.0160677Z 18:44:58 [C2] CONTROL_RESULT sent to A2
software (3.12)	Ten cross-phase integration scenarios	2026-10-08T18:44:58.0167654Z 18:44:58 [A2] awaiting server durable receipt, CONTROL_RESULT queued locally (depth=1)
software (3.12)	Ten cross-phase integration scenarios	2026-10-08T18:44:58.0173464Z 18:44:58 [SERVER] control result stored (VENTILATION -> EXECUTED)
software (3.12)	Ten cross-phase integration scenarios	2026-10-08T18:44:58.1137819Z 18:44:58 [A2] offline queue empty
software (3.12)	Ten cross-phase integration scenarios	2026-10-08T18:44:58.1138577Z 18:44:58 [B1] sample #39 soil moisture = 9.7% (temp=26.0C, hum=57.0%, light=365.6)
software (3.12)	Ten cross-phase integration scenarios	2026-10-08T18:44:58.1141480Z 18:44:58 [B1] next sampling interval = 0.1s
software (3.12)	Ten cross-phase integration scenarios	2026-10-08T18:44:58.1141892Z 18:44:58 [B2] sample #39 soil moisture = 49.7% (temp=35.1C, hum=69.8%, light=752.7)
software (3.12)	Ten cross-phase integration scenarios	2026-10-08T18:44:58.1144307Z 18:44:58 [B2] next sampling interval = 0.1s
software (3.12)	Ten cross-phase integration scenarios	2026-10-08T18:44:58.1151034Z 18:44:58 [A2] heartbeat -> A1
software (3.12)	Ten cross-phase integration scenarios	2026-10-08T18:44:58.1156686Z 18:44:58 [A1] heartbeat -> A2
software (3.12)	Ten cross-phase integration scenarios	2026-10-08T18:44:58.2150483Z 18:44:58 [B1] sample #40 soil moisture = 9.6% (temp=25.8C, hum=57.7%, light=298.4)
software (3.12)	Ten cross-phase integration scenarios	2026-10-08T18:44:58.2152547Z 18:44:58 [B1] next sampling interval = 0.1s
software (3.12)	Ten cross-phase integration scenarios	2026-10-08T18:44:58.2153174Z 18:44:58 [B2] sample #40 soil moisture = 49.6% (temp=35.3C, hum=68.2%, light=739.2)
software (3.12)	Ten cross-phase integration scenarios	2026-10-08T18:44:58.2155994Z 18:44:58 [B2] next sampling interval = 0.1s
software (3.12)	Ten cross-phase integration scenarios	2026-10-08T18:44:58.2163435Z 18:44:58 [A2] heartbeat -> A1
software (3.12)	Ten cross-phase integration scenarios	2026-10-08T18:44:58.2174026Z 18:44:58 [A1] heartbeat -> A2
software (3.12)	Ten cross-phase integration scenarios	2026-10-08T18:44:58.2189835Z 18:44:58 [SERVER] SERVER_POLICY v1 pushed to A1, A2
software (3.12)	Ten cross-phase integration scenarios	2026-10-08T18:44:58.2191457Z 18:44:58 [A2] SERVER_POLICY v1 ignored (already at v1)
software (3.12)	Ten cross-phase integration scenarios	2026-10-08T18:44:58.2192481Z 18:44:58 [A1] SERVER_POLICY v1 ignored (already at v1)
software (3.12)	Ten cross-phase integration scenarios	2026-10-08T18:44:58.3159459Z 18:44:58 [B1] sample #41 soil moisture = 9.6% (temp=25.3C, hum=58.7%, light=395.7)
software (3.12)	Ten cross-phase integration scenarios	2026-10-08T18:44:58.3168186Z 18:44:58 [B1] next sampling interval = 0.1s
software (3.12)	Ten cross-phase integration scenarios	2026-10-08T18:44:58.3168709Z 18:44:58 [B2] sample #41 soil moisture = 49.7% (temp=35.8C, hum=70.2%, light=822.1)
software (3.12)	Ten cross-phase integration scenarios	2026-10-08T18:44:58.3170569Z 18:44:58 [B2] next sampling interval = 0.1s
software (3.12)	Ten cross-phase integration scenarios	2026-10-08T18:44:58.3177357Z 18:44:58 [A2] heartbeat -> A1
software (3.12)	Ten cross-phase integration scenarios	2026-10-08T18:44:58.3178005Z 18:44:58 [A1] received SENSOR_DATA from B1
software (3.12)	Ten cross-phase integration scenarios	2026-10-08T18:44:58.3178606Z 18:44:58 [A1] edge decision = IRRIGATION (soil_moisture 9.6 < 25.0)
software (3.12)	Ten cross-phase integration scenarios	2026-10-08T18:44:58.3183076Z 18:44:58 [A1] awaiting server durable receipt, SENSOR_DATA queued locally (depth=1)
software (3.12)	Ten cross-phase integration scenarios	2026-10-08T18:44:58.3185564Z 18:44:58 [A1] command sent to C1 (IRRIGATION 10s, command_id=00c1df8aa34d, generation=2)
software (3.12)	Ten cross-phase integration scenarios	2026-10-08T18:44:58.3194248Z 18:44:58 [A1] heartbeat -> A2
software (3.12)	Ten cross-phase integration scenarios	2026-10-08T18:44:58.3625256Z 18:44:58 [A1] awaiting server durable receipt, CONTROL_COMMAND queued locally (depth=2)
software (3.12)	Ten cross-phase integration scenarios	2026-10-08T18:44:58.3632243Z 18:44:58 [C1] IRRIGATION command received (command_id=00c1df8aa34d, duration=10s, generation=2)
software (3.12)	Ten cross-phase integration scenarios	2026-10-08T18:44:58.3633518Z 18:44:58 [C1] ACK sent (command_id=00c1df8aa34d)
software (3.12)	Ten cross-phase integration scenarios	2026-10-08T18:44:58.3635506Z 18:44:58 [C1] safety check passed
software (3.12)	Ten cross-phase integration scenarios	2026-10-08T18:44:58.3641617Z 18:44:58 [SERVER] sensor data stored (B1 soil=9.6% temp=25.3C)
software (3.12)	Ten cross-phase integration scenarios	2026-10-08T18:44:58.3647598Z 18:44:58 [A1] ACK received (message_id=00c1df8aa34d)
software (3.12)	Ten cross-phase integration scenarios	2026-10-08T18:44:58.3656905Z 18:44:58 [A1] offline queue empty
software (3.12)	Ten cross-phase integration scenarios	2026-10-08T18:44:58.4140686Z 18:44:58 [C1] irrigation executed
software (3.12)	Ten cross-phase integration scenarios	2026-10-08T18:44:58.4147741Z 18:44:58 [C1] CONTROL_RESULT sent to A1
software (3.12)	Ten cross-phase integration scenarios	2026-10-08T18:44:58.4152474Z 18:44:58 [A1] awaiting server durable receipt, CONTROL_RESULT queued locally (depth=1)
software (3.12)	Ten cross-phase integration scenarios	2026-10-08T18:44:58.4156733Z 18:44:58 [SERVER] control result stored (IRRIGATION -> EXECUTED)
software (3.12)	Ten cross-phase integration scenarios	2026-10-08T18:44:58.4161468Z 18:44:58 [A1] offline queue empty
software (3.12)	Ten cross-phase integration scenarios	2026-10-08T18:44:58.4172760Z 18:44:58 [B1] sample #42 soil moisture = 9.5% (temp=25.7C, hum=55.3%, light=436.3)
software (3.12)	Ten cross-phase integration scenarios	2026-10-08T18:44:58.4175575Z 18:44:58 [B1] next sampling interval = 0.1s
software (3.12)	Ten cross-phase integration scenarios	2026-10-08T18:44:58.4176040Z 18:44:58 [B2] sample #42 soil moisture = 49.7% (temp=36.0C, hum=72.0%, light=840.1)
software (3.12)	Ten cross-phase integration scenarios	2026-10-08T18:44:58.4183004Z 18:44:58 [B2] next sampling interval = 0.1s
software (3.12)	Ten cross-phase integration scenarios	2026-10-08T18:44:58.4189194Z 18:44:58 [A2] heartbeat -> A1
software (3.12)	Ten cross-phase integration scenarios	2026-10-08T18:44:58.4189858Z 18:44:58 [A2] received SENSOR_DATA from B2
software (3.12)	Ten cross-phase integration scenarios	2026-10-08T18:44:58.4190387Z 18:44:58 [A2] edge decision = VENTILATION (temperature 36.0 > 32.0)
software (3.12)	Ten cross-phase integration scenarios	2026-10-08T18:44:58.4196133Z 18:44:58 [A2] awaiting server durable receipt, SENSOR_DATA queued locally (depth=1)
software (3.12)	Ten cross-phase integration scenarios	2026-10-08T18:44:58.4198958Z 18:44:58 [A2] command sent to C2 (VENTILATION 5s, command_id=4f47c36bc304, generation=2)
software (3.12)	Ten cross-phase integration scenarios	2026-10-08T18:44:58.4311429Z 18:44:58 [A2] awaiting server durable receipt, CONTROL_COMMAND queued locally (depth=2)
software (3.12)	Ten cross-phase integration scenarios	2026-10-08T18:44:58.4316140Z 18:44:58 [SERVER] sensor data stored (B2 soil=49.7% temp=36.0C)
software (3.12)	Ten cross-phase integration scenarios	2026-10-08T18:44:58.4323437Z 18:44:58 [A1] heartbeat -> A2
software (3.12)	Ten cross-phase integration scenarios	2026-10-08T18:44:58.4326859Z 18:44:58 [C2] VENTILATION command received (command_id=4f47c36bc304, duration=5s, generation=2)
software (3.12)	Ten cross-phase integration scenarios	2026-10-08T18:44:58.4328407Z 18:44:58 [C2] ACK sent (command_id=4f47c36bc304)
software (3.12)	Ten cross-phase integration scenarios	2026-10-08T18:44:58.4330052Z 18:44:58 [C2] safety check passed
software (3.12)	Ten cross-phase integration scenarios	2026-10-08T18:44:58.4337625Z 18:44:58 [A2] ACK received (message_id=4f47c36bc304)
software (3.12)	Ten cross-phase integration scenarios	2026-10-08T18:44:58.4351898Z 18:44:58 [A2] offline queue empty
software (3.12)	Ten cross-phase integration scenarios	2026-10-08T18:44:58.4840691Z 18:44:58 [C2] ventilation executed
software (3.12)	Ten cross-phase integration scenarios	2026-10-08T18:44:58.4845456Z 18:44:58 [C2] CONTROL_RESULT sent to A2
software (3.12)	Ten cross-phase integration scenarios	2026-10-08T18:44:58.4852540Z 18:44:58 [A2] awaiting server durable receipt, CONTROL_RESULT queued locally (depth=1)
software (3.12)	Ten cross-phase integration scenarios	2026-10-08T18:44:58.4858594Z 18:44:58 [SERVER] control result stored (VENTILATION -> EXECUTED)
software (3.12)	Ten cross-phase integration scenarios	2026-10-08T18:44:58.6113369Z 18:44:58 [A2] offline queue empty
software (3.12)	Ten cross-phase integration scenarios	2026-10-08T18:44:58.6114080Z 18:44:58 [B1] sample #43 soil moisture = 9.6% (temp=25.4C, hum=52.4%, light=453.4)
software (3.12)	Ten cross-phase integration scenarios	2026-10-08T18:44:58.6123854Z 18:44:58 [B1] next sampling interval = 0.1s
software (3.12)	Ten cross-phase integration scenarios	2026-10-08T18:44:58.6124387Z 18:44:58 [B2] sample #43 soil moisture = 49.7% (temp=35.6C, hum=75.4%, light=916.8)
software (3.12)	Ten cross-phase integration scenarios	2026-10-08T18:44:58.6126592Z 18:44:58 [B2] next sampling interval = 0.1s
software (3.12)	Ten cross-phase integration scenarios	2026-10-08T18:44:58.6132160Z 18:44:58 [A2] heartbeat -> A1
software (3.12)	Ten cross-phase integration scenarios	2026-10-08T18:44:58.6137352Z 18:44:58 [A1] heartbeat -> A2
software (3.12)	Ten cross-phase integration scenarios	2026-10-08T18:44:58.6150182Z 18:44:58 [A1] received SENSOR_DATA from B1
software (3.12)	Ten cross-phase integration scenarios	2026-10-08T18:44:58.6150615Z 18:44:58 [A1] edge decision = IRRIGATION (soil_moisture 9.6 < 25.0)
software (3.12)	Ten cross-phase integration scenarios	2026-10-08T18:44:58.6159212Z 18:44:58 [A1] awaiting server durable receipt, SENSOR_DATA queued locally (depth=1)
software (3.12)	Ten cross-phase integration scenarios	2026-10-08T18:44:58.6162734Z 18:44:58 [A1] command sent to C1 (IRRIGATION 10s, command_id=7b5d4d243c3d, generation=2)
software (3.12)	Ten cross-phase integration scenarios	2026-10-08T18:44:58.6167648Z 18:44:58 [A1] awaiting server durable receipt, CONTROL_COMMAND queued locally (depth=2)
software (3.12)	Ten cross-phase integration scenarios	2026-10-08T18:44:58.6168351Z 18:44:58 [C1] IRRIGATION command received (command_id=7b5d4d243c3d, duration=10s, generation=2)
software (3.12)	Ten cross-phase integration scenarios	2026-10-08T18:44:58.6169914Z 18:44:58 [C1] ACK sent (command_id=7b5d4d243c3d)
software (3.12)	Ten cross-phase integration scenarios	2026-10-08T18:44:58.6171856Z 18:44:58 [C1] safety check passed
software (3.12)	Ten cross-phase integration scenarios	2026-10-08T18:44:58.6174325Z 18:44:58 [SERVER] sensor data stored (B1 soil=9.6% temp=25.4C)
software (3.12)	Ten cross-phase integration scenarios	2026-10-08T18:44:58.6176873Z 18:44:58 [A1] ACK received (message_id=7b5d4d243c3d)
software (3.12)	Ten cross-phase integration scenarios	2026-10-08T18:44:58.6188546Z 18:44:58 [A1] offline queue empty
software (3.12)	Ten cross-phase integration scenarios	2026-10-08T18:44:58.6681893Z 18:44:58 [C1] irrigation executed
software (3.12)	Ten cross-phase integration scenarios	2026-10-08T18:44:58.6687473Z 18:44:58 [C1] CONTROL_RESULT sent to A1
software (3.12)	Ten cross-phase integration scenarios	2026-10-08T18:44:58.6691954Z 18:44:58 [A1] awaiting server durable receipt, CONTROL_RESULT queued locally (depth=1)
software (3.12)	Ten cross-phase integration scenarios	2026-10-08T18:44:58.6695659Z 18:44:58 [SERVER] control result stored (IRRIGATION -> EXECUTED)
software (3.12)	Ten cross-phase integration scenarios	2026-10-08T18:44:58.6700260Z 18:44:58 [A1] offline queue empty
software (3.12)	Ten cross-phase integration scenarios	2026-10-08T18:44:58.7133800Z 18:44:58 [B1] sample #44 soil moisture = 9.7% (temp=25.3C, hum=54.6%, light=379.1)
software (3.12)	Ten cross-phase integration scenarios	2026-10-08T18:44:58.7136853Z 18:44:58 [B1] next sampling interval = 0.1s
software (3.12)	Ten cross-phase integration scenarios	2026-10-08T18:44:58.7137437Z 18:44:58 [B2] sample #44 soil moisture = 49.6% (temp=35.7C, hum=71.6%, light=1008.5)
software (3.12)	Ten cross-phase integration scenarios	2026-10-08T18:44:58.7139876Z 18:44:58 [B2] next sampling interval = 0.1s
software (3.12)	Ten cross-phase integration scenarios	2026-10-08T18:44:58.7146421Z 18:44:58 [A2] heartbeat -> A1
software (3.12)	Ten cross-phase integration scenarios	2026-10-08T18:44:58.7151612Z 18:44:58 [A1] heartbeat -> A2
software (3.12)	Ten cross-phase integration scenarios	2026-10-08T18:44:58.7192465Z 18:44:58 [SERVER] SERVER_POLICY v1 pushed to A1, A2
software (3.12)	Ten cross-phase integration scenarios	2026-10-08T18:44:58.7194022Z 18:44:58 [A2] SERVER_POLICY v1 ignored (already at v1)
software (3.12)	Ten cross-phase integration scenarios	2026-10-08T18:44:58.7195023Z 18:44:58 [A1] SERVER_POLICY v1 ignored (already at v1)
software (3.12)	Ten cross-phase integration scenarios	2026-10-08T18:44:58.8142071Z 18:44:58 [B1] sample #45 soil moisture = 9.7% (temp=24.8C, hum=54.1%, light=371.1)
software (3.12)	Ten cross-phase integration scenarios	2026-10-08T18:44:58.8145050Z 18:44:58 [B1] next sampling interval = 0.1s
software (3.12)	Ten cross-phase integration scenarios	2026-10-08T18:44:58.8145481Z 18:44:58 [B2] sample #45 soil moisture = 49.7% (temp=36.0C, hum=74.9%, light=944.0)
software (3.12)	Ten cross-phase integration scenarios	2026-10-08T18:44:58.8147905Z 18:44:58 [B2] next sampling interval = 0.1s
software (3.12)	Ten cross-phase integration scenarios	2026-10-08T18:44:58.8154704Z 18:44:58 [A2] heartbeat -> A1
software (3.12)	Ten cross-phase integration scenarios	2026-10-08T18:44:58.8164886Z 18:44:58 [A1] heartbeat -> A2
software (3.12)	Ten cross-phase integration scenarios	2026-10-08T18:44:58.8285015Z 18:44:58 [A1] C1 disconnected
software (3.12)	Ten cross-phase integration scenarios	2026-10-08T18:44:58.8285364Z 18:44:58 [A2] C2 disconnected
software (3.12)	Ten cross-phase integration scenarios	2026-10-08T18:44:58.8285651Z 18:44:58 [A1] B1 disconnected
software (3.12)	Ten cross-phase integration scenarios	2026-10-08T18:44:58.8285940Z 18:44:58 [A2] B2 disconnected
software (3.12)	Ten cross-phase integration scenarios	2026-10-08T18:44:58.8288948Z 18:44:58 [SERVER] gateway A1 disconnected
software (3.12)	Ten cross-phase integration scenarios	2026-10-08T18:44:58.8324160Z 18:44:58 [SERVER] gateway A2 disconnected
software (3.12)	Ten cross-phase integration scenarios	2026-10-08T18:44:58.9032686Z server-replay PASS
software (3.12)	Ten cross-phase integration scenarios	2026-10-08T18:44:59.1130691Z 18:44:59 [SERVER] listening on 127.0.0.1:39237 (sqlite: /home/runner/work/_temp/smart-agriculture/phase123/asymmetric-partition/server.db)
software (3.12)	Ten cross-phase integration scenarios	2026-10-08T18:44:59.1159913Z 18:44:59 [A1] gateway started on 127.0.0.1:59663 (sensor=B1, controller=C1, peer=A2, generation=1, role=ACTIVE)
software (3.12)	Ten cross-phase integration scenarios	2026-10-08T18:44:59.1228049Z 18:44:59 [A2] gateway started on 127.0.0.1:45179 (sensor=B2, controller=C2, peer=A1, generation=1, role=ACTIVE)
software (3.12)	Ten cross-phase integration scenarios	2026-10-08T18:44:59.1230786Z 18:44:59 [A1] connected to server 127.0.0.1:39237
software (3.12)	Ten cross-phase integration scenarios	2026-10-08T18:44:59.1231200Z 18:44:59 [A1] offline queue empty
software (3.12)	Ten cross-phase integration scenarios	2026-10-08T18:44:59.1268346Z 18:44:59 [A2] connected to server 127.0.0.1:39237
software (3.12)	Ten cross-phase integration scenarios	2026-10-08T18:44:59.1271739Z 18:44:59 [A2] offline queue empty
software (3.12)	Ten cross-phase integration scenarios	2026-10-08T18:44:59.1278157Z 18:44:59 [A2] peer link established with A1
software (3.12)	Ten cross-phase integration scenarios	2026-10-08T18:44:59.1284765Z 18:44:59 [A2] heartbeat -> A1
software (3.12)	Ten cross-phase integration scenarios	2026-10-08T18:44:59.1301418Z 18:44:59 [SERVER] gateway A2 connected
software (3.12)	Ten cross-phase integration scenarios	2026-10-08T18:44:59.1336807Z 18:44:59 [A1] A2 is online
software (3.12)	Ten cross-phase integration scenarios	2026-10-08T18:44:59.2243376Z 18:44:59 [A1] peer link established with A2
software (3.12)	Ten cross-phase integration scenarios	2026-10-08T18:44:59.2247146Z 18:44:59 [A1] heartbeat -> A2
software (3.12)	Ten cross-phase integration scenarios	2026-10-08T18:44:59.2387637Z 18:44:59 [A2] A1 is online
software (3.12)	Ten cross-phase integration scenarios	2026-10-08T18:44:59.2402609Z 18:44:59 [SERVER] gateway A1 connected
software (3.12)	Ten cross-phase integration scenarios	2026-10-08T18:44:59.2412298Z 18:44:59 [A2] heartbeat -> A1
software (3.12)	Ten cross-phase integration scenarios	2026-10-08T18:44:59.2420949Z 18:44:59 [C1] connected to gateway A1 (127.0.0.1)
software (3.12)	Ten cross-phase integration scenarios	2026-10-08T18:44:59.2422680Z 18:44:59 [C1] NODE_REGISTER sent to A1 (attempt 1)
software (3.12)	Ten cross-phase integration scenarios	2026-10-08T18:44:59.2423059Z 18:44:59 [C2] connected to gateway A2 (127.0.0.1)
software (3.12)	Ten cross-phase integration scenarios	2026-10-08T18:44:59.2424631Z 18:44:59 [C2] NODE_REGISTER sent to A2 (attempt 1)
software (3.12)	Ten cross-phase integration scenarios	2026-10-08T18:44:59.2424996Z 18:44:59 [B1] connected to gateway A1 (127.0.0.1)
software (3.12)	Ten cross-phase integration scenarios	2026-10-08T18:44:59.2426482Z 18:44:59 [B1] NODE_REGISTER sent to A1 (attempt 1)
software (3.12)	Ten cross-phase integration scenarios	2026-10-08T18:44:59.2426861Z 18:44:59 [B2] connected to gateway A2 (127.0.0.1)
software (3.12)	Ten cross-phase integration scenarios	2026-10-08T18:44:59.2428587Z 18:44:59 [B2] NODE_REGISTER sent to A2 (attempt 1)
software (3.12)	Ten cross-phase integration scenarios	2026-10-08T18:44:59.2433931Z 18:44:59 [A1] C1 registered (owner=A1, generation=1)
software (3.12)	Ten cross-phase integration scenarios	2026-10-08T18:44:59.2436190Z 18:44:59 [A2] C2 registered (owner=A2, generation=1)
software (3.12)	Ten cross-phase integration scenarios	2026-10-08T18:44:59.2438363Z 18:44:59 [A1] B1 registered (owner=A1, generation=1)
software (3.12)	Ten cross-phase integration scenarios	2026-10-08T18:44:59.2440309Z 18:44:59 [A2] B2 registered (owner=A2, generation=1)
software (3.12)	Ten cross-phase integration scenarios	2026-10-08T18:44:59.2442617Z 18:44:59 [C1] registered with A1 (generation=1)
software (3.12)	Ten cross-phase integration scenarios	2026-10-08T18:44:59.2442985Z 18:44:59 [C2] registered with A2 (generation=1)
software (3.12)	Ten cross-phase integration scenarios	2026-10-08T18:44:59.2443364Z 18:44:59 [B1] registered with A1 (generation=1)
software (3.12)	Ten cross-phase integration scenarios	2026-10-08T18:44:59.2444029Z 18:44:59 [B2] registered with A2 (generation=1)
software (3.12)	Ten cross-phase integration scenarios	2026-10-08T18:44:59.2444758Z 18:44:59 [B1] sample #1 soil moisture = 9.9% (temp=25.2C, hum=56.2%, light=733.6)
software (3.12)	Ten cross-phase integration scenarios	2026-10-08T18:44:59.2450219Z 18:44:59 [B1] next sampling interval = 0.2s
software (3.12)	Ten cross-phase integration scenarios	2026-10-08T18:44:59.2450679Z 18:44:59 [B2] sample #1 soil moisture = 49.9% (temp=35.4C, hum=61.6%, light=791.0)
software (3.12)	Ten cross-phase integration scenarios	2026-10-08T18:44:59.2455387Z 18:44:59 [B2] next sampling interval = 0.2s
software (3.12)	Ten cross-phase integration scenarios	2026-10-08T18:44:59.2457365Z 18:44:59 [A1] received SENSOR_DATA from B1
software (3.12)	Ten cross-phase integration scenarios	2026-10-08T18:44:59.2457823Z 18:44:59 [A1] edge decision = IRRIGATION (soil_moisture 9.9 < 25.0)
software (3.12)	Ten cross-phase integration scenarios	2026-10-08T18:44:59.2458250Z 18:44:59 [A2] received SENSOR_DATA from B2
software (3.12)	Ten cross-phase integration scenarios	2026-10-08T18:44:59.2458650Z 18:44:59 [A2] edge decision = VENTILATION (temperature 35.4 > 32.0)
software (3.12)	Ten cross-phase integration scenarios	2026-10-08T18:44:59.2462899Z 18:44:59 [A1] awaiting server durable receipt, SENSOR_DATA queued locally (depth=1)
software (3.12)	Ten cross-phase integration scenarios	2026-10-08T18:44:59.2465326Z 18:44:59 [A1] command sent to C1 (IRRIGATION 10s, command_id=f1c9782dd9c3, generation=1)
software (3.12)	Ten cross-phase integration scenarios	2026-10-08T18:44:59.2472340Z 18:44:59 [A2] awaiting server durable receipt, SENSOR_DATA queued locally (depth=1)
software (3.12)	Ten cross-phase integration scenarios	2026-10-08T18:44:59.2474737Z 18:44:59 [A2] command sent to C2 (VENTILATION 5s, command_id=05edd946d4af, generation=1)
software (3.12)	Ten cross-phase integration scenarios	2026-10-08T18:44:59.2482438Z 18:44:59 [A1] awaiting server durable receipt, CONTROL_COMMAND queued locally (depth=2)
software (3.12)	Ten cross-phase integration scenarios	2026-10-08T18:44:59.2491227Z 18:44:59 [A2] awaiting server durable receipt, CONTROL_COMMAND queued locally (depth=2)
software (3.12)	Ten cross-phase integration scenarios	2026-10-08T18:44:59.2491941Z 18:44:59 [C1] IRRIGATION command received (command_id=f1c9782dd9c3, duration=10s, generation=1)
software (3.12)	Ten cross-phase integration scenarios	2026-10-08T18:44:59.2493583Z 18:44:59 [C1] ACK sent (command_id=f1c9782dd9c3)
software (3.12)	Ten cross-phase integration scenarios	2026-10-08T18:44:59.2493948Z 18:44:59 [C1] safety check passed
software (3.12)	Ten cross-phase integration scenarios	2026-10-08T18:44:59.2494543Z 18:44:59 [C2] VENTILATION command received (command_id=05edd946d4af, duration=5s, generation=1)
software (3.12)	Ten cross-phase integration scenarios	2026-10-08T18:44:59.2496051Z 18:44:59 [C2] ACK sent (command_id=05edd946d4af)
software (3.12)	Ten cross-phase integration scenarios	2026-10-08T18:44:59.2496407Z 18:44:59 [C2] safety check passed
software (3.12)	Ten cross-phase integration scenarios	2026-10-08T18:44:59.2498813Z 18:44:59 [SERVER] sensor data stored (B1 soil=9.9% temp=25.2C)
software (3.12)	Ten cross-phase integration scenarios	2026-10-08T18:44:59.2503832Z 18:44:59 [SERVER] sensor data stored (B2 soil=49.9% temp=35.4C)
software (3.12)	Ten cross-phase integration scenarios	2026-10-08T18:44:59.2507751Z 18:44:59 [A1] ACK received (message_id=f1c9782dd9c3)
software (3.12)	Ten cross-phase integration scenarios	2026-10-08T18:44:59.2508145Z 18:44:59 [A2] ACK received (message_id=05edd946d4af)
software (3.12)	Ten cross-phase integration scenarios	2026-10-08T18:44:59.2535132Z 18:44:59 [A1] offline queue empty
software (3.12)	Ten cross-phase integration scenarios	2026-10-08T18:44:59.2535441Z 18:44:59 [A2] offline queue empty
software (3.12)	Ten cross-phase integration scenarios	2026-10-08T18:44:59.2998380Z 18:44:59 [C1] irrigation executed
software (3.12)	Ten cross-phase integration scenarios	2026-10-08T18:44:59.3001692Z 18:44:59 [C1] CONTROL_RESULT sent to A1
software (3.12)	Ten cross-phase integration scenarios	2026-10-08T18:44:59.3002076Z 18:44:59 [C2] ventilation executed
software (3.12)	Ten cross-phase integration scenarios	2026-10-08T18:44:59.3003932Z 18:44:59 [C2] CONTROL_RESULT sent to A2
software (3.12)	Ten cross-phase integration scenarios	2026-10-08T18:44:59.3010769Z 18:44:59 [A1] awaiting server durable receipt, CONTROL_RESULT queued locally (depth=1)
software (3.12)	Ten cross-phase integration scenarios	2026-10-08T18:44:59.3014177Z 18:44:59 [A2] awaiting server durable receipt, CONTROL_RESULT queued locally (depth=1)
software (3.12)	Ten cross-phase integration scenarios	2026-10-08T18:44:59.3600392Z 18:44:59 [SERVER] control result stored (IRRIGATION -> EXECUTED)
software (3.12)	Ten cross-phase integration scenarios	2026-10-08T18:44:59.3604311Z 18:44:59 [SERVER] control result stored (VENTILATION -> EXECUTED)
software (3.12)	Ten cross-phase integration scenarios	2026-10-08T18:44:59.3608790Z 18:44:59 [A1] heartbeat -> A2
software (3.12)	Ten cross-phase integration scenarios	2026-10-08T18:44:59.3614059Z 18:44:59 [A2] heartbeat -> A1
software (3.12)	Ten cross-phase integration scenarios	2026-10-08T18:44:59.3637405Z 18:44:59 [A1] offline queue empty
software (3.12)	Ten cross-phase integration scenarios	2026-10-08T18:44:59.3637733Z 18:44:59 [A2] offline queue empty
software (3.12)	Ten cross-phase integration scenarios	2026-10-08T18:44:59.4461989Z 18:44:59 [B1] sample #2 soil moisture = 10.1% (temp=25.5C, hum=57.6%, light=634.4)
software (3.12)	Ten cross-phase integration scenarios	2026-10-08T18:44:59.4468688Z 18:44:59 [B1] next sampling interval = 0.1s
software (3.12)	Ten cross-phase integration scenarios	2026-10-08T18:44:59.4469210Z 18:44:59 [B2] sample #2 soil moisture = 49.9% (temp=35.7C, hum=63.9%, light=790.6)
software (3.12)	Ten cross-phase integration scenarios	2026-10-08T18:44:59.4474374Z 18:44:59 [B2] next sampling interval = 0.1s
software (3.12)	Ten cross-phase integration scenarios	2026-10-08T18:44:59.4476587Z 18:44:59 [A1] received SENSOR_DATA from B1
software (3.12)	Ten cross-phase integration scenarios	2026-10-08T18:44:59.4477032Z 18:44:59 [A1] edge decision = IRRIGATION (soil_moisture 10.1 < 25.0)
software (3.12)	Ten cross-phase integration scenarios	2026-10-08T18:44:59.4477559Z 18:44:59 [A2] received SENSOR_DATA from B2
software (3.12)	Ten cross-phase integration scenarios	2026-10-08T18:44:59.4477981Z 18:44:59 [A2] edge decision = VENTILATION (temperature 35.7 > 32.0)
software (3.12)	Ten cross-phase integration scenarios	2026-10-08T18:44:59.4483563Z 18:44:59 [A1] awaiting server durable receipt, SENSOR_DATA queued locally (depth=1)
software (3.12)	Ten cross-phase integration scenarios	2026-10-08T18:44:59.4486097Z 18:44:59 [A1] command sent to C1 (IRRIGATION 10s, command_id=80d3c7b1b783, generation=1)
software (3.12)	Ten cross-phase integration scenarios	2026-10-08T18:44:59.9591681Z 18:44:59 [A2] awaiting server durable receipt, SENSOR_DATA queued locally (depth=1)
software (3.12)	Ten cross-phase integration scenarios	2026-10-08T18:44:59.9596060Z 18:44:59 [A2] command sent to C2 (VENTILATION 5s, command_id=a8aea5ac000d, generation=1)
software (3.12)	Ten cross-phase integration scenarios	2026-10-08T18:44:59.9605791Z 18:44:59 [A1] awaiting server durable receipt, CONTROL_COMMAND queued locally (depth=2)
software (3.12)	Ten cross-phase integration scenarios	2026-10-08T18:44:59.9613254Z 18:44:59 [A2] awaiting server durable receipt, CONTROL_COMMAND queued locally (depth=2)
software (3.12)	Ten cross-phase integration scenarios	2026-10-08T18:44:59.9614419Z 18:44:59 [C1] IRRIGATION command received (command_id=80d3c7b1b783, duration=10s, generation=1)
software (3.12)	Ten cross-phase integration scenarios	2026-10-08T18:44:59.9616657Z 18:44:59 [C1] ACK sent (command_id=80d3c7b1b783)
software (3.12)	Ten cross-phase integration scenarios	2026-10-08T18:44:59.9617154Z 18:44:59 [C1] safety check passed
software (3.12)	Ten cross-phase integration scenarios	2026-10-08T18:44:59.9618116Z 18:44:59 [C2] VENTILATION command received (command_id=a8aea5ac000d, duration=5s, generation=1)
software (3.12)	Ten cross-phase integration scenarios	2026-10-08T18:44:59.9620116Z 18:44:59 [C2] ACK sent (command_id=a8aea5ac000d)
software (3.12)	Ten cross-phase integration scenarios	2026-10-08T18:44:59.9620516Z 18:44:59 [C2] safety check passed
software (3.12)	Ten cross-phase integration scenarios	2026-10-08T18:44:59.9620861Z 18:44:59 [A1] FAILOVER A2 -> OFFLINE
software (3.12)	Ten cross-phase integration scenarios	2026-10-08T18:44:59.9621159Z 18:44:59 [A1] taking ownership of B2
software (3.12)	Ten cross-phase integration scenarios	2026-10-08T18:44:59.9621443Z 18:44:59 [A1] taking ownership of C2
software (3.12)	Ten cross-phase integration scenarios	2026-10-08T18:44:59.9621743Z 18:44:59 [A1] ownership generation = 1 -> 2
software (3.12)	Ten cross-phase integration scenarios	2026-10-08T18:44:59.9632346Z 18:44:59 [A1] heartbeat -> A2
software (3.12)	Ten cross-phase integration scenarios	2026-10-08T18:44:59.9632677Z 18:44:59 [A2] FAILOVER A1 -> OFFLINE
software (3.12)	Ten cross-phase integration scenarios	2026-10-08T18:44:59.9632986Z 18:44:59 [A2] taking ownership of B1
software (3.12)	Ten cross-phase integration scenarios	2026-10-08T18:44:59.9633184Z 18:44:59 [A2] taking ownership of C1
software (3.12)	Ten cross-phase integration scenarios	2026-10-08T18:44:59.9633400Z 18:44:59 [A2] ownership generation = 1 -> 2
software (3.12)	Ten cross-phase integration scenarios	2026-10-08T18:44:59.9648132Z 18:44:59 [A2] heartbeat -> A1
software (3.12)	Ten cross-phase integration scenarios	2026-10-08T18:44:59.9652386Z 18:44:59 [B1] sample #3 soil moisture = 10.0% (temp=25.4C, hum=53.9%, light=635.7)
software (3.12)	Ten cross-phase integration scenarios	2026-10-08T18:44:59.9654136Z 18:44:59 [B1] next sampling interval = 0.1s
software (3.12)	Ten cross-phase integration scenarios	2026-10-08T18:44:59.9654654Z 18:44:59 [B2] sample #3 soil moisture = 49.8% (temp=35.1C, hum=63.4%, light=875.1)
software (3.12)	Ten cross-phase integration scenarios	2026-10-08T18:44:59.9655706Z 18:44:59 [B2] next sampling interval = 0.1s
software (3.12)	Ten cross-phase integration scenarios	2026-10-08T18:44:59.9656095Z 18:44:59 [A1] ACK timeout for command_id=80d3c7b1b783, retry 1/3
software (3.12)	Ten cross-phase integration scenarios	2026-10-08T18:44:59.9660628Z 18:44:59 [A1] awaiting server durable receipt, ALERT queued locally (depth=3)
software (3.12)	Ten cross-phase integration scenarios	2026-10-08T18:44:59.9668070Z 18:44:59 [A2] awaiting server durable receipt, ALERT queued locally (depth=3)
software (3.12)	Ten cross-phase integration scenarios	2026-10-08T18:44:59.9674107Z 18:44:59 [SERVER] sensor data stored (B1 soil=10.1% temp=25.5C)
software (3.12)	Ten cross-phase integration scenarios	2026-10-08T18:44:59.9680807Z 18:44:59 [SERVER] sensor data stored (B2 soil=49.9% temp=35.7C)
software (3.12)	Ten cross-phase integration scenarios	2026-10-08T18:44:59.9688660Z 18:44:59 [A1] awaiting server durable receipt, CONTROL_RESULT queued locally (depth=4)
software (3.12)	Ten cross-phase integration scenarios	2026-10-08T18:44:59.9689448Z 18:44:59 [A2] ACK received (message_id=a8aea5ac000d)
software (3.12)	Ten cross-phase integration scenarios	2026-10-08T18:44:59.9773656Z 18:44:59 [B1] owner_gateway=A1 generation=2
software (3.12)	Ten cross-phase integration scenarios	2026-10-08T18:44:59.9778785Z 18:44:59 [B2] owner_gateway=A2 generation=2
software (3.12)	Ten cross-phase integration scenarios	2026-10-08T18:44:59.9814449Z 18:44:59 [SERVER] alert stored (GATEWAY_FAILOVER: takeover from A2)
software (3.12)	Ten cross-phase integration scenarios	2026-10-08T18:44:59.9818926Z 18:44:59 [SERVER] alert stored (GATEWAY_FAILOVER: takeover from A1)
software (3.12)	Ten cross-phase integration scenarios	2026-10-08T18:44:59.9832024Z 18:44:59 [A2] offline queue empty
software (3.12)	Ten cross-phase integration scenarios	2026-10-08T18:44:59.9833279Z 18:44:59 [SERVER] control result stored (IRRIGATION -> UNKNOWN, reason=STALE_GENERATION)
software (3.12)	Ten cross-phase integration scenarios	2026-10-08T18:44:59.9840810Z 18:44:59 [A1] offline queue empty
software (3.12)	Ten cross-phase integration scenarios	2026-10-08T18:45:00.0123227Z 18:45:00 [C1] irrigation executed
software (3.12)	Ten cross-phase integration scenarios	2026-10-08T18:45:00.0126354Z 18:45:00 [C1] CONTROL_RESULT sent to A1
software (3.12)	Ten cross-phase integration scenarios	2026-10-08T18:45:00.0127085Z 18:45:00 [C1] owner_gateway = A1 (generation=2)
software (3.12)	Ten cross-phase integration scenarios	2026-10-08T18:45:00.0127646Z 18:45:00 [C2] ventilation executed
software (3.12)	Ten cross-phase integration scenarios	2026-10-08T18:45:00.0129738Z 18:45:00 [C2] CONTROL_RESULT sent to A2
software (3.12)	Ten cross-phase integration scenarios	2026-10-08T18:45:00.0130115Z 18:45:00 [C2] owner_gateway = A2 (generation=2)
software (3.12)	Ten cross-phase integration scenarios	2026-10-08T18:45:00.0136134Z 18:45:00 [A1] awaiting server durable receipt, CONTROL_RESULT queued locally (depth=1)
software (3.12)	Ten cross-phase integration scenarios	2026-10-08T18:45:00.0140463Z 18:45:00 [A2] awaiting server durable receipt, CONTROL_RESULT queued locally (depth=1)
software (3.12)	Ten cross-phase integration scenarios	2026-10-08T18:45:00.0677462Z 18:45:00 [SERVER] control result stored (IRRIGATION -> EXECUTED)
software (3.12)	Ten cross-phase integration scenarios	2026-10-08T18:45:00.0681657Z 18:45:00 [SERVER] control result stored (VENTILATION -> EXECUTED)
software (3.12)	Ten cross-phase integration scenarios	2026-10-08T18:45:00.0865237Z 18:45:00 [A1] A2 is online
software (3.12)	Ten cross-phase integration scenarios	2026-10-08T18:45:00.0865805Z 18:45:00 [A1] heartbeat -> A2
software (3.12)	Ten cross-phase integration scenarios	2026-10-08T18:45:00.0871931Z 18:45:00 [A2] heartbeat -> A1
software (3.12)	Ten cross-phase integration scenarios	2026-10-08T18:45:00.0876372Z 18:45:00 [B1] sample #4 soil moisture = 10.0% (temp=24.8C, hum=51.4%, light=646.5)
software (3.12)	Ten cross-phase integration scenarios	2026-10-08T18:45:00.0882526Z 18:45:00 [B1] next sampling interval = 0.1s
software (3.12)	Ten cross-phase integration scenarios	2026-10-08T18:45:00.0883081Z 18:45:00 [B2] sample #4 soil moisture = 49.8% (temp=35.1C, hum=65.4%, light=797.4)
software (3.12)	Ten cross-phase integration scenarios	2026-10-08T18:45:00.0884201Z 18:45:00 [B2] next sampling interval = 0.1s
software (3.12)	Ten cross-phase integration scenarios	2026-10-08T18:45:00.0892469Z 18:45:00 [A1] received SENSOR_DATA from B1
software (3.12)	Ten cross-phase integration scenarios	2026-10-08T18:45:00.0892978Z 18:45:00 [A1] edge decision = IRRIGATION (soil_moisture 10.0 < 25.0)
software (3.12)	Ten cross-phase integration scenarios	2026-10-08T18:45:00.0973575Z 18:45:00 [A1] awaiting server durable receipt, SENSOR_DATA queued locally (depth=1)
software (3.12)	Ten cross-phase integration scenarios	2026-10-08T18:45:00.0976183Z 18:45:00 [A1] command sent to C1 (IRRIGATION 10s, command_id=ab30eebc815c, generation=2)
software (3.12)	Ten cross-phase integration scenarios	2026-10-08T18:45:00.0981150Z 18:45:00 [A2] offline queue empty
software (3.12)	Ten cross-phase integration scenarios	2026-10-08T18:45:00.0984808Z 18:45:00 [A1] awaiting server durable receipt, CONTROL_COMMAND queued locally (depth=2)
software (3.12)	Ten cross-phase integration scenarios	2026-10-08T18:45:00.0985534Z 18:45:00 [C1] IRRIGATION command received (command_id=ab30eebc815c, duration=10s, generation=2)
software (3.12)	Ten cross-phase integration scenarios	2026-10-08T18:45:00.0987443Z 18:45:00 [C1] ACK sent (command_id=ab30eebc815c)
software (3.12)	Ten cross-phase integration scenarios	2026-10-08T18:45:00.0988312Z 18:45:00 [C1] safety check passed
software (3.12)	Ten cross-phase integration scenarios	2026-10-08T18:45:00.0991241Z 18:45:00 [SERVER] sensor data stored (B1 soil=10.0% temp=24.8C)
software (3.12)	Ten cross-phase integration scenarios	2026-10-08T18:45:00.0995679Z 18:45:00 [A1] ACK received (message_id=ab30eebc815c)
software (3.12)	Ten cross-phase integration scenarios	2026-10-08T18:45:00.1011055Z 18:45:00 [A1] offline queue empty
software (3.12)	Ten cross-phase integration scenarios	2026-10-08T18:45:00.1163719Z 18:45:00 [SERVER] SERVER_POLICY v1 pushed to A1, A2
software (3.12)	Ten cross-phase integration scenarios	2026-10-08T18:45:00.4963751Z 18:45:00 [A2] SERVER_POLICY v1 applied (soil<25.0 -> 10s, temp>32.0 -> 5s)
software (3.12)	Ten cross-phase integration scenarios	2026-10-08T18:45:00.4964386Z 18:45:00 [A2] edge autonomy intact: policy is advisory, control stays local
software (3.12)	Ten cross-phase integration scenarios	2026-10-08T18:45:00.4979853Z 18:45:00 [A1] SERVER_POLICY v1 applied (soil<25.0 -> 10s, temp>32.0 -> 5s)
software (3.12)	Ten cross-phase integration scenarios	2026-10-08T18:45:00.4980445Z 18:45:00 [A1] edge autonomy intact: policy is advisory, control stays local
software (3.12)	Ten cross-phase integration scenarios	2026-10-08T18:45:00.4982197Z 18:45:00 [C1] irrigation executed
software (3.12)	Ten cross-phase integration scenarios	2026-10-08T18:45:00.4985437Z 18:45:00 [C1] CONTROL_RESULT sent to A1
software (3.12)	Ten cross-phase integration scenarios	2026-10-08T18:45:00.4987488Z 18:45:00 [A1] heartbeat -> A2
software (3.12)	Ten cross-phase integration scenarios	2026-10-08T18:45:00.4993126Z 18:45:00 [A2] heartbeat -> A1
software (3.12)	Ten cross-phase integration scenarios	2026-10-08T18:45:00.4997596Z 18:45:00 [B1] sample #5 soil moisture = 10.1% (temp=24.5C, hum=52.2%, light=528.1)
software (3.12)	Ten cross-phase integration scenarios	2026-10-08T18:45:00.4999539Z 18:45:00 [B1] next sampling interval = 0.1s
software (3.12)	Ten cross-phase integration scenarios	2026-10-08T18:45:00.5000063Z 18:45:00 [B2] sample #5 soil moisture = 49.8% (temp=35.6C, hum=68.0%, light=700.4)
software (3.12)	Ten cross-phase integration scenarios	2026-10-08T18:45:00.5005728Z 18:45:00 [B2] next sampling interval = 0.1s
software (3.12)	Ten cross-phase integration scenarios	2026-10-08T18:45:00.5016827Z 18:45:00 [A1] awaiting server durable receipt, ALERT queued locally (depth=1)
software (3.12)	Ten cross-phase integration scenarios	2026-10-08T18:45:00.5028468Z 18:45:00 [A2] received SENSOR_DATA from B2
software (3.12)	Ten cross-phase integration scenarios	2026-10-08T18:45:00.5028905Z 18:45:00 [A2] edge decision = VENTILATION (temperature 35.6 > 32.0)
software (3.12)	Ten cross-phase integration scenarios	2026-10-08T18:45:00.5035512Z 18:45:00 [SERVER] alert stored (CONTROL_RESULT_UNKNOWN: command acknowledged but execution result not observed; no new execution requested)
software (3.12)	Ten cross-phase integration scenarios	2026-10-08T18:45:00.5071404Z 18:45:00 [A1] awaiting server durable receipt, CONTROL_RESULT queued locally (depth=2)
software (3.12)	Ten cross-phase integration scenarios	2026-10-08T18:45:00.5075294Z 18:45:00 [A2] awaiting server durable receipt, SENSOR_DATA queued locally (depth=1)
software (3.12)	Ten cross-phase integration scenarios	2026-10-08T18:45:00.5078246Z 18:45:00 [A2] command sent to C2 (VENTILATION 5s, command_id=57a8e04827e9, generation=2)
software (3.12)	Ten cross-phase integration scenarios	2026-10-08T18:45:00.5086774Z 18:45:00 [A2] awaiting server durable receipt, CONTROL_COMMAND queued locally (depth=2)
software (3.12)	Ten cross-phase integration scenarios	2026-10-08T18:45:00.5088073Z 18:45:00 [C2] VENTILATION command received (command_id=57a8e04827e9, duration=5s, generation=2)
software (3.12)	Ten cross-phase integration scenarios	2026-10-08T18:45:00.5089920Z 18:45:00 [C2] ACK sent (command_id=57a8e04827e9)
software (3.12)	Ten cross-phase integration scenarios	2026-10-08T18:45:00.5090609Z 18:45:00 [C2] safety check passed
software (3.12)	Ten cross-phase integration scenarios	2026-10-08T18:45:00.5096475Z 18:45:00 [SERVER] sensor data stored (B2 soil=49.8% temp=35.6C)
software (3.12)	Ten cross-phase integration scenarios	2026-10-08T18:45:00.5104552Z 18:45:00 [A2] ACK received (message_id=57a8e04827e9)
software (3.12)	Ten cross-phase integration scenarios	2026-10-08T18:45:00.5105957Z 18:45:00 [SERVER] control result stored (IRRIGATION -> EXECUTED)
software (3.12)	Ten cross-phase integration scenarios	2026-10-08T18:45:00.5124988Z 18:45:00 [A1] offline queue empty
software (3.12)	Ten cross-phase integration scenarios	2026-10-08T18:45:00.5128752Z 18:45:00 [A2] offline queue empty
software (3.12)	Ten cross-phase integration scenarios	2026-10-08T18:45:00.5601946Z 18:45:00 [C2] ventilation executed
software (3.12)	Ten cross-phase integration scenarios	2026-10-08T18:45:00.5605618Z 18:45:00 [C2] CONTROL_RESULT sent to A2
software (3.12)	Ten cross-phase integration scenarios	2026-10-08T18:45:00.5612337Z 18:45:00 [A2] awaiting server durable receipt, CONTROL_RESULT queued locally (depth=1)
software (3.12)	Ten cross-phase integration scenarios	2026-10-08T18:45:00.5618385Z 18:45:00 [SERVER] control result stored (VENTILATION -> EXECUTED)
software (3.12)	Ten cross-phase integration scenarios	2026-10-08T18:45:00.5626237Z 18:45:00 [A2] offline queue empty
software (3.12)	Ten cross-phase integration scenarios	2026-10-08T18:45:00.5999754Z 18:45:00 [A1] heartbeat -> A2
software (3.12)	Ten cross-phase integration scenarios	2026-10-08T18:45:00.6005542Z 18:45:00 [A2] heartbeat -> A1
software (3.12)	Ten cross-phase integration scenarios	2026-10-08T18:45:00.6015110Z 18:45:00 [B1] sample #6 soil moisture = 10.1% (temp=24.8C, hum=53.7%, light=445.4)
software (3.12)	Ten cross-phase integration scenarios	2026-10-08T18:45:00.6021117Z 18:45:00 [B1] next sampling interval = 0.1s
software (3.12)	Ten cross-phase integration scenarios	2026-10-08T18:45:00.6021586Z 18:45:00 [B2] sample #6 soil moisture = 49.9% (temp=35.6C, hum=67.9%, light=723.7)
software (3.12)	Ten cross-phase integration scenarios	2026-10-08T18:45:00.6022616Z 18:45:00 [B2] next sampling interval = 0.1s
software (3.12)	Ten cross-phase integration scenarios	2026-10-08T18:45:00.7986018Z 18:45:00 [A1] received SENSOR_DATA from B1
software (3.12)	Ten cross-phase integration scenarios	2026-10-08T18:45:00.7986940Z 18:45:00 [A1] edge decision = IRRIGATION (soil_moisture 10.1 < 25.0)
software (3.12)	Ten cross-phase integration scenarios	2026-10-08T18:45:00.7990024Z 18:45:00 [SERVER] SERVER_POLICY v1 pushed to A1, A2
software (3.12)	Ten cross-phase integration scenarios	2026-10-08T18:45:00.7991376Z 18:45:00 [A1] heartbeat -> A2
software (3.12)	Ten cross-phase integration scenarios	2026-10-08T18:45:00.7997492Z 18:45:00 [A2] heartbeat -> A1
software (3.12)	Ten cross-phase integration scenarios	2026-10-08T18:45:00.8001431Z 18:45:00 [B1] sample #7 soil moisture = 9.9% (temp=25.4C, hum=52.4%, light=348.6)
software (3.12)	Ten cross-phase integration scenarios	2026-10-08T18:45:00.8003004Z 18:45:00 [B1] next sampling interval = 0.1s
software (3.12)	Ten cross-phase integration scenarios	2026-10-08T18:45:00.8003485Z 18:45:00 [B2] sample #7 soil moisture = 49.8% (temp=35.6C, hum=68.5%, light=615.5)
software (3.12)	Ten cross-phase integration scenarios	2026-10-08T18:45:00.8004587Z 18:45:00 [B2] next sampling interval = 0.1s
software (3.12)	Ten cross-phase integration scenarios	2026-10-08T18:45:00.8009943Z 18:45:00 [A1] awaiting server durable receipt, SENSOR_DATA queued locally (depth=1)
software (3.12)	Ten cross-phase integration scenarios	2026-10-08T18:45:00.8013190Z 18:45:00 [A1] command sent to C1 (IRRIGATION 10s, command_id=c6dbebf5420c, generation=2)
software (3.12)	Ten cross-phase integration scenarios	2026-10-08T18:45:00.8022917Z 18:45:00 [A1] awaiting server durable receipt, CONTROL_COMMAND queued locally (depth=2)
software (3.12)	Ten cross-phase integration scenarios	2026-10-08T18:45:00.8024358Z 18:45:00 [A2] SERVER_POLICY v1 ignored (already at v1)
software (3.12)	Ten cross-phase integration scenarios	2026-10-08T18:45:00.8025505Z 18:45:00 [A1] SERVER_POLICY v1 ignored (already at v1)
software (3.12)	Ten cross-phase integration scenarios	2026-10-08T18:45:00.8037773Z 18:45:00 [SERVER] sensor data stored (B1 soil=10.1% temp=24.8C)
software (3.12)	Ten cross-phase integration scenarios	2026-10-08T18:45:00.8042670Z 18:45:00 [C1] IRRIGATION command received (command_id=c6dbebf5420c, duration=10s, generation=2)
software (3.12)	Ten cross-phase integration scenarios	2026-10-08T18:45:00.8044187Z 18:45:00 [C1] ACK sent (command_id=c6dbebf5420c)
software (3.12)	Ten cross-phase integration scenarios	2026-10-08T18:45:00.8044879Z 18:45:00 [C1] safety check passed
software (3.12)	Ten cross-phase integration scenarios	2026-10-08T18:45:00.8051288Z 18:45:00 [A1] ACK received (message_id=c6dbebf5420c)
software (3.12)	Ten cross-phase integration scenarios	2026-10-08T18:45:00.8067144Z 18:45:00 [A1] offline queue empty
software (3.12)	Ten cross-phase integration scenarios	2026-10-08T18:45:00.8550183Z 18:45:00 [C1] irrigation executed
software (3.12)	Ten cross-phase integration scenarios	2026-10-08T18:45:00.8553901Z 18:45:00 [C1] CONTROL_RESULT sent to A1
software (3.12)	Ten cross-phase integration scenarios	2026-10-08T18:45:00.8559444Z 18:45:00 [A1] awaiting server durable receipt, CONTROL_RESULT queued locally (depth=1)
software (3.12)	Ten cross-phase integration scenarios	2026-10-08T18:45:01.0693732Z 18:45:01 [SERVER] control result stored (IRRIGATION -> EXECUTED)
software (3.12)	Ten cross-phase integration scenarios	2026-10-08T18:45:01.0705398Z 18:45:01 [A1] heartbeat -> A2
software (3.12)	Ten cross-phase integration scenarios	2026-10-08T18:45:01.0711928Z 18:45:01 [A2] heartbeat -> A1
software (3.12)	Ten cross-phase integration scenarios	2026-10-08T18:45:01.0716274Z 18:45:01 [B1] sample #8 soil moisture = 10.0% (temp=25.8C, hum=53.3%, light=403.7)
software (3.12)	Ten cross-phase integration scenarios	2026-10-08T18:45:01.0722845Z 18:45:01 [B1] next sampling interval = 0.1s
software (3.12)	Ten cross-phase integration scenarios	2026-10-08T18:45:01.0723370Z 18:45:01 [B2] sample #8 soil moisture = 49.9% (temp=35.0C, hum=72.1%, light=566.6)
software (3.12)	Ten cross-phase integration scenarios	2026-10-08T18:45:01.0729234Z 18:45:01 [B2] next sampling interval = 0.1s
software (3.12)	Ten cross-phase integration scenarios	2026-10-08T18:45:01.0737681Z 18:45:01 [A1] received SENSOR_DATA from B1
software (3.12)	Ten cross-phase integration scenarios	2026-10-08T18:45:01.0738172Z 18:45:01 [A1] edge decision = IRRIGATION (soil_moisture 10.0 < 25.0)
software (3.12)	Ten cross-phase integration scenarios	2026-10-08T18:45:01.0746843Z 18:45:01 [A2] received SENSOR_DATA from B2
software (3.12)	Ten cross-phase integration scenarios	2026-10-08T18:45:01.0747476Z 18:45:01 [A2] edge decision = VENTILATION (temperature 35.0 > 32.0)
software (3.12)	Ten cross-phase integration scenarios	2026-10-08T18:45:01.0762874Z 18:45:01 [A1] awaiting server durable receipt, SENSOR_DATA queued locally (depth=1)
software (3.12)	Ten cross-phase integration scenarios	2026-10-08T18:45:01.0765889Z 18:45:01 [A1] command sent to C1 (IRRIGATION 10s, command_id=e036ddb6aa21, generation=2)
software (3.12)	Ten cross-phase integration scenarios	2026-10-08T18:45:01.0770106Z 18:45:01 [A2] awaiting server durable receipt, SENSOR_DATA queued locally (depth=1)
software (3.12)	Ten cross-phase integration scenarios	2026-10-08T18:45:01.0772992Z 18:45:01 [A2] command sent to C2 (VENTILATION 5s, command_id=f50efa45c3f8, generation=2)
software (3.12)	Ten cross-phase integration scenarios	2026-10-08T18:45:01.0782347Z 18:45:01 [A1] awaiting server durable receipt, CONTROL_COMMAND queued locally (depth=2)
software (3.12)	Ten cross-phase integration scenarios	2026-10-08T18:45:01.0791889Z 18:45:01 [A2] awaiting server durable receipt, CONTROL_COMMAND queued locally (depth=2)
software (3.12)	Ten cross-phase integration scenarios	2026-10-08T18:45:01.0792678Z 18:45:01 [C1] IRRIGATION command received (command_id=e036ddb6aa21, duration=10s, generation=2)
software (3.12)	Ten cross-phase integration scenarios	2026-10-08T18:45:01.0794790Z 18:45:01 [C1] ACK sent (command_id=e036ddb6aa21)
software (3.12)	Ten cross-phase integration scenarios	2026-10-08T18:45:01.0795632Z 18:45:01 [C1] safety check passed
software (3.12)	Ten cross-phase integration scenarios	2026-10-08T18:45:01.0796460Z 18:45:01 [C2] VENTILATION command received (command_id=f50efa45c3f8, duration=5s, generation=2)
software (3.12)	Ten cross-phase integration scenarios	2026-10-08T18:45:01.0798703Z 18:45:01 [C2] ACK sent (command_id=f50efa45c3f8)
software (3.12)	Ten cross-phase integration scenarios	2026-10-08T18:45:01.0799263Z 18:45:01 [C2] safety check passed
software (3.12)	Ten cross-phase integration scenarios	2026-10-08T18:45:01.0801920Z 18:45:01 [SERVER] sensor data stored (B1 soil=10.0% temp=25.8C)
software (3.12)	Ten cross-phase integration scenarios	2026-10-08T18:45:01.0807478Z 18:45:01 [SERVER] sensor data stored (B2 soil=49.9% temp=35.0C)
software (3.12)	Ten cross-phase integration scenarios	2026-10-08T18:45:01.0811564Z 18:45:01 [A1] ACK received (message_id=e036ddb6aa21)
software (3.12)	Ten cross-phase integration scenarios	2026-10-08T18:45:01.0811945Z 18:45:01 [A2] ACK received (message_id=f50efa45c3f8)
software (3.12)	Ten cross-phase integration scenarios	2026-10-08T18:45:01.0847506Z 18:45:01 [A1] offline queue empty
software (3.12)	Ten cross-phase integration scenarios	2026-10-08T18:45:01.0847850Z 18:45:01 [A2] offline queue empty
software (3.12)	Ten cross-phase integration scenarios	2026-10-08T18:45:01.1300354Z 18:45:01 [C1] irrigation executed
software (3.12)	Ten cross-phase integration scenarios	2026-10-08T18:45:01.1304583Z 18:45:01 [C1] CONTROL_RESULT sent to A1
software (3.12)	Ten cross-phase integration scenarios	2026-10-08T18:45:01.1305408Z 18:45:01 [C2] ventilation executed
software (3.12)	Ten cross-phase integration scenarios	2026-10-08T18:45:01.1308455Z 18:45:01 [C2] CONTROL_RESULT sent to A2
software (3.12)	Ten cross-phase integration scenarios	2026-10-08T18:45:01.1314639Z 18:45:01 [A1] awaiting server durable receipt, CONTROL_RESULT queued locally (depth=1)
software (3.12)	Ten cross-phase integration scenarios	2026-10-08T18:45:01.1323079Z 18:45:01 [A2] awaiting server durable receipt, CONTROL_RESULT queued locally (depth=1)
software (3.12)	Ten cross-phase integration scenarios	2026-10-08T18:45:01.1333430Z 18:45:01 [SERVER] control result stored (IRRIGATION -> EXECUTED)
software (3.12)	Ten cross-phase integration scenarios	2026-10-08T18:45:01.1339005Z 18:45:01 [SERVER] control result stored (VENTILATION -> EXECUTED)
software (3.12)	Ten cross-phase integration scenarios	2026-10-08T18:45:01.1348722Z 18:45:01 [A1] offline queue empty
software (3.12)	Ten cross-phase integration scenarios	2026-10-08T18:45:01.1351710Z 18:45:01 [A2] offline queue empty
software (3.12)	Ten cross-phase integration scenarios	2026-10-08T18:45:01.1725905Z 18:45:01 [A1] heartbeat -> A2
software (3.12)	Ten cross-phase integration scenarios	2026-10-08T18:45:01.1732294Z 18:45:01 [A2] heartbeat -> A1
software (3.12)	Ten cross-phase integration scenarios	2026-10-08T18:45:01.1736718Z 18:45:01 [B1] sample #9 soil moisture = 10.0% (temp=25.8C, hum=57.0%, light=416.2)
software (3.12)	Ten cross-phase integration scenarios	2026-10-08T18:45:01.1738826Z 18:45:01 [B1] next sampling interval = 0.1s
software (3.12)	Ten cross-phase integration scenarios	2026-10-08T18:45:01.1745684Z 18:45:01 [B2] sample #9 soil moisture = 49.8% (temp=35.5C, hum=72.3%, light=651.9)
software (3.12)	Ten cross-phase integration scenarios	2026-10-08T18:45:01.1747031Z 18:45:01 [B2] next sampling interval = 0.1s
software (3.12)	Ten cross-phase integration scenarios	2026-10-08T18:45:01.2733865Z 18:45:01 [A1] heartbeat -> A2
software (3.12)	Ten cross-phase integration scenarios	2026-10-08T18:45:01.2741381Z 18:45:01 [A2] heartbeat -> A1
software (3.12)	Ten cross-phase integration scenarios	2026-10-08T18:45:01.2861458Z 18:45:01 [B1] sample #10 soil moisture = 10.1% (temp=26.2C, hum=58.0%, light=434.8)
software (3.12)	Ten cross-phase integration scenarios	2026-10-08T18:45:01.2867721Z 18:45:01 [B1] next sampling interval = 0.1s
software (3.12)	Ten cross-phase integration scenarios	2026-10-08T18:45:01.2874704Z 18:45:01 [B2] sample #10 soil moisture = 49.9% (temp=35.6C, hum=75.7%, light=554.5)
software (3.12)	Ten cross-phase integration scenarios	2026-10-08T18:45:01.2876201Z 18:45:01 [B2] next sampling interval = 0.1s
software (3.12)	Ten cross-phase integration scenarios	2026-10-08T18:45:01.2876928Z 18:45:01 [A1] received SENSOR_DATA from B1
software (3.12)	Ten cross-phase integration scenarios	2026-10-08T18:45:01.2877517Z 18:45:01 [A1] edge decision = IRRIGATION (soil_moisture 10.1 < 25.0)
software (3.12)	Ten cross-phase integration scenarios	2026-10-08T18:45:01.2882371Z 18:45:01 [A1] awaiting server durable receipt, SENSOR_DATA queued locally (depth=1)
software (3.12)	Ten cross-phase integration scenarios	2026-10-08T18:45:01.2885103Z 18:45:01 [A1] command sent to C1 (IRRIGATION 10s, command_id=5ad26f04a7fe, generation=2)
software (3.12)	Ten cross-phase integration scenarios	2026-10-08T18:45:01.3343093Z 18:45:01 [A1] awaiting server durable receipt, CONTROL_COMMAND queued locally (depth=2)
software (3.12)	Ten cross-phase integration scenarios	2026-10-08T18:45:01.3344076Z 18:45:01 [C1] IRRIGATION command received (command_id=5ad26f04a7fe, duration=10s, generation=2)
software (3.12)	Ten cross-phase integration scenarios	2026-10-08T18:45:01.3346601Z 18:45:01 [C1] ACK sent (command_id=5ad26f04a7fe)
software (3.12)	Ten cross-phase integration scenarios	2026-10-08T18:45:01.3347804Z 18:45:01 [C1] safety check passed
software (3.12)	Ten cross-phase integration scenarios	2026-10-08T18:45:01.3351062Z 18:45:01 [SERVER] sensor data stored (B1 soil=10.1% temp=26.2C)
software (3.12)	Ten cross-phase integration scenarios	2026-10-08T18:45:01.3356494Z 18:45:01 [SERVER] SERVER_POLICY v1 pushed to A1, A2
software (3.12)	Ten cross-phase integration scenarios	2026-10-08T18:45:01.3357029Z 18:45:01 [A1] ACK received (message_id=5ad26f04a7fe)
software (3.12)	Ten cross-phase integration scenarios	2026-10-08T18:45:01.3359488Z 18:45:01 [A1] SERVER_POLICY v1 ignored (already at v1)
software (3.12)	Ten cross-phase integration scenarios	2026-10-08T18:45:01.3360660Z 18:45:01 [A2] SERVER_POLICY v1 ignored (already at v1)
software (3.12)	Ten cross-phase integration scenarios	2026-10-08T18:45:01.3376152Z 18:45:01 [A1] offline queue empty
software (3.12)	Ten cross-phase integration scenarios	2026-10-08T18:45:01.3751177Z 18:45:01 [A1] heartbeat -> A2
software (3.12)	Ten cross-phase integration scenarios	2026-10-08T18:45:01.3758884Z 18:45:01 [A2] heartbeat -> A1
software (3.12)	Ten cross-phase integration scenarios	2026-10-08T18:45:01.3856247Z 18:45:01 [C1] irrigation executed
software (3.12)	Ten cross-phase integration scenarios	2026-10-08T18:45:01.3860109Z 18:45:01 [C1] CONTROL_RESULT sent to A1
software (3.12)	Ten cross-phase integration scenarios	2026-10-08T18:45:01.3869576Z 18:45:01 [A1] awaiting server durable receipt, CONTROL_RESULT queued locally (depth=1)
software (3.12)	Ten cross-phase integration scenarios	2026-10-08T18:45:01.3874535Z 18:45:01 [B1] sample #11 soil moisture = 10.0% (temp=26.5C, hum=54.4%, light=384.2)
software (3.12)	Ten cross-phase integration scenarios	2026-10-08T18:45:01.3876641Z 18:45:01 [B1] next sampling interval = 0.1s
software (3.12)	Ten cross-phase integration scenarios	2026-10-08T18:45:01.3878196Z 18:45:01 [SERVER] control result stored (IRRIGATION -> EXECUTED)
software (3.12)	Ten cross-phase integration scenarios	2026-10-08T18:45:01.3882629Z 18:45:01 [B2] sample #11 soil moisture = 50.0% (temp=35.8C, hum=78.0%, light=514.0)
software (3.12)	Ten cross-phase integration scenarios	2026-10-08T18:45:01.3889142Z 18:45:01 [B2] next sampling interval = 0.1s
software (3.12)	Ten cross-phase integration scenarios	2026-10-08T18:45:01.3894243Z 18:45:01 [A2] received SENSOR_DATA from B2
software (3.12)	Ten cross-phase integration scenarios	2026-10-08T18:45:01.3894719Z 18:45:01 [A2] edge decision = VENTILATION (temperature 35.8 > 32.0)
software (3.12)	Ten cross-phase integration scenarios	2026-10-08T18:45:01.3895159Z 18:45:01 [A1] offline queue empty
software (3.12)	Ten cross-phase integration scenarios	2026-10-08T18:45:01.3899352Z 18:45:01 [A2] awaiting server durable receipt, SENSOR_DATA queued locally (depth=1)
software (3.12)	Ten cross-phase integration scenarios	2026-10-08T18:45:01.3901901Z 18:45:01 [A2] command sent to C2 (VENTILATION 5s, command_id=8269ff642ef4, generation=2)
software (3.12)	Ten cross-phase integration scenarios	2026-10-08T18:45:01.3909726Z 18:45:01 [A2] awaiting server durable receipt, CONTROL_COMMAND queued locally (depth=2)
software (3.12)	Ten cross-phase integration scenarios	2026-10-08T18:45:01.3910700Z 18:45:01 [C2] VENTILATION command received (command_id=8269ff642ef4, duration=5s, generation=2)
software (3.12)	Ten cross-phase integration scenarios	2026-10-08T18:45:01.3912772Z 18:45:01 [C2] ACK sent (command_id=8269ff642ef4)
software (3.12)	Ten cross-phase integration scenarios	2026-10-08T18:45:01.3913671Z 18:45:01 [C2] safety check passed
software (3.12)	Ten cross-phase integration scenarios	2026-10-08T18:45:01.3916565Z 18:45:01 [SERVER] sensor data stored (B2 soil=50.0% temp=35.8C)
software (3.12)	Ten cross-phase integration scenarios	2026-10-08T18:45:01.4436825Z 18:45:01 [A2] ACK received (message_id=8269ff642ef4)
software (3.12)	Ten cross-phase integration scenarios	2026-10-08T18:45:01.4437447Z 18:45:01 [C2] ventilation executed
software (3.12)	Ten cross-phase integration scenarios	2026-10-08T18:45:01.4440623Z 18:45:01 [C2] CONTROL_RESULT sent to A2
software (3.12)	Ten cross-phase integration scenarios	2026-10-08T18:45:01.4541385Z 18:45:01 [A2] awaiting server durable receipt, CONTROL_RESULT queued locally (depth=2)
software (3.12)	Ten cross-phase integration scenarios	2026-10-08T18:45:01.4554777Z 18:45:01 [SERVER] control result stored (VENTILATION -> EXECUTED)
software (3.12)	Ten cross-phase integration scenarios	2026-10-08T18:45:01.4562050Z 18:45:01 [A2] offline queue empty
software (3.12)	Ten cross-phase integration scenarios	2026-10-08T18:45:01.4756210Z 18:45:01 [A1] heartbeat -> A2
software (3.12)	Ten cross-phase integration scenarios	2026-10-08T18:45:01.4769379Z 18:45:01 [A2] heartbeat -> A1
software (3.12)	Ten cross-phase integration scenarios	2026-10-08T18:45:01.4885244Z 18:45:01 [B1] sample #12 soil moisture = 9.9% (temp=26.0C, hum=52.2%, light=331.0)
software (3.12)	Ten cross-phase integration scenarios	2026-10-08T18:45:01.4891776Z 18:45:01 [B1] next sampling interval = 0.1s
software (3.12)	Ten cross-phase integration scenarios	2026-10-08T18:45:01.4894003Z 18:45:01 [B2] sample #12 soil moisture = 49.9% (temp=35.8C, hum=79.6%, light=597.6)
software (3.12)	Ten cross-phase integration scenarios	2026-10-08T18:45:01.4895589Z 18:45:01 [B2] next sampling interval = 0.1s
software (3.12)	Ten cross-phase integration scenarios	2026-10-08T18:45:01.4896311Z 18:45:01 [A1] received SENSOR_DATA from B1
software (3.12)	Ten cross-phase integration scenarios	2026-10-08T18:45:01.4896748Z 18:45:01 [A1] edge decision = IRRIGATION (soil_moisture 9.9 < 25.0)
software (3.12)	Ten cross-phase integration scenarios	2026-10-08T18:45:01.4902186Z 18:45:01 [A1] awaiting server durable receipt, SENSOR_DATA queued locally (depth=1)
software (3.12)	Ten cross-phase integration scenarios	2026-10-08T18:45:01.4905335Z 18:45:01 [A1] command sent to C1 (IRRIGATION 10s, command_id=620469b655ec, generation=2)
software (3.12)	Ten cross-phase integration scenarios	2026-10-08T18:45:01.4913729Z 18:45:01 [A1] awaiting server durable receipt, CONTROL_COMMAND queued locally (depth=2)
software (3.12)	Ten cross-phase integration scenarios	2026-10-08T18:45:01.4914485Z 18:45:01 [C1] IRRIGATION command received (command_id=620469b655ec, duration=10s, generation=2)
software (3.12)	Ten cross-phase integration scenarios	2026-10-08T18:45:01.4916586Z 18:45:01 [C1] ACK sent (command_id=620469b655ec)
software (3.12)	Ten cross-phase integration scenarios	2026-10-08T18:45:01.4917869Z 18:45:01 [C1] safety check passed
software (3.12)	Ten cross-phase integration scenarios	2026-10-08T18:45:01.4920951Z 18:45:01 [SERVER] sensor data stored (B1 soil=9.9% temp=26.0C)
software (3.12)	Ten cross-phase integration scenarios	2026-10-08T18:45:01.4926457Z 18:45:01 [A1] ACK received (message_id=620469b655ec)
software (3.12)	Ten cross-phase integration scenarios	2026-10-08T18:45:01.4942302Z 18:45:01 [A1] offline queue empty
software (3.12)	Ten cross-phase integration scenarios	2026-10-08T18:45:01.5425430Z 18:45:01 [C1] irrigation executed
software (3.12)	Ten cross-phase integration scenarios	2026-10-08T18:45:01.5429754Z 18:45:01 [C1] CONTROL_RESULT sent to A1
software (3.12)	Ten cross-phase integration scenarios	2026-10-08T18:45:01.5435998Z 18:45:01 [A1] awaiting server durable receipt, CONTROL_RESULT queued locally (depth=1)
software (3.12)	Ten cross-phase integration scenarios	2026-10-08T18:45:01.5441524Z 18:45:01 [SERVER] control result stored (IRRIGATION -> EXECUTED)
software (3.12)	Ten cross-phase integration scenarios	2026-10-08T18:45:01.5448859Z 18:45:01 [A1] offline queue empty
software (3.12)	Ten cross-phase integration scenarios	2026-10-08T18:45:01.5763036Z 18:45:01 [A1] heartbeat -> A2
software (3.12)	Ten cross-phase integration scenarios	2026-10-08T18:45:01.5778050Z 18:45:01 [A2] heartbeat -> A1
software (3.12)	Ten cross-phase integration scenarios	2026-10-08T18:45:01.5894936Z 18:45:01 [B1] sample #13 soil moisture = 9.9% (temp=26.1C, hum=51.1%, light=261.2)
software (3.12)	Ten cross-phase integration scenarios	2026-10-08T18:45:01.5896388Z 18:45:01 [B1] next sampling interval = 0.1s
software (3.12)	Ten cross-phase integration scenarios	2026-10-08T18:45:01.5896936Z 18:45:01 [B2] sample #13 soil moisture = 49.9% (temp=36.1C, hum=76.0%, light=566.0)
software (3.12)	Ten cross-phase integration scenarios	2026-10-08T18:45:01.5899031Z 18:45:01 [B2] next sampling interval = 0.1s
software (3.12)	Ten cross-phase integration scenarios	2026-10-08T18:45:01.6776206Z 18:45:01 [A1] heartbeat -> A2
software (3.12)	Ten cross-phase integration scenarios	2026-10-08T18:45:01.6790517Z 18:45:01 [A2] heartbeat -> A1
software (3.12)	Ten cross-phase integration scenarios	2026-10-08T18:45:01.6906166Z 18:45:01 [B1] sample #14 soil moisture = 9.9% (temp=25.8C, hum=54.6%, light=287.4)
software (3.12)	Ten cross-phase integration scenarios	2026-10-08T18:45:01.6908025Z 18:45:01 [B1] next sampling interval = 0.1s
software (3.12)	Ten cross-phase integration scenarios	2026-10-08T18:45:01.6908558Z 18:45:01 [B2] sample #14 soil moisture = 50.1% (temp=35.8C, hum=76.9%, light=578.4)
software (3.12)	Ten cross-phase integration scenarios	2026-10-08T18:45:01.6909790Z 18:45:01 [B2] next sampling interval = 0.1s
software (3.12)	Ten cross-phase integration scenarios	2026-10-08T18:45:01.7796508Z 18:45:01 [A1] heartbeat -> A2
software (3.12)	Ten cross-phase integration scenarios	2026-10-08T18:45:01.7803134Z 18:45:01 [A2] heartbeat -> A1
software (3.12)	Ten cross-phase integration scenarios	2026-10-08T18:45:01.7927011Z 18:45:01 [B1] sample #15 soil moisture = 9.8% (temp=25.5C, hum=56.5%, light=258.5)
software (3.12)	Ten cross-phase integration scenarios	2026-10-08T18:45:01.7933685Z 18:45:01 [B1] next sampling interval = 0.1s
software (3.12)	Ten cross-phase integration scenarios	2026-10-08T18:45:01.7934209Z 18:45:01 [B2] sample #15 soil moisture = 50.1% (temp=35.3C, hum=76.8%, light=687.7)
software (3.12)	Ten cross-phase integration scenarios	2026-10-08T18:45:01.7935305Z 18:45:01 [B2] next sampling interval = 0.1s
software (3.12)	Ten cross-phase integration scenarios	2026-10-08T18:45:01.7937979Z 18:45:01 [A1] received SENSOR_DATA from B1
software (3.12)	Ten cross-phase integration scenarios	2026-10-08T18:45:01.7938445Z 18:45:01 [A1] edge decision = IRRIGATION (soil_moisture 9.8 < 25.0)
software (3.12)	Ten cross-phase integration scenarios	2026-10-08T18:45:01.7943690Z 18:45:01 [A1] awaiting server durable receipt, SENSOR_DATA queued locally (depth=1)
software (3.12)	Ten cross-phase integration scenarios	2026-10-08T18:45:01.7946694Z 18:45:01 [A1] command sent to C1 (IRRIGATION 10s, command_id=059d1d5b1e4d, generation=2)
software (3.12)	Ten cross-phase integration scenarios	2026-10-08T18:45:01.8163477Z 18:45:01 [A1] awaiting server durable receipt, CONTROL_COMMAND queued locally (depth=2)
software (3.12)	Ten cross-phase integration scenarios	2026-10-08T18:45:01.8164469Z 18:45:01 [C1] IRRIGATION command received (command_id=059d1d5b1e4d, duration=10s, generation=2)
software (3.12)	Ten cross-phase integration scenarios	2026-10-08T18:45:01.8166350Z 18:45:01 [C1] ACK sent (command_id=059d1d5b1e4d)
software (3.12)	Ten cross-phase integration scenarios	2026-10-08T18:45:01.8168210Z 18:45:01 [C1] safety check passed
software (3.12)	Ten cross-phase integration scenarios	2026-10-08T18:45:01.8171229Z 18:45:01 [SERVER] sensor data stored (B1 soil=9.8% temp=25.5C)
software (3.12)	Ten cross-phase integration scenarios	2026-10-08T18:45:01.8175795Z 18:45:01 [A1] ACK received (message_id=059d1d5b1e4d)
software (3.12)	Ten cross-phase integration scenarios	2026-10-08T18:45:01.8192053Z 18:45:01 [A1] offline queue empty
software (3.12)	Ten cross-phase integration scenarios	2026-10-08T18:45:01.8365394Z 18:45:01 [SERVER] SERVER_POLICY v1 pushed to A1, A2
software (3.12)	Ten cross-phase integration scenarios	2026-10-08T18:45:01.8367581Z 18:45:01 [A2] SERVER_POLICY v1 ignored (already at v1)
software (3.12)	Ten cross-phase integration scenarios	2026-10-08T18:45:01.8368645Z 18:45:01 [A1] SERVER_POLICY v1 ignored (already at v1)
software (3.12)	Ten cross-phase integration scenarios	2026-10-08T18:45:01.8673263Z 18:45:01 [C1] irrigation executed
software (3.12)	Ten cross-phase integration scenarios	2026-10-08T18:45:01.8677660Z 18:45:01 [C1] CONTROL_RESULT sent to A1
software (3.12)	Ten cross-phase integration scenarios	2026-10-08T18:45:01.8684355Z 18:45:01 [A1] awaiting server durable receipt, CONTROL_RESULT queued locally (depth=1)
software (3.12)	Ten cross-phase integration scenarios	2026-10-08T18:45:01.8690360Z 18:45:01 [SERVER] control result stored (IRRIGATION -> EXECUTED)
software (3.12)	Ten cross-phase integration scenarios	2026-10-08T18:45:01.8697952Z 18:45:01 [A1] offline queue empty
software (3.12)	Ten cross-phase integration scenarios	2026-10-08T18:45:01.8801788Z 18:45:01 [A1] heartbeat -> A2
software (3.12)	Ten cross-phase integration scenarios	2026-10-08T18:45:01.8818687Z 18:45:01 [A2] heartbeat -> A1
software (3.12)	Ten cross-phase integration scenarios	2026-10-08T18:45:01.8935692Z 18:45:01 [B1] sample #16 soil moisture = 9.8% (temp=26.0C, hum=57.6%, light=302.8)
software (3.12)	Ten cross-phase integration scenarios	2026-10-08T18:45:01.8937850Z 18:45:01 [B1] next sampling interval = 0.1s
software (3.12)	Ten cross-phase integration scenarios	2026-10-08T18:45:01.8938394Z 18:45:01 [B2] sample #16 soil moisture = 50.3% (temp=35.6C, hum=73.2%, light=712.1)
software (3.12)	Ten cross-phase integration scenarios	2026-10-08T18:45:01.8944581Z 18:45:01 [B2] next sampling interval = 0.1s
software (3.12)	Ten cross-phase integration scenarios	2026-10-08T18:45:01.8946282Z 18:45:01 [A2] received SENSOR_DATA from B2
software (3.12)	Ten cross-phase integration scenarios	2026-10-08T18:45:01.8946762Z 18:45:01 [A2] edge decision = VENTILATION (temperature 35.6 > 32.0)
software (3.12)	Ten cross-phase integration scenarios	2026-10-08T18:45:01.8951554Z 18:45:01 [A2] awaiting server durable receipt, SENSOR_DATA queued locally (depth=1)
software (3.12)	Ten cross-phase integration scenarios	2026-10-08T18:45:01.8954202Z 18:45:01 [A2] command sent to C2 (VENTILATION 5s, command_id=25e10027856b, generation=2)
software (3.12)	Ten cross-phase integration scenarios	2026-10-08T18:45:01.8962969Z 18:45:01 [A2] awaiting server durable receipt, CONTROL_COMMAND queued locally (depth=2)
software (3.12)	Ten cross-phase integration scenarios	2026-10-08T18:45:01.8963783Z 18:45:01 [C2] VENTILATION command received (command_id=25e10027856b, duration=5s, generation=2)
software (3.12)	Ten cross-phase integration scenarios	2026-10-08T18:45:01.8965549Z 18:45:01 [C2] ACK sent (command_id=25e10027856b)
software (3.12)	Ten cross-phase integration scenarios	2026-10-08T18:45:01.8967004Z 18:45:01 [C2] safety check passed
software (3.12)	Ten cross-phase integration scenarios	2026-10-08T18:45:01.8969875Z 18:45:01 [SERVER] sensor data stored (B2 soil=50.3% temp=35.6C)
software (3.12)	Ten cross-phase integration scenarios	2026-10-08T18:45:01.8974270Z 18:45:01 [A2] ACK received (message_id=25e10027856b)
software (3.12)	Ten cross-phase integration scenarios	2026-10-08T18:45:01.8990059Z 18:45:01 [A2] offline queue empty
software (3.12)	Ten cross-phase integration scenarios	2026-10-08T18:45:01.9473069Z 18:45:01 [C2] ventilation executed
software (3.12)	Ten cross-phase integration scenarios	2026-10-08T18:45:01.9477342Z 18:45:01 [C2] CONTROL_RESULT sent to A2
software (3.12)	Ten cross-phase integration scenarios	2026-10-08T18:45:01.9483542Z 18:45:01 [A2] awaiting server durable receipt, CONTROL_RESULT queued locally (depth=1)
software (3.12)	Ten cross-phase integration scenarios	2026-10-08T18:45:01.9489425Z 18:45:01 [SERVER] control result stored (VENTILATION -> EXECUTED)
software (3.12)	Ten cross-phase integration scenarios	2026-10-08T18:45:01.9497102Z 18:45:01 [A2] offline queue empty
software (3.12)	Ten cross-phase integration scenarios	2026-10-08T18:45:01.9810741Z 18:45:01 [A1] heartbeat -> A2
software (3.12)	Ten cross-phase integration scenarios	2026-10-08T18:45:01.9836135Z 18:45:01 [A2] heartbeat -> A1
software (3.12)	Ten cross-phase integration scenarios	2026-10-08T18:45:01.9953055Z 18:45:01 [B1] sample #17 soil moisture = 9.7% (temp=26.5C, hum=59.8%, light=190.5)
software (3.12)	Ten cross-phase integration scenarios	2026-10-08T18:45:01.9959894Z 18:45:01 [B1] next sampling interval = 0.1s
software (3.12)	Ten cross-phase integration scenarios	2026-10-08T18:45:01.9960419Z 18:45:01 [B2] sample #17 soil moisture = 50.2% (temp=35.1C, hum=70.2%, light=751.7)
software (3.12)	Ten cross-phase integration scenarios	2026-10-08T18:45:01.9961732Z 18:45:01 [B2] next sampling interval = 0.1s
software (3.12)	Ten cross-phase integration scenarios	2026-10-08T18:45:01.9964289Z 18:45:01 [A1] received SENSOR_DATA from B1
software (3.12)	Ten cross-phase integration scenarios	2026-10-08T18:45:01.9964713Z 18:45:01 [A1] edge decision = IRRIGATION (soil_moisture 9.7 < 25.0)
software (3.12)	Ten cross-phase integration scenarios	2026-10-08T18:45:01.9969971Z 18:45:01 [A1] awaiting server durable receipt, SENSOR_DATA queued locally (depth=1)
software (3.12)	Ten cross-phase integration scenarios	2026-10-08T18:45:01.9972755Z 18:45:01 [A1] command sent to C1 (IRRIGATION 10s, command_id=644940f9fa17, generation=2)
software (3.12)	Ten cross-phase integration scenarios	2026-10-08T18:45:01.9981374Z 18:45:01 [A1] awaiting server durable receipt, CONTROL_COMMAND queued locally (depth=2)
software (3.12)	Ten cross-phase integration scenarios	2026-10-08T18:45:01.9982099Z 18:45:01 [C1] IRRIGATION command received (command_id=644940f9fa17, duration=10s, generation=2)
software (3.12)	Ten cross-phase integration scenarios	2026-10-08T18:45:01.9983956Z 18:45:01 [C1] ACK sent (command_id=644940f9fa17)
software (3.12)	Ten cross-phase integration scenarios	2026-10-08T18:45:01.9985730Z 18:45:01 [C1] safety check passed
software (3.12)	Ten cross-phase integration scenarios	2026-10-08T18:45:01.9988739Z 18:45:01 [SERVER] sensor data stored (B1 soil=9.7% temp=26.5C)
software (3.12)	Ten cross-phase integration scenarios	2026-10-08T18:45:01.9993531Z 18:45:01 [A1] ACK received (message_id=644940f9fa17)
software (3.12)	Ten cross-phase integration scenarios	2026-10-08T18:45:02.0015827Z 18:45:01 [A1] offline queue empty
software (3.12)	Ten cross-phase integration scenarios	2026-10-08T18:45:02.0488598Z 18:45:02 [C1] irrigation executed
software (3.12)	Ten cross-phase integration scenarios	2026-10-08T18:45:02.0494688Z 18:45:02 [C1] CONTROL_RESULT sent to A1
software (3.12)	Ten cross-phase integration scenarios	2026-10-08T18:45:02.0501750Z 18:45:02 [A1] awaiting server durable receipt, CONTROL_RESULT queued locally (depth=1)
software (3.12)	Ten cross-phase integration scenarios	2026-10-08T18:45:02.0508336Z 18:45:02 [SERVER] control result stored (IRRIGATION -> EXECUTED)
software (3.12)	Ten cross-phase integration scenarios	2026-10-08T18:45:02.0516565Z 18:45:02 [A1] offline queue empty
software (3.12)	Ten cross-phase integration scenarios	2026-10-08T18:45:02.0822126Z 18:45:02 [A1] heartbeat -> A2
software (3.12)	Ten cross-phase integration scenarios	2026-10-08T18:45:02.0846016Z 18:45:02 [A2] heartbeat -> A1
software (3.12)	Ten cross-phase integration scenarios	2026-10-08T18:45:02.0962616Z 18:45:02 [B1] sample #18 soil moisture = 9.6% (temp=26.2C, hum=57.9%, light=296.8)
software (3.12)	Ten cross-phase integration scenarios	2026-10-08T18:45:02.0964412Z 18:45:02 [B1] next sampling interval = 0.1s
software (3.12)	Ten cross-phase integration scenarios	2026-10-08T18:45:02.0965230Z 18:45:02 [B2] sample #18 soil moisture = 50.0% (temp=34.6C, hum=72.6%, light=760.1)
software (3.12)	Ten cross-phase integration scenarios	2026-10-08T18:45:02.0971177Z 18:45:02 [B2] next sampling interval = 0.1s
software (3.12)	Ten cross-phase integration scenarios	2026-10-08T18:45:02.0972984Z 18:45:02 [A2] received SENSOR_DATA from B2
software (3.12)	Ten cross-phase integration scenarios	2026-10-08T18:45:02.0973501Z 18:45:02 [A2] edge decision = VENTILATION (temperature 34.6 > 32.0)
software (3.12)	Ten cross-phase integration scenarios	2026-10-08T18:45:02.0978406Z 18:45:02 [A2] awaiting server durable receipt, SENSOR_DATA queued locally (depth=1)
software (3.12)	Ten cross-phase integration scenarios	2026-10-08T18:45:02.0981092Z 18:45:02 [A2] command sent to C2 (VENTILATION 5s, command_id=86a05c01557a, generation=2)
software (3.12)	Ten cross-phase integration scenarios	2026-10-08T18:45:02.0989997Z 18:45:02 [A2] awaiting server durable receipt, CONTROL_COMMAND queued locally (depth=2)
software (3.12)	Ten cross-phase integration scenarios	2026-10-08T18:45:02.0990780Z 18:45:02 [C2] VENTILATION command received (command_id=86a05c01557a, duration=5s, generation=2)
software (3.12)	Ten cross-phase integration scenarios	2026-10-08T18:45:02.0992637Z 18:45:02 [C2] ACK sent (command_id=86a05c01557a)
software (3.12)	Ten cross-phase integration scenarios	2026-10-08T18:45:02.0994301Z 18:45:02 [C2] safety check passed
software (3.12)	Ten cross-phase integration scenarios	2026-10-08T18:45:02.0997368Z 18:45:02 [SERVER] sensor data stored (B2 soil=50.0% temp=34.6C)
software (3.12)	Ten cross-phase integration scenarios	2026-10-08T18:45:02.1001843Z 18:45:02 [A2] ACK received (message_id=86a05c01557a)
software (3.12)	Ten cross-phase integration scenarios	2026-10-08T18:45:02.1018780Z 18:45:02 [A2] offline queue empty
software (3.12)	Ten cross-phase integration scenarios	2026-10-08T18:45:02.1501692Z 18:45:02 [C2] ventilation executed
software (3.12)	Ten cross-phase integration scenarios	2026-10-08T18:45:02.1505836Z 18:45:02 [C2] CONTROL_RESULT sent to A2
software (3.12)	Ten cross-phase integration scenarios	2026-10-08T18:45:02.1512308Z 18:45:02 [A2] awaiting server durable receipt, CONTROL_RESULT queued locally (depth=1)
software (3.12)	Ten cross-phase integration scenarios	2026-10-08T18:45:02.1518862Z 18:45:02 [SERVER] control result stored (VENTILATION -> EXECUTED)
software (3.12)	Ten cross-phase integration scenarios	2026-10-08T18:45:02.1526312Z 18:45:02 [A2] offline queue empty
software (3.12)	Ten cross-phase integration scenarios	2026-10-08T18:45:02.1830157Z 18:45:02 [A1] heartbeat -> A2
software (3.12)	Ten cross-phase integration scenarios	2026-10-08T18:45:02.1853335Z 18:45:02 [A2] heartbeat -> A1
software (3.12)	Ten cross-phase integration scenarios	2026-10-08T18:45:02.1970481Z 18:45:02 [B1] sample #19 soil moisture = 9.7% (temp=26.7C, hum=56.5%, light=271.8)
software (3.12)	Ten cross-phase integration scenarios	2026-10-08T18:45:02.1972188Z 18:45:02 [B1] next sampling interval = 0.1s
software (3.12)	Ten cross-phase integration scenarios	2026-10-08T18:45:02.1972745Z 18:45:02 [B2] sample #19 soil moisture = 49.9% (temp=34.6C, hum=68.9%, light=857.0)
software (3.12)	Ten cross-phase integration scenarios	2026-10-08T18:45:02.1974497Z 18:45:02 [B2] next sampling interval = 0.1s
software (3.12)	Ten cross-phase integration scenarios	2026-10-08T18:45:02.2841459Z 18:45:02 [A1] heartbeat -> A2
software (3.12)	Ten cross-phase integration scenarios	2026-10-08T18:45:02.2866877Z 18:45:02 [A2] heartbeat -> A1
software (3.12)	Ten cross-phase integration scenarios	2026-10-08T18:45:02.2982851Z 18:45:02 [B1] sample #20 soil moisture = 9.6% (temp=27.2C, hum=56.1%, light=210.9)
software (3.12)	Ten cross-phase integration scenarios	2026-10-08T18:45:02.2984511Z 18:45:02 [B1] next sampling interval = 0.1s
software (3.12)	Ten cross-phase integration scenarios	2026-10-08T18:45:02.2985063Z 18:45:02 [B2] sample #20 soil moisture = 50.0% (temp=35.1C, hum=65.9%, light=974.4)
software (3.12)	Ten cross-phase integration scenarios	2026-10-08T18:45:02.2991257Z 18:45:02 [B2] next sampling interval = 0.1s
software (3.12)	Ten cross-phase integration scenarios	2026-10-08T18:45:02.2993716Z 18:45:02 [A2] received SENSOR_DATA from B2
software (3.12)	Ten cross-phase integration scenarios	2026-10-08T18:45:02.2994233Z 18:45:02 [A2] edge decision = VENTILATION (temperature 35.1 > 32.0)
software (3.12)	Ten cross-phase integration scenarios	2026-10-08T18:45:02.3001440Z 18:45:02 [A2] awaiting server durable receipt, SENSOR_DATA queued locally (depth=1)
software (3.12)	Ten cross-phase integration scenarios	2026-10-08T18:45:02.3004128Z 18:45:02 [A2] command sent to C2 (VENTILATION 5s, command_id=ad48cf7601d6, generation=2)
software (3.12)	Ten cross-phase integration scenarios	2026-10-08T18:45:02.3012883Z 18:45:02 [A2] awaiting server durable receipt, CONTROL_COMMAND queued locally (depth=2)
software (3.12)	Ten cross-phase integration scenarios	2026-10-08T18:45:02.3018149Z 18:45:02 [C2] VENTILATION command received (command_id=ad48cf7601d6, duration=5s, generation=2)
software (3.12)	Ten cross-phase integration scenarios	2026-10-08T18:45:02.3018718Z 18:45:02 [C2] ACK sent (command_id=ad48cf7601d6)
software (3.12)	Ten cross-phase integration scenarios	2026-10-08T18:45:02.3019048Z 18:45:02 [C2] safety check passed
software (3.12)	Ten cross-phase integration scenarios	2026-10-08T18:45:02.3019431Z 18:45:02 [SERVER] sensor data stored (B2 soil=50.0% temp=35.1C)
software (3.12)	Ten cross-phase integration scenarios	2026-10-08T18:45:02.3025620Z 18:45:02 [A2] ACK received (message_id=ad48cf7601d6)
software (3.12)	Ten cross-phase integration scenarios	2026-10-08T18:45:02.3041767Z 18:45:02 [A2] offline queue empty
software (3.12)	Ten cross-phase integration scenarios	2026-10-08T18:45:02.3375954Z 18:45:02 [SERVER] SERVER_POLICY v1 pushed to A1, A2
software (3.12)	Ten cross-phase integration scenarios	2026-10-08T18:45:02.3377597Z 18:45:02 [A2] SERVER_POLICY v1 ignored (already at v1)
software (3.12)	Ten cross-phase integration scenarios	2026-10-08T18:45:02.3378752Z 18:45:02 [A1] SERVER_POLICY v1 ignored (already at v1)
software (3.12)	Ten cross-phase integration scenarios	2026-10-08T18:45:02.3522005Z 18:45:02 [C2] ventilation executed
software (3.12)	Ten cross-phase integration scenarios	2026-10-08T18:45:02.3525863Z 18:45:02 [C2] CONTROL_RESULT sent to A2
software (3.12)	Ten cross-phase integration scenarios	2026-10-08T18:45:02.3531818Z 18:45:02 [A2] awaiting server durable receipt, CONTROL_RESULT queued locally (depth=1)
software (3.12)	Ten cross-phase integration scenarios	2026-10-08T18:45:02.3537590Z 18:45:02 [SERVER] control result stored (VENTILATION -> EXECUTED)
software (3.12)	Ten cross-phase integration scenarios	2026-10-08T18:45:02.3544967Z 18:45:02 [A2] offline queue empty
software (3.12)	Ten cross-phase integration scenarios	2026-10-08T18:45:02.3848732Z 18:45:02 [A1] heartbeat -> A2
software (3.12)	Ten cross-phase integration scenarios	2026-10-08T18:45:02.3881676Z 18:45:02 [A2] heartbeat -> A1
software (3.12)	Ten cross-phase integration scenarios	2026-10-08T18:45:02.3996752Z 18:45:02 [B1] sample #21 soil moisture = 9.7% (temp=27.3C, hum=54.2%, light=306.4)
software (3.12)	Ten cross-phase integration scenarios	2026-10-08T18:45:02.4003083Z 18:45:02 [B1] next sampling interval = 0.1s
software (3.12)	Ten cross-phase integration scenarios	2026-10-08T18:45:02.4003559Z 18:45:02 [B2] sample #21 soil moisture = 49.9% (temp=35.6C, hum=69.0%, light=1026.5)
software (3.12)	Ten cross-phase integration scenarios	2026-10-08T18:45:02.4004868Z 18:45:02 [B2] next sampling interval = 0.1s
software (3.12)	Ten cross-phase integration scenarios	2026-10-08T18:45:02.4007005Z 18:45:02 [A1] received SENSOR_DATA from B1
software (3.12)	Ten cross-phase integration scenarios	2026-10-08T18:45:02.4007665Z 18:45:02 [A1] edge decision = IRRIGATION (soil_moisture 9.7 < 25.0)
software (3.12)	Ten cross-phase integration scenarios	2026-10-08T18:45:02.4012473Z 18:45:02 [A1] awaiting server durable receipt, SENSOR_DATA queued locally (depth=1)
software (3.12)	Ten cross-phase integration scenarios	2026-10-08T18:45:02.4015020Z 18:45:02 [A1] command sent to C1 (IRRIGATION 10s, command_id=0445a958a15f, generation=2)
software (3.12)	Ten cross-phase integration scenarios	2026-10-08T18:45:02.4022741Z 18:45:02 [A1] awaiting server durable receipt, CONTROL_COMMAND queued locally (depth=2)
software (3.12)	Ten cross-phase integration scenarios	2026-10-08T18:45:02.4023458Z 18:45:02 [C1] IRRIGATION command received (command_id=0445a958a15f, duration=10s, generation=2)
software (3.12)	Ten cross-phase integration scenarios	2026-10-08T18:45:02.4025169Z 18:45:02 [C1] ACK sent (command_id=0445a958a15f)
software (3.12)	Ten cross-phase integration scenarios	2026-10-08T18:45:02.4026562Z 18:45:02 [C1] safety check passed
software (3.12)	Ten cross-phase integration scenarios	2026-10-08T18:45:02.4029232Z 18:45:02 [SERVER] sensor data stored (B1 soil=9.7% temp=27.3C)
software (3.12)	Ten cross-phase integration scenarios	2026-10-08T18:45:02.4033287Z 18:45:02 [A1] ACK received (message_id=0445a958a15f)
software (3.12)	Ten cross-phase integration scenarios	2026-10-08T18:45:02.4048441Z 18:45:02 [A1] offline queue empty
software (3.12)	Ten cross-phase integration scenarios	2026-10-08T18:45:02.4531251Z 18:45:02 [C1] irrigation executed
software (3.12)	Ten cross-phase integration scenarios	2026-10-08T18:45:02.4535006Z 18:45:02 [C1] CONTROL_RESULT sent to A1
software (3.12)	Ten cross-phase integration scenarios	2026-10-08T18:45:02.4541165Z 18:45:02 [A1] awaiting server durable receipt, CONTROL_RESULT queued locally (depth=1)
software (3.12)	Ten cross-phase integration scenarios	2026-10-08T18:45:02.4546562Z 18:45:02 [SERVER] control result stored (IRRIGATION -> EXECUTED)
software (3.12)	Ten cross-phase integration scenarios	2026-10-08T18:45:02.4553922Z 18:45:02 [A1] offline queue empty
software (3.12)	Ten cross-phase integration scenarios	2026-10-08T18:45:02.4858822Z 18:45:02 [A1] heartbeat -> A2
software (3.12)	Ten cross-phase integration scenarios	2026-10-08T18:45:02.4892289Z 18:45:02 [A2] heartbeat -> A1
software (3.12)	Ten cross-phase integration scenarios	2026-10-08T18:45:02.5008970Z 18:45:02 [B1] sample #22 soil moisture = 9.8% (temp=27.1C, hum=52.0%, light=308.7)
software (3.12)	Ten cross-phase integration scenarios	2026-10-08T18:45:02.5010901Z 18:45:02 [B1] next sampling interval = 0.1s
software (3.12)	Ten cross-phase integration scenarios	2026-10-08T18:45:02.5011392Z 18:45:02 [B2] sample #22 soil moisture = 50.0% (temp=35.6C, hum=72.5%, light=1109.0)
software (3.12)	Ten cross-phase integration scenarios	2026-10-08T18:45:02.5017149Z 18:45:02 [B2] next sampling interval = 0.1s
software (3.12)	Ten cross-phase integration scenarios	2026-10-08T18:45:02.5019160Z 18:45:02 [A2] received SENSOR_DATA from B2
software (3.12)	Ten cross-phase integration scenarios	2026-10-08T18:45:02.5019603Z 18:45:02 [A2] edge decision = VENTILATION (temperature 35.6 > 32.0)
software (3.12)	Ten cross-phase integration scenarios	2026-10-08T18:45:02.5025105Z 18:45:02 [A2] awaiting server durable receipt, SENSOR_DATA queued locally (depth=1)
software (3.12)	Ten cross-phase integration scenarios	2026-10-08T18:45:02.5027820Z 18:45:02 [A2] command sent to C2 (VENTILATION 5s, command_id=95d446911baf, generation=2)
software (3.12)	Ten cross-phase integration scenarios	2026-10-08T18:45:02.5036720Z 18:45:02 [A2] awaiting server durable receipt, CONTROL_COMMAND queued locally (depth=2)
software (3.12)	Ten cross-phase integration scenarios	2026-10-08T18:45:02.5043409Z 18:45:02 [C2] VENTILATION command received (command_id=95d446911baf, duration=5s, generation=2)
software (3.12)	Ten cross-phase integration scenarios	2026-10-08T18:45:02.5043969Z 18:45:02 [C2] ACK sent (command_id=95d446911baf)
software (3.12)	Ten cross-phase integration scenarios	2026-10-08T18:45:02.5044330Z 18:45:02 [C2] safety check passed
software (3.12)	Ten cross-phase integration scenarios	2026-10-08T18:45:02.5044637Z 18:45:02 [SERVER] sensor data stored (B2 soil=50.0% temp=35.6C)
software (3.12)	Ten cross-phase integration scenarios	2026-10-08T18:45:02.5047481Z 18:45:02 [A2] ACK received (message_id=95d446911baf)
software (3.12)	Ten cross-phase integration scenarios	2026-10-08T18:45:02.5070440Z 18:45:02 [A2] offline queue empty
software (3.12)	Ten cross-phase integration scenarios	2026-10-08T18:45:02.5543407Z 18:45:02 [C2] ventilation executed
software (3.12)	Ten cross-phase integration scenarios	2026-10-08T18:45:02.5547347Z 18:45:02 [C2] CONTROL_RESULT sent to A2
software (3.12)	Ten cross-phase integration scenarios	2026-10-08T18:45:02.5553375Z 18:45:02 [A2] awaiting server durable receipt, CONTROL_RESULT queued locally (depth=1)
software (3.12)	Ten cross-phase integration scenarios	2026-10-08T18:45:02.5560766Z 18:45:02 [SERVER] control result stored (VENTILATION -> EXECUTED)
software (3.12)	Ten cross-phase integration scenarios	2026-10-08T18:45:02.5568237Z 18:45:02 [A2] offline queue empty
software (3.12)	Ten cross-phase integration scenarios	2026-10-08T18:45:02.5871696Z 18:45:02 [A1] heartbeat -> A2
software (3.12)	Ten cross-phase integration scenarios	2026-10-08T18:45:02.6120193Z 18:45:02 [A2] heartbeat -> A1
software (3.12)	Ten cross-phase integration scenarios	2026-10-08T18:45:02.6123807Z 18:45:02 [B1] sample #23 soil moisture = 9.7% (temp=26.6C, hum=48.4%, light=339.3)
software (3.12)	Ten cross-phase integration scenarios	2026-10-08T18:45:02.6130192Z 18:45:02 [B1] next sampling interval = 0.1s
software (3.12)	Ten cross-phase integration scenarios	2026-10-08T18:45:02.6130701Z 18:45:02 [B2] sample #23 soil moisture = 50.0% (temp=36.1C, hum=71.6%, light=1011.3)
software (3.12)	Ten cross-phase integration scenarios	2026-10-08T18:45:02.6132134Z 18:45:02 [B2] next sampling interval = 0.1s
software (3.12)	Ten cross-phase integration scenarios	2026-10-08T18:45:02.6138799Z 18:45:02 [A1] received SENSOR_DATA from B1
software (3.12)	Ten cross-phase integration scenarios	2026-10-08T18:45:02.6139247Z 18:45:02 [A1] edge decision = IRRIGATION (soil_moisture 9.7 < 25.0)
software (3.12)	Ten cross-phase integration scenarios	2026-10-08T18:45:02.6217977Z 18:45:02 [A1] awaiting server durable receipt, SENSOR_DATA queued locally (depth=1)
software (3.12)	Ten cross-phase integration scenarios	2026-10-08T18:45:02.6220547Z 18:45:02 [A1] command sent to C1 (IRRIGATION 10s, command_id=3db0f5a984cb, generation=2)
software (3.12)	Ten cross-phase integration scenarios	2026-10-08T18:45:02.6228144Z 18:45:02 [A1] awaiting server durable receipt, CONTROL_COMMAND queued locally (depth=2)
software (3.12)	Ten cross-phase integration scenarios	2026-10-08T18:45:02.6228856Z 18:45:02 [C1] IRRIGATION command received (command_id=3db0f5a984cb, duration=10s, generation=2)
software (3.12)	Ten cross-phase integration scenarios	2026-10-08T18:45:02.6230553Z 18:45:02 [C1] ACK sent (command_id=3db0f5a984cb)
software (3.12)	Ten cross-phase integration scenarios	2026-10-08T18:45:02.6232036Z 18:45:02 [C1] safety check passed
software (3.12)	Ten cross-phase integration scenarios	2026-10-08T18:45:02.6234424Z 18:45:02 [SERVER] sensor data stored (B1 soil=9.7% temp=26.6C)
software (3.12)	Ten cross-phase integration scenarios	2026-10-08T18:45:02.6238683Z 18:45:02 [A1] ACK received (message_id=3db0f5a984cb)
software (3.12)	Ten cross-phase integration scenarios	2026-10-08T18:45:02.6253310Z 18:45:02 [A1] offline queue empty
software (3.12)	Ten cross-phase integration scenarios	2026-10-08T18:45:02.6736687Z 18:45:02 [C1] irrigation executed
software (3.12)	Ten cross-phase integration scenarios	2026-10-08T18:45:02.6741162Z 18:45:02 [C1] CONTROL_RESULT sent to A1
software (3.12)	Ten cross-phase integration scenarios	2026-10-08T18:45:02.6747349Z 18:45:02 [A1] awaiting server durable receipt, CONTROL_RESULT queued locally (depth=1)
software (3.12)	Ten cross-phase integration scenarios	2026-10-08T18:45:02.6905014Z 18:45:02 [SERVER] control result stored (IRRIGATION -> EXECUTED)
software (3.12)	Ten cross-phase integration scenarios	2026-10-08T18:45:02.7006699Z 18:45:02 [A1] heartbeat -> A2
software (3.12)	Ten cross-phase integration scenarios	2026-10-08T18:45:02.7016125Z 18:45:02 [A1] offline queue empty
software (3.12)	Ten cross-phase integration scenarios	2026-10-08T18:45:02.7133957Z 18:45:02 [A2] heartbeat -> A1
software (3.12)	Ten cross-phase integration scenarios	2026-10-08T18:45:02.7143304Z 18:45:02 [B1] sample #24 soil moisture = 9.6% (temp=27.0C, hum=47.7%, light=310.9)
software (3.12)	Ten cross-phase integration scenarios	2026-10-08T18:45:02.7145715Z 18:45:02 [B1] next sampling interval = 0.1s
software (3.12)	Ten cross-phase integration scenarios	2026-10-08T18:45:02.7146092Z 18:45:02 [B2] sample #24 soil moisture = 50.0% (temp=35.7C, hum=75.1%, light=1055.7)
software (3.12)	Ten cross-phase integration scenarios	2026-10-08T18:45:02.7148290Z 18:45:02 [B2] next sampling interval = 0.1s
software (3.12)	Ten cross-phase integration scenarios	2026-10-08T18:45:02.8019797Z 18:45:02 [A1] heartbeat -> A2
software (3.12)	Ten cross-phase integration scenarios	2026-10-08T18:45:02.8145230Z 18:45:02 [A2] heartbeat -> A1
software (3.12)	Ten cross-phase integration scenarios	2026-10-08T18:45:02.8155752Z 18:45:02 [B1] sample #25 soil moisture = 9.7% (temp=27.6C, hum=48.0%, light=397.5)
software (3.12)	Ten cross-phase integration scenarios	2026-10-08T18:45:02.8162478Z 18:45:02 [B1] next sampling interval = 0.1s
software (3.12)	Ten cross-phase integration scenarios	2026-10-08T18:45:02.8162915Z 18:45:02 [B2] sample #25 soil moisture = 50.0% (temp=35.8C, hum=73.2%, light=1154.7)
software (3.12)	Ten cross-phase integration scenarios	2026-10-08T18:45:02.8165057Z 18:45:02 [B2] next sampling interval = 0.1s
software (3.12)	Ten cross-phase integration scenarios	2026-10-08T18:45:02.8172662Z 18:45:02 [A1] received SENSOR_DATA from B1
software (3.12)	Ten cross-phase integration scenarios	2026-10-08T18:45:02.8173365Z 18:45:02 [A1] edge decision = IRRIGATION (soil_moisture 9.7 < 25.0)
software (3.12)	Ten cross-phase integration scenarios	2026-10-08T18:45:02.8177530Z 18:45:02 [A1] awaiting server durable receipt, SENSOR_DATA queued locally (depth=1)
software (3.12)	Ten cross-phase integration scenarios	2026-10-08T18:45:02.8180563Z 18:45:02 [A1] command sent to C1 (IRRIGATION 10s, command_id=93b57bc05a95, generation=2)
software (3.12)	Ten cross-phase integration scenarios	2026-10-08T18:45:03.1260059Z 18:45:03 [A1] awaiting server durable receipt, CONTROL_COMMAND queued locally (depth=2)
software (3.12)	Ten cross-phase integration scenarios	2026-10-08T18:45:03.1260647Z 18:45:03 [C1] IRRIGATION command received (command_id=93b57bc05a95, duration=10s, generation=2)
software (3.12)	Ten cross-phase integration scenarios	2026-10-08T18:45:03.1262660Z 18:45:03 [C1] ACK sent (command_id=93b57bc05a95)
software (3.12)	Ten cross-phase integration scenarios	2026-10-08T18:45:03.1264857Z 18:45:03 [C1] safety check passed
software (3.12)	Ten cross-phase integration scenarios	2026-10-08T18:45:03.1268252Z 18:45:03 [SERVER] sensor data stored (B1 soil=9.7% temp=27.6C)
software (3.12)	Ten cross-phase integration scenarios	2026-10-08T18:45:03.1272982Z 18:45:03 [SERVER] SERVER_POLICY v1 pushed to A1, A2
software (3.12)	Ten cross-phase integration scenarios	2026-10-08T18:45:03.1273474Z 18:45:03 [A1] ACK timeout for command_id=93b57bc05a95, retry 1/3
software (3.12)	Ten cross-phase integration scenarios	2026-10-08T18:45:03.1274297Z 18:45:03 [A1] heartbeat -> A2
software (3.12)	Ten cross-phase integration scenarios	2026-10-08T18:45:03.1281452Z 18:45:03 [A2] heartbeat -> A1
software (3.12)	Ten cross-phase integration scenarios	2026-10-08T18:45:03.1285810Z 18:45:03 [B1] sample #26 soil moisture = 9.7% (temp=27.0C, hum=49.7%, light=406.3)
software (3.12)	Ten cross-phase integration scenarios	2026-10-08T18:45:03.1288811Z 18:45:03 [B1] next sampling interval = 0.1s
software (3.12)	Ten cross-phase integration scenarios	2026-10-08T18:45:03.1289335Z 18:45:03 [B2] sample #26 soil moisture = 49.9% (temp=35.6C, hum=71.9%, light=1077.4)
software (3.12)	Ten cross-phase integration scenarios	2026-10-08T18:45:03.1291856Z 18:45:03 [B2] next sampling interval = 0.1s
software (3.12)	Ten cross-phase integration scenarios	2026-10-08T18:45:03.1304394Z 18:45:03 [A1] command sent to C1 (IRRIGATION 10s, command_id=93b57bc05a95, generation=2)
software (3.12)	Ten cross-phase integration scenarios	2026-10-08T18:45:03.1305597Z 18:45:03 [A1] awaiting server durable receipt, CONTROL_COMMAND queued locally (depth=2)
software (3.12)	Ten cross-phase integration scenarios	2026-10-08T18:45:03.1307639Z 18:45:03 [A1] ACK received (message_id=93b57bc05a95)
software (3.12)	Ten cross-phase integration scenarios	2026-10-08T18:45:03.1310340Z 18:45:03 [A1] SERVER_POLICY v1 ignored (already at v1)
software (3.12)	Ten cross-phase integration scenarios	2026-10-08T18:45:03.1311292Z 18:45:03 [A2] SERVER_POLICY v1 ignored (already at v1)
software (3.12)	Ten cross-phase integration scenarios	2026-10-08T18:45:03.1333351Z 18:45:03 [A1] C1 disconnected
software (3.12)	Ten cross-phase integration scenarios	2026-10-08T18:45:03.1333716Z 18:45:03 [A2] C2 disconnected
software (3.12)	Ten cross-phase integration scenarios	2026-10-08T18:45:03.1334032Z 18:45:03 [A1] B1 disconnected
software (3.12)	Ten cross-phase integration scenarios	2026-10-08T18:45:03.1334333Z 18:45:03 [A2] B2 disconnected
software (3.12)	Ten cross-phase integration scenarios	2026-10-08T18:45:03.1341948Z 18:45:03 [SERVER] gateway A1 disconnected
software (3.12)	Ten cross-phase integration scenarios	2026-10-08T18:45:03.1370464Z 18:45:03 [SERVER] gateway A2 disconnected
software (3.12)	Ten cross-phase integration scenarios	2026-10-08T18:45:03.1873280Z asymmetric-partition FAIL
software (3.12)	Ten cross-phase integration scenarios	2026-10-08T18:45:03.2167831Z ##[error]Process completed with exit code 1.
